			AHCY	AKR1C1	ALUsq(Eurogentec)	ARHGEF7	BIRC5	CAMTA1	CAMTA2	CD44	CDCA5	CDH5	CDKN3	CLSTN1	CPSG3	DDC	DPYSL3	ECEL1	ELAVL4	EPB41L3	EPHA5	EPN2	FYN	GNB1	HIVEP2	HMBS	HPRT1	IGSF4	INPP1	MAP2K4	MAP7	MAPT	MCM2	MRPL3	MTSS1	MYCN(4)	NHLH2	NM23A	NRCAM	NTRK1	ODC1	PAICS	PDE4DIP	PIK3R1	PLAGL1	PLAT	PMP22	PRAME	PRDM2	PRKACB	PRKCZ	PTN	PTPRF	PTPRH	PTPRN2	QPCT	SCG2	SDHA(1)	SLC25A5	SLC6A8	SNAPC1	TNFRSF	TYMS	UBC(2)	ULK2	WSB1
		15	2.060e-09	4.701e-09	3.184e-08	1.954e-09	1.641e-09	5.925e-10	1.876e-09	1.595e-09	7.700e-10	2.137e-09	6.125e-10	4.536e-09	1.437e-09	2.805e-09	6.397e-09	1.852e-09	1.704e-09	1.681e-09	1.492e-09	1.589e-09	2.804e-09	9.286e-10	1.381e-09	2.754e-09	1.212e-09	3.444e-09	2.605e-09	9.213e-10	3.828e-09	1.711e-09	2.634e-09	2.773e-09	9.348e-10	2.502e-09	1.312e-09	1.008e-08	1.142e-09	2.322e-09	1.128e-09	3.053e-09	4.760e-09	2.897e-09	2.883e-09	2.042e-09	7.171e-10	6.316e-09	2.179e-09	6.450e-09	1.437e-09	2.193e-09	1.394e-09	1.085e-09	6.970e-10	7.925e-10	2.052e-09	2.920e-09	1.964e-09	1.823e-09	1.201e-09	2.397e-09	1.313e-09	2.607e-09	4.284e-09	1.621e-09
		15	1.853e-09	2.587e-09	5.303e-08	1.962e-09	3.770e-09	1.055e-09	1.823e-09	4.250e-10	1.570e-09	1.255e-09	6.659e-10	3.221e-09	1.717e-09	1.996e-09	6.632e-09	1.801e-09	1.453e-09	1.262e-09	2.141e-09	7.832e-10	5.097e-09	1.396e-09	1.741e-09	1.970e-09	1.489e-09	1.942e-09	1.132e-09	2.386e-09	2.960e-09	6.499e-10	1.618e-09	2.245e-09	1.319e-09	2.578e-09	1.311e-09	3.553e-09	1.301e-09	9.829e-10	1.624e-09	1.015e-09	2.455e-09	1.628e-09	1.033e-09	1.091e-09	1.296e-09	3.028e-09	1.676e-09	3.110e-09	1.173e-09	1.155e-09	3.459e-09	1.018e-09	7.335e-10	1.268e-09	2.016e-09	1.707e-09	3.523e-09	3.010e-09	1.368e-09	1.290e-09	7.462e-10	2.538e-09	1.319e-09	2.391e-09
		15	3.458e-09	2.690e-09	8.962e-08	1.783e-09	1.523e-09	1.344e-09	8.106e-10	1.084e-09	2.482e-09	2.571e-09	2.063e-09	2.277e-09	2.501e-09	1.188e-09	3.714e-09	1.317e-09	1.402e-09	4.551e-09	6.035e-10	8.487e-10	1.676e-09	1.323e-09	1.522e-09	1.830e-09	1.361e-09	2.028e-09	2.391e-09	1.706e-09	9.945e-10	1.545e-09	9.095e-10	2.091e-09	4.621e-10	2.664e-09	8.742e-10	3.067e-09	1.971e-09	1.569e-09	1.636e-09	2.041e-09	2.119e-09	1.606e-09	1.125e-09	7.159e-10	9.688e-10	1.723e-09	5.883e-10	7.203e-09	8.747e-10	1.549e-09	3.203e-09	2.116e-09	1.276e-09	1.209e-09	2.671e-09	3.454e-09	3.040e-09	1.443e-09	7.366e-10	1.876e-09	1.018e-09	1.415e-09	4.378e-09	2.041e-09
		150	1.019e-08	2.227e-08	1.032e-06	1.317e-08	1.304e-08	7.465e-09	1.173e-08	9.694e-09	1.509e-08	1.779e-08	4.988e-09	2.788e-08	2.261e-08	9.532e-09	4.781e-08	1.556e-08	2.922e-08	2.460e-08	1.750e-08	8.970e-09	1.720e-08	6.557e-09	2.013e-08	1.588e-08	1.119e-08	1.151e-08	1.329e-08	2.271e-08	7.476e-09	1.238e-08	4.968e-09	1.404e-08	7.964e-09	2.539e-08	5.429e-09	1.487e-08	3.108e-08	1.949e-08	1.207e-08	7.446e-09	1.385e-08	1.557e-08	1.652e-08	4.900e-09	1.427e-08	1.846e-08	8.538e-09	3.349e-08	1.061e-08	1.116e-08	1.900e-08	1.555e-08	8.212e-09	1.032e-08	1.863e-08	1.568e-08	1.392e-08	2.209e-08	6.203e-09	2.007e-08	6.070e-09	3.595e-08	2.033e-08	1.452e-08
		150	1.566e-08	2.479e-08	6.929e-08	1.221e-08	1.285e-08	1.098e-08	9.825e-09	6.146e-09	9.460e-09	3.840e-08	9.789e-09	1.915e-08	2.139e-08	1.910e-08	3.304e-08	1.297e-08	1.276e-08	1.779e-08	1.737e-08	7.540e-09	2.024e-08	1.180e-08	1.312e-08	2.069e-08	3.711e-09	1.815e-08	1.105e-08	2.297e-08	1.584e-08	1.259e-08	1.102e-08	2.500e-08	5.953e-09	2.842e-08	7.416e-09	1.447e-08	1.580e-08	1.856e-08	1.643e-08	8.939e-09	1.371e-08	1.946e-08	1.524e-08	4.285e-09	1.867e-08	2.242e-08	6.020e-09	2.740e-08	9.561e-09	1.526e-08	2.653e-08	2.034e-08	1.356e-08	8.602e-09	1.533e-08	1.926e-08	1.368e-08	1.507e-08	1.035e-08	1.607e-08	8.156e-09	1.380e-08	1.744e-08	1.646e-08
		150	1.035e-08	2.390e-08	7.511e-08	8.529e-09	2.405e-08	8.967e-09	8.044e-09	7.823e-09	9.045e-09	2.665e-08	7.890e-09	2.172e-08	1.209e-08	1.316e-08	1.909e-08	1.234e-08	1.329e-08	1.163e-08	1.081e-08	8.540e-09	2.641e-08	8.354e-09	1.321e-08	2.531e-08	5.318e-09	9.233e-09	8.276e-09	2.142e-08	1.340e-08	1.628e-08	1.010e-08	1.340e-08	4.144e-09	2.841e-08	4.788e-09	1.327e-08	1.623e-08	1.982e-08	2.251e-08	6.287e-09	2.488e-08	2.280e-08	1.249e-08	1.039e-08	8.773e-09	1.292e-08	4.146e-09	2.030e-08	1.127e-08	1.958e-08	1.805e-08	1.545e-08	7.276e-09	9.652e-09	1.272e-08	1.554e-08	1.968e-08	1.644e-08	1.729e-08	1.480e-08	4.696e-09	3.280e-08	2.220e-08	1.521e-08
		1500	9.227e-08	1.262e-07	1.089e-07	1.571e-07	1.631e-07	4.214e-08	7.357e-08	3.984e-08	8.021e-08	1.449e-07	8.508e-08	1.295e-07	1.666e-07	1.418e-07	1.136e-07	6.786e-08	1.423e-07	1.137e-07	8.063e-08	6.270e-08	1.190e-07	9.323e-08	1.570e-07	1.715e-07	1.332e-07	1.325e-07	1.321e-07	1.435e-07	9.083e-08	8.728e-08	8.865e-08	1.080e-07	3.785e-08	2.162e-07	4.663e-08	5.701e-08	1.323e-07	9.244e-08	1.462e-07	7.018e-08	1.668e-07	1.615e-07	1.694e-07	5.770e-08	7.726e-08	2.050e-07	7.340e-08	1.424e-07	6.433e-08	1.015e-07	7.233e-08	1.141e-07	1.059e-07	7.952e-08	9.297e-08	2.204e-07	1.408e-07	1.334e-07	1.419e-07	1.084e-07	6.392e-08	2.118e-07	1.721e-07	5.856e-08
		1500	1.433e-07	1.133e-07	4.777e-08	1.520e-07	1.479e-07	5.548e-08	1.012e-07	8.639e-08	7.326e-08	1.722e-07	8.473e-08	1.310e-07	1.522e-07	1.322e-07	1.350e-07	9.480e-08	1.606e-07	8.642e-08	1.032e-07	5.320e-08	1.651e-07	1.059e-07	2.221e-07	2.929e-07	1.058e-07	1.150e-07	1.187e-07	1.212e-07	9.121e-08	9.380e-08	1.003e-07	2.471e-07	5.225e-08	1.391e-07	5.802e-08	8.048e-08	9.365e-08	1.282e-07	1.395e-07	1.191e-07	1.539e-07	1.344e-07	1.984e-07	6.534e-08	8.447e-08	1.789e-07	7.696e-08	1.159e-07	1.388e-07	8.861e-08	1.713e-07	9.783e-08	6.622e-08	5.748e-08	1.072e-07	1.758e-07	1.178e-07	1.291e-07	1.338e-07	1.223e-07	6.047e-08	1.544e-07	1.295e-07	1.788e-07
		1500	1.049e-07	1.788e-07	3.002e-07	2.998e-07	1.714e-07	1.788e-07	1.068e-07	4.916e-08	9.097e-08	2.269e-07	1.320e-07	1.809e-07	1.336e-07	1.508e-07	2.081e-07	1.184e-07	1.590e-07	9.512e-08	1.378e-07	9.774e-08	1.445e-07	1.069e-07	1.679e-07	1.671e-07	1.428e-07	1.232e-07	1.075e-07	1.380e-07	9.959e-08	8.475e-08	1.106e-07	1.834e-07	4.873e-08	1.904e-07	7.221e-08	1.866e-07	1.900e-07	1.648e-07	1.333e-07	1.291e-07	1.155e-07	1.137e-07	1.428e-07	7.653e-08	1.115e-07	1.842e-07	9.695e-08	1.825e-07	1.097e-07	9.511e-08	1.044e-07	1.069e-07	1.176e-07	9.649e-08	1.281e-07	2.296e-07	1.533e-07	1.256e-07	8.116e-08	1.279e-07	6.884e-08	1.441e-07	1.662e-07	2.352e-07
		15000	1.158e-06	1.301e-06	4.067e-07	8.800e-07	9.669e-07	9.709e-07	1.088e-06	4.231e-07	8.336e-07	1.335e-06	8.184e-07	1.671e-06	9.868e-07	9.136e-07	1.511e-06	9.282e-07	1.419e-06	8.492e-07	8.936e-07	5.766e-07	1.519e-06	6.847e-07	7.287e-07	6.756e-07	7.583e-07	1.304e-06	6.420e-07	7.684e-07	5.586e-07	8.100e-07	8.063e-07	1.224e-06	6.518e-07	1.149e-06	6.516e-07	9.545e-07	1.045e-06	9.135e-07	7.635e-07	3.877e-07	8.481e-07	2.218e-06	1.199e-06	3.894e-07	1.047e-06	1.342e-06	6.612e-07	8.262e-07	7.452e-07	1.037e-06	1.122e-06	9.481e-07	8.845e-07	9.584e-07	1.215e-06	2.165e-06	1.072e-06	1.406e-06	8.889e-07	1.513e-06	6.247e-07	1.203e-06	1.282e-06	1.014e-06
		15000	1.150e-06	1.547e-06	2.589e-07	1.090e-06	1.453e-06	7.789e-07	8.692e-07	3.152e-07	8.966e-07	1.634e-06	8.160e-07	1.756e-06	1.158e-06	9.556e-07	1.379e-06	1.043e-06	9.780e-07	8.239e-07	5.423e-07	4.195e-07	1.413e-06	6.451e-07	1.212e-06	1.278e-06	7.116e-07	1.384e-06	7.012e-07	7.560e-07	7.968e-07	1.060e-06	7.215e-07	1.244e-06	4.143e-07	1.337e-06	5.649e-07	9.980e-07	9.045e-07	1.431e-06	1.088e-06	7.255e-07	1.036e-06	1.371e-06	8.188e-07	8.116e-07	8.311e-07	2.206e-06	6.291e-07	2.081e-06	9.205e-07	1.089e-06	1.242e-06	9.554e-07	7.547e-07	7.435e-07	9.331e-07	1.250e-06	1.018e-06	1.295e-06	6.734e-07	1.400e-06	6.159e-07	1.707e-06	9.043e-07	7.833e-07
		15000	1.143e-06	7.583e-07	2.289e-07	1.175e-06	8.037e-07	8.466e-07	7.842e-07	2.662e-07	6.638e-07	1.533e-06	7.588e-07	9.550e-07	1.055e-06	7.335e-07	1.741e-06	6.750e-07	1.144e-06	1.169e-06	4.587e-07	3.729e-07	1.726e-06	5.523e-07	9.665e-07	8.073e-07	5.339e-07	1.141e-06	7.853e-07	9.568e-07	5.862e-07	9.204e-07	6.810e-07	9.762e-07	7.180e-07	1.566e-06	3.353e-07	1.271e-06	1.659e-06	1.007e-06	1.181e-06	9.328e-07	5.888e-07	1.684e-06	1.107e-06	4.356e-07	1.128e-06	1.717e-06	6.021e-07	2.532e-06	1.040e-06	1.317e-06	9.108e-07	9.711e-07	6.501e-07	8.065e-07	6.290e-07	1.168e-06	1.411e-06	1.168e-06	6.803e-07	1.335e-06	6.693e-07	1.181e-06	1.146e-06	8.749e-07
		150000	8.749e-06	8.965e-06	4.241e-06	1.091e-05	1.078e-05	6.903e-06	1.327e-05	5.622e-06	6.842e-06	1.435e-05	5.680e-06	8.945e-06	8.987e-06	9.255e-06	1.190e-05	1.228e-05	1.038e-05	1.067e-05	4.751e-06	5.033e-06	1.256e-05	6.382e-06	6.918e-06	1.511e-05	6.806e-06	9.963e-06	5.912e-06	9.875e-06	7.048e-06	7.816e-06	7.305e-06	8.938e-06	2.843e-06	1.367e-05	3.185e-06	8.551e-06	1.208e-05	1.298e-05	1.397e-05	5.797e-06	8.659e-06	1.023e-05	1.146e-05	3.804e-06	5.356e-06	1.105e-05	4.283e-06	1.564e-05	9.483e-06	1.311e-05	1.040e-05	1.705e-05	6.029e-06	7.232e-06	8.949e-06	1.148e-05	1.416e-05	9.941e-06	8.099e-06	8.065e-06	5.340e-06	1.120e-05	1.638e-05	1.321e-05
		150000	1.281e-05	8.399e-06	3.020e-06	1.374e-05	7.838e-06	5.580e-06	6.063e-06	3.819e-06	8.603e-06	1.307e-05	6.643e-06	9.764e-06	1.025e-05	9.394e-06	1.100e-05	4.879e-06	7.844e-06	5.889e-06	9.258e-06	4.777e-06	1.202e-05	7.057e-06	1.118e-05	1.292e-05	8.613e-06	8.206e-06	7.746e-06	1.174e-05	8.452e-06	6.939e-06	9.944e-06	1.120e-05	3.769e-06	1.263e-05	3.627e-06	1.484e-05	1.183e-05	9.906e-06	1.416e-05	4.988e-06	1.366e-05	1.453e-05	1.172e-05	3.677e-06	8.898e-06	1.315e-05	5.455e-06	1.460e-05	7.124e-06	1.057e-05	1.086e-05	7.452e-06	8.418e-06	5.436e-06	9.920e-06	1.420e-05	1.583e-05	1.102e-05	7.681e-06	1.038e-05	5.638e-06	1.122e-05	1.290e-05	1.026e-05
		150000	1.292e-05	7.142e-06	3.065e-06	8.808e-06	1.581e-05	1.247e-05	1.578e-05	6.906e-06	7.094e-06	1.287e-05	8.325e-06	1.120e-05	7.742e-06	1.003e-05	1.015e-05	9.400e-06	7.770e-06	1.453e-05	6.954e-06	4.600e-06	8.917e-06	5.463e-06	1.017e-05	1.229e-05	8.626e-06	8.146e-06	6.384e-06	8.636e-06	7.297e-06	9.359e-06	1.116e-05	8.506e-06	3.648e-06	1.472e-05	2.908e-06	1.201e-05	9.337e-06	8.558e-06	1.365e-05	4.825e-06	9.930e-06	1.027e-05	9.020e-06	5.682e-06	8.563e-06	1.059e-05	6.375e-06	9.904e-06	7.078e-06	1.061e-05	8.812e-06	1.068e-05	7.944e-06	6.758e-06	1.186e-05	8.142e-06	1.380e-05	1.148e-05	8.165e-06	1.391e-05	4.535e-06	9.596e-06	1.382e-05	1.356e-05
																																																																		
																																																																		
		1.1760912590556813	-8.686133	-8.327810	-7.497027	-8.709075	-8.784891	-9.227312	-8.726767	-8.797239	-9.113509	-8.670195	-9.212894	-8.343327	-8.842543	-8.552067	-8.194024	-8.732359	-8.768530	-8.774432	-8.826231	-8.798876	-8.552222	-9.032171	-8.859806	-8.560036	-8.916497	-8.462937	-8.584192	-9.035599	-8.417028	-8.766750	-8.579384	-8.557050	-9.029281	-8.601713	-8.882066	-7.996539	-8.942334	-8.634138	-8.947691	-8.515273	-8.322393	-8.538052	-8.540155	-8.689944	-9.144420	-8.199558	-8.661743	-8.190440	-8.842543	-8.658961	-8.855737	-8.964570	-9.156767	-9.101001	-8.687823	-8.534617	-8.706859	-8.739213	-8.920457	-8.620332	-8.881735	-8.583859	-8.368151	-8.790217
		1.1760912590556813	-8.732125	-8.587204	-7.275478	-8.707301	-8.423659	-8.976748	-8.739213	-9.371611	-8.804100	-8.901356	-9.176591	-8.492009	-8.765230	-8.699839	-8.178355	-8.744486	-8.837734	-8.898941	-8.669383	-9.106127	-8.292685	-8.855115	-8.759201	-8.705534	-8.827105	-8.711751	-8.946154	-8.622330	-8.528708	-9.187153	-8.791021	-8.648784	-8.879755	-8.588717	-8.882397	-8.449405	-8.885723	-9.007491	-8.789414	-8.993534	-8.609949	-8.788346	-8.985900	-8.962175	-8.887395	-8.518844	-8.775726	-8.507240	-8.930702	-8.937418	-8.461049	-8.992252	-9.134600	-8.896881	-8.695509	-8.767766	-8.453087	-8.521434	-8.863914	-8.889410	-9.127145	-8.595508	-8.879755	-8.621420
		1.1760912590556813	-8.461175	-8.570248	-7.047595	-8.748849	-8.817300	-8.871601	-9.091193	-8.964971	-8.605198	-8.589898	-8.685501	-8.642637	-8.601886	-8.925184	-8.430158	-8.880414	-8.853252	-8.341893	-9.219323	-9.071246	-8.775726	-8.878440	-8.817585	-8.737549	-8.866142	-8.692932	-8.621420	-8.768021	-9.002395	-8.811072	-9.041197	-8.679646	-9.335264	-8.574466	-9.058389	-8.513286	-8.705313	-8.804377	-8.786217	-8.690157	-8.673869	-8.794254	-8.948847	-9.145148	-9.013766	-8.763715	-9.230401	-8.142487	-9.058141	-8.809949	-8.494443	-8.674484	-8.894149	-8.917574	-8.573326	-8.461678	-8.517126	-8.840734	-9.132768	-8.726767	-8.992252	-8.849244	-8.358724	-8.690157
		2.1760912590556813	-7.991826	-7.652280	-5.986320	-7.880414	-7.884722	-8.126970	-7.930702	-8.013497	-7.821311	-7.749824	-8.302074	-7.554707	-7.645699	-8.020816	-7.320481	-7.807990	-7.534320	-7.609065	-7.756962	-8.047208	-7.764472	-8.183295	-7.696156	-7.799150	-7.951170	-7.938925	-7.876475	-7.643783	-8.126331	-7.907279	-8.303818	-7.852633	-8.098869	-7.595337	-8.265280	-7.827689	-7.507519	-7.710188	-7.918293	-8.128077	-7.858550	-7.807711	-7.781990	-8.309804	-7.845576	-7.733768	-8.068644	-7.475085	-7.974285	-7.952336	-7.721246	-7.808270	-8.085551	-7.986320	-7.729787	-7.804654	-7.856361	-7.655804	-8.207398	-7.697453	-8.216811	-7.444301	-7.691863	-7.838033
		2.1760912590556813	-7.805208	-7.605723	-7.159329	-7.913284	-7.891097	-7.959398	-8.007667	-8.211407	-8.024109	-7.415669	-8.009262	-7.717831	-7.669789	-7.718967	-7.480960	-7.887060	-7.894149	-7.749824	-7.760200	-8.122629	-7.693789	-7.928118	-7.882066	-7.684240	-8.430509	-7.741123	-7.956638	-7.638839	-7.800245	-7.899974	-7.957818	-7.602060	-8.225264	-7.546376	-8.129830	-7.839531	-7.801343	-7.731422	-7.784362	-8.048711	-7.862963	-7.710857	-7.817015	-8.368049	-7.728856	-7.649364	-8.220404	-7.562249	-8.019497	-7.816445	-7.576263	-7.691649	-7.867740	-8.065401	-7.814458	-7.715344	-7.863914	-7.821887	-7.985060	-7.793984	-8.088523	-7.860121	-7.758454	-7.783570
		2.1760912590556813	-7.985060	-7.621602	-7.124302	-8.069102	-7.618885	-8.047353	-8.094528	-8.106627	-8.043591	-7.574303	-8.102923	-7.663140	-7.917574	-7.880744	-7.719194	-7.908685	-7.876475	-7.934420	-7.966174	-8.068542	-7.578232	-8.078106	-7.879097	-7.596708	-8.274252	-8.034657	-8.082180	-7.669181	-7.872895	-7.788346	-7.995679	-7.872895	-8.382580	-7.546529	-8.319846	-7.877129	-7.789681	-7.702896	-7.647625	-8.201557	-7.604150	-7.642065	-7.903438	-7.983384	-8.056852	-7.888737	-8.382371	-7.692504	-7.948076	-7.708187	-7.743523	-7.811072	-8.138107	-8.015383	-7.895513	-7.808549	-7.705975	-7.784098	-7.762205	-7.829738	-8.328272	-7.484126	-7.653647	-7.817871
		3.1760912590556813	-7.034939	-6.898941	-6.962972	-6.803824	-6.787546	-7.375305	-7.133299	-7.399681	-7.095771	-6.838932	-7.070173	-6.887730	-6.778325	-6.848324	-6.944622	-7.168386	-6.846795	-6.944240	-7.093503	-7.202732	-6.924453	-7.030444	-6.804100	-6.765736	-6.875496	-6.877784	-6.879097	-6.843148	-7.041771	-7.059085	-7.052321	-6.966576	-7.421934	-6.665144	-7.331335	-7.244049	-6.878440	-7.034140	-6.835053	-7.153787	-6.777804	-6.791827	-6.771087	-7.238824	-7.112045	-6.688246	-7.134304	-6.846490	-7.191586	-6.993534	-7.140682	-6.942714	-6.975104	-7.099524	-7.031657	-6.656788	-6.851397	-6.874844	-6.848018	-6.964971	-7.194363	-6.674074	-6.764219	-7.232399
		3.1760912590556813	-6.843754	-6.945770	-7.320845	-6.818156	-6.830032	-7.255864	-6.994819	-7.063537	-7.135133	-6.763967	-7.071963	-6.882729	-6.817585	-6.878769	-6.869666	-7.023192	-6.794254	-7.063386	-6.986320	-7.274088	-6.782253	-6.975104	-6.653451	-6.533281	-6.975514	-6.939302	-6.925549	-6.916497	-7.039958	-7.027797	-6.998699	-6.607127	-7.281914	-6.856673	-7.236422	-7.094312	-7.028492	-6.892112	-6.855426	-6.924088	-6.812761	-6.871601	-6.702458	-7.184821	-7.073298	-6.747390	-7.113735	-6.935917	-6.857611	-7.052517	-6.766243	-7.009528	-7.179011	-7.240483	-6.969805	-6.754981	-6.928855	-6.889074	-6.873544	-6.912574	-7.218460	-6.811353	-6.887730	-6.747632
		3.1760912590556813	-6.979225	-6.747632	-6.522589	-6.523168	-6.765989	-6.747632	-6.971429	-7.308388	-7.041102	-6.644166	-6.879426	-6.742561	-6.874194	-6.821599	-6.681728	-6.926648	-6.798603	-7.021728	-6.860751	-7.009928	-6.840132	-6.971022	-6.774949	-6.777024	-6.845272	-6.909389	-6.968592	-6.860121	-7.001784	-7.071860	-6.956245	-6.736601	-7.312204	-6.720333	-7.141403	-6.729088	-6.721246	-6.783043	-6.875170	-6.889074	-6.937418	-6.944240	-6.845272	-7.116168	-6.952725	-6.734710	-7.013452	-6.738737	-6.959793	-7.021774	-6.981300	-6.971022	-6.929593	-7.015518	-6.892451	-6.639028	-6.814458	-6.901010	-7.090658	-6.893129	-7.162159	-6.841336	-6.779369	-6.628563
		4.176091259055681	-5.936291	-5.885723	-6.390726	-6.055517	-6.014618	-6.012825	-5.963371	-6.373557	-6.079042	-5.874519	-6.087034	-5.777024	-6.005771	-6.039244	-5.820736	-6.032358	-5.848018	-6.070990	-6.048857	-6.239125	-5.818442	-6.164500	-6.137451	-6.170310	-6.120159	-5.884722	-6.192465	-6.114413	-6.252899	-6.091515	-6.093503	-5.912219	-6.185886	-5.939680	-6.186019	-6.020224	-5.980884	-6.039291	-6.117191	-6.411504	-6.071553	-5.654038	-5.921181	-6.409604	-5.980053	-5.872247	-6.179667	-6.082915	-6.127727	-5.984221	-5.950007	-6.023146	-6.053302	-6.018453	-5.915424	-5.664542	-5.969805	-5.852015	-6.051147	-5.820161	-6.204328	-5.919734	-5.892112	-5.993962
		4.176091259055681	-5.939302	-5.810510	-6.586868	-5.962574	-5.837734	-6.108518	-6.060880	-6.501414	-6.047401	-5.786748	-6.088310	-5.755475	-5.936291	-6.019724	-5.860436	-5.981716	-6.009661	-6.084125	-6.265760	-6.377268	-5.849858	-6.190373	-5.916497	-5.893469	-6.147764	-5.858864	-6.154158	-6.121478	-6.098651	-5.974694	-6.141764	-5.905180	-6.382685	-5.873869	-6.248028	-6.000869	-6.043591	-5.844360	-5.963371	-6.139363	-5.984640	-5.862963	-6.086822	-6.090658	-6.080347	-5.656394	-6.201280	-5.681728	-6.035976	-5.962972	-5.905878	-6.019815	-6.122226	-6.128719	-6.030072	-5.903090	-5.992252	-5.887730	-6.171727	-5.853872	-6.210490	-5.767766	-6.043687	-6.106072
		4.176091259055681	-5.941954	-6.120159	-6.640354	-5.929962	-6.094906	-6.072322	-6.105573	-6.574792	-6.177963	-5.814458	-6.119873	-6.019997	-5.976748	-6.134600	-5.759201	-6.170696	-5.941574	-5.932185	-6.338471	-6.428408	-5.762959	-6.257825	-6.014798	-6.092965	-6.272540	-5.942714	-6.104964	-6.019179	-6.231954	-6.036023	-6.166853	-6.010461	-6.143876	-5.805208	-6.474566	-5.895854	-5.780154	-5.996971	-5.927750	-6.030211	-6.230032	-5.773658	-5.955852	-6.360912	-5.947691	-5.765230	-6.220331	-5.596536	-5.982967	-5.880414	-6.040577	-6.012736	-6.187020	-6.093396	-6.201349	-5.932557	-5.850473	-5.932557	-6.167300	-5.874519	-6.174379	-5.927750	-5.940815	-6.058042
		5.176091259055681	-5.058042	-5.047450	-5.372532	-4.962175	-4.967381	-5.160962	-4.877129	-5.250109	-5.164817	-4.843148	-5.245652	-5.048420	-5.046385	-5.033624	-4.924453	-4.910802	-4.983803	-4.971836	-5.323215	-5.298173	-4.901010	-5.195043	-5.160019	-4.820736	-5.167108	-5.001610	-5.228266	-5.005463	-5.151934	-5.107015	-5.136380	-5.048760	-5.546223	-4.864231	-5.496891	-5.067983	-4.917933	-4.886725	-4.854804	-5.236797	-5.062532	-4.990124	-4.940815	-5.419759	-5.271159	-4.956638	-5.368252	-4.805763	-5.023054	-4.882397	-4.982967	-4.768276	-5.219755	-5.140742	-5.048225	-4.940058	-4.848937	-5.002570	-5.091569	-5.093396	-5.272459	-4.950782	-4.785686	-4.879097
		5.176091259055681	-4.892451	-5.075772	-5.519993	-4.862013	-5.105795	-5.253366	-5.217312	-5.418050	-5.065350	-4.883724	-5.177636	-5.010372	-4.989276	-5.027149	-4.958607	-5.311669	-5.105462	-5.229958	-5.033483	-5.320845	-4.920096	-5.151380	-4.951558	-4.888737	-5.064846	-5.085868	-5.110923	-4.930332	-5.073041	-5.158703	-5.002439	-4.950782	-5.423774	-4.898597	-5.440452	-4.828566	-4.927015	-5.004102	-4.848937	-5.302074	-4.864549	-4.837734	-4.931072	-5.434506	-5.050708	-4.881074	-5.263205	-4.835647	-5.147276	-4.975925	-4.964170	-5.127727	-5.074791	-5.264721	-5.003488	-4.847712	-4.800519	-4.957818	-5.114582	-4.983803	-5.248875	-4.950007	-4.889410	-4.988853
		5.176091259055681	-4.888737	-5.146180	-5.513570	-5.055123	-4.801068	-4.904134	-4.801893	-5.160773	-5.149109	-4.890421	-5.079616	-4.950782	-5.111147	-4.998699	-4.993534	-5.026872	-5.109579	-4.837734	-5.157765	-5.337242	-5.049781	-5.262569	-4.992679	-4.910448	-5.064191	-5.089056	-5.194907	-5.063687	-5.136856	-5.028771	-4.952336	-5.070275	-5.437945	-4.832092	-5.536406	-4.920457	-5.029793	-5.067628	-4.864867	-5.316503	-5.003051	-4.988430	-5.044793	-5.245499	-5.067374	-4.975104	-5.195520	-5.004189	-5.150089	-4.974285	-5.054926	-4.971429	-5.099961	-5.170182	-4.925915	-5.089269	-4.860121	-4.940058	-5.088044	-4.856673	-5.343423	-5.017910	-4.859492	-4.867740
																																																																		
		steyx	0.128356	0.102523	0.446228	0.138378	0.139750	0.171991	0.145637	0.185295	0.125422	0.122052	0.151315	0.104672	0.090449	0.113832	0.142665	0.116858	0.109510	0.173599	0.173182	0.104410	0.122167	0.090580	0.116303	0.144646	0.177450	0.114363	0.115409	0.138386	0.169593	0.112165	0.157210	0.108146	0.142982	0.073297	0.114659	0.243319	0.135576	0.119409	0.101991	0.173914	0.148842	0.107284	0.128157	0.161837	0.125258	0.147171	0.168701	0.180808	0.090797	0.101872	0.141794	0.125194	0.108461	0.079215	0.104165	0.119878	0.117232	0.079996	0.130886	0.090317	0.091055	0.132879	0.148746	0.153285
																																																																		
		1.1760912590556813	-8.626477	-8.495087	-7.273367	-8.721742	-8.675283	-9.025220	-8.852391	-9.044607	-8.840936	-8.720483	-9.024995	-8.492658	-8.736553	-8.725697	-8.267512	-8.785753	-8.819839	-8.671755	-8.904979	-8.992083	-8.540211	-8.921909	-8.812198	-8.667706	-8.869915	-8.622540	-8.717255	-8.808650	-8.649377	-8.921658	-8.803868	-8.628493	-9.081434	-8.588299	-8.940951	-8.319743	-8.844457	-8.815335	-8.841107	-8.732988	-8.535404	-8.706884	-8.824968	-8.932422	-9.015194	-8.494039	-8.889290	-8.280055	-8.943795	-8.802109	-8.603743	-8.877102	-9.061839	-8.971818	-8.652219	-8.588020	-8.559024	-8.700460	-8.972380	-8.745503	-9.000377	-8.676204	-8.535543	-8.700598
		2.1760912590556813	-7.927365	-7.626535	-6.756651	-7.954267	-7.798235	-8.044574	-8.010966	-8.110510	-7.963004	-7.579932	-8.138086	-7.645226	-7.744354	-7.873509	-7.506878	-7.867912	-7.768315	-7.764436	-7.827779	-8.079459	-7.678831	-8.063173	-7.819107	-7.693366	-8.218644	-7.904902	-7.971764	-7.650601	-7.933157	-7.865200	-8.085772	-7.775863	-8.235571	-7.562747	-8.238319	-7.848117	-7.699514	-7.714836	-7.783427	-8.126115	-7.775221	-7.720211	-7.834148	-8.220413	-7.877095	-7.757290	-8.223806	-7.576613	-7.980619	-7.825656	-7.680344	-7.770330	-8.030466	-8.022368	-7.813253	-7.776182	-7.808750	-7.753930	-7.984888	-7.773725	-8.211202	-7.596183	-7.701321	-7.813158
		3.1760912590556813	-6.952639	-6.864114	-6.935469	-6.715050	-6.794522	-7.126267	-7.033182	-7.257202	-7.090669	-6.749021	-7.007187	-6.837673	-6.823368	-6.849564	-6.832005	-7.039409	-6.813217	-7.009784	-6.980191	-7.162249	-6.848946	-6.992190	-6.744167	-6.692013	-6.898761	-6.908825	-6.924413	-6.873255	-7.027837	-7.052914	-7.002422	-6.770101	-7.338684	-6.747383	-7.236387	-7.022483	-6.876060	-6.903098	-6.855216	-6.988983	-6.842661	-6.869223	-6.772939	-7.179938	-7.046023	-6.723449	-7.087164	-6.840381	-7.002997	-7.022608	-6.962741	-6.974422	-7.027903	-7.118508	-6.964638	-6.683599	-6.864903	-6.888309	-6.937406	-6.923558	-7.191661	-6.775588	-6.810439	-6.869531
		4.176091259055681	-5.939182	-5.938797	-6.539316	-5.982684	-5.982420	-6.064555	-6.043275	-6.483254	-6.101469	-5.825242	-6.098406	-5.850832	-5.972937	-6.064523	-5.813457	-6.061590	-5.933084	-6.029100	-6.217696	-6.348267	-5.810420	-6.204233	-6.022916	-6.052248	-6.180154	-5.895434	-6.150529	-6.085023	-6.194501	-6.034078	-6.134040	-5.942620	-6.237482	-5.872919	-6.302871	-5.972316	-5.934876	-5.960207	-6.002771	-6.193693	-6.095408	-5.763553	-5.987952	-6.287058	-6.002697	-5.764624	-6.200426	-5.787060	-6.048890	-5.942536	-5.965488	-6.018566	-6.120849	-6.080189	-6.048948	-5.833396	-5.937510	-5.890767	-6.130058	-5.849517	-6.196399	-5.871750	-5.958872	-6.052692
		5.176091259055681	-4.946410	-5.089801	-5.468698	-4.959770	-4.958081	-5.106154	-4.965445	-5.276311	-5.126425	-4.872431	-5.167634	-5.003191	-5.048936	-5.019824	-4.958865	-5.083114	-5.066281	-5.013176	-5.171488	-5.318753	-4.956962	-5.202997	-5.034752	-4.873307	-5.098715	-5.058845	-5.178032	-4.999827	-5.120610	-5.098163	-5.030385	-5.023272	-5.469314	-4.864973	-5.491250	-4.939002	-4.958247	-4.986152	-4.856203	-5.285124	-4.976711	-4.938763	-4.972227	-5.366588	-5.129747	-4.937605	-5.275659	-4.881867	-5.106807	-4.944202	-5.000687	-4.955811	-5.131502	-5.191881	-4.992543	-4.959013	-4.836526	-4.966815	-5.098065	-4.977957	-5.288252	-4.972900	-4.844863	-4.911897
x-mean	3.176091																																																																	
SSx	27.857143																																																																	
n	3.000000																																																																	
alpha	0.950000																																																																	
t	6.205347																																																																	
			0.088642	0.070802	0.308163	0.095563	0.096511	0.118776	0.100577	0.127964	0.086616	0.084288	0.104498	0.072286	0.062464	0.078612	0.098524	0.080702	0.075628	0.119887	0.119599	0.072105	0.084368	0.062555	0.080319	0.099892	0.122547	0.078979	0.079701	0.095569	0.117120	0.077461	0.108569	0.074685	0.098743	0.050618	0.079183	0.168035	0.093628	0.082463	0.070435	0.120104	0.102790	0.074090	0.088505	0.111764	0.086503	0.101636	0.116504	0.124865	0.062704	0.070352	0.097922	0.086458	0.074903	0.054705	0.071936	0.082787	0.080960	0.055245	0.090390	0.062372	0.062882	0.091766	0.102723	0.105858
			0.077994	0.062297	0.271147	0.084084	0.084918	0.104509	0.088496	0.112593	0.076212	0.074164	0.091946	0.063603	0.054961	0.069170	0.086689	0.071008	0.066543	0.105486	0.105233	0.063444	0.074234	0.055041	0.070671	0.087893	0.107827	0.069492	0.070128	0.084090	0.103052	0.068156	0.095528	0.065714	0.086882	0.044538	0.069672	0.147851	0.082382	0.072558	0.061974	0.105678	0.090443	0.065190	0.077874	0.098339	0.076112	0.089428	0.102510	0.109867	0.055172	0.061902	0.086160	0.076073	0.065906	0.048134	0.063295	0.072843	0.071235	0.048609	0.079532	0.054880	0.055329	0.080743	0.090385	0.093143
			0.074106	0.059191	0.257630	0.079892	0.080685	0.099299	0.084084	0.106980	0.072413	0.070467	0.087362	0.060433	0.052221	0.065721	0.082368	0.067468	0.063226	0.100227	0.099987	0.060281	0.070533	0.052297	0.067148	0.083511	0.102451	0.066028	0.066632	0.079897	0.097914	0.064759	0.090765	0.062438	0.082551	0.042318	0.066198	0.140480	0.078275	0.068941	0.058884	0.100409	0.085934	0.061940	0.073992	0.093437	0.072318	0.084969	0.097400	0.104389	0.052421	0.058816	0.081865	0.072281	0.062620	0.045735	0.060140	0.069212	0.067684	0.046186	0.075567	0.052144	0.052570	0.076718	0.085879	0.088499
			0.077994	0.062297	0.271147	0.084084	0.084918	0.104509	0.088496	0.112593	0.076212	0.074164	0.091946	0.063603	0.054961	0.069170	0.086689	0.071008	0.066543	0.105486	0.105233	0.063444	0.074234	0.055041	0.070671	0.087893	0.107827	0.069492	0.070128	0.084090	0.103052	0.068156	0.095528	0.065714	0.086882	0.044538	0.069672	0.147851	0.082382	0.072558	0.061974	0.105678	0.090443	0.065190	0.077874	0.098339	0.076112	0.089428	0.102510	0.109867	0.055172	0.061902	0.086160	0.076073	0.065906	0.048134	0.063295	0.072843	0.071235	0.048609	0.079532	0.054880	0.055329	0.080743	0.090385	0.093143
			0.088642	0.070802	0.308163	0.095563	0.096511	0.118776	0.100577	0.127964	0.086616	0.084288	0.104498	0.072286	0.062464	0.078612	0.098524	0.080702	0.075628	0.119887	0.119599	0.072105	0.084368	0.062555	0.080319	0.099892	0.122547	0.078979	0.079701	0.095569	0.117120	0.077461	0.108569	0.074685	0.098743	0.050618	0.079183	0.168035	0.093628	0.082463	0.070435	0.120104	0.102790	0.074090	0.088505	0.111764	0.086503	0.101636	0.116504	0.124865	0.062704	0.070352	0.097922	0.086458	0.074903	0.054705	0.071936	0.082787	0.080960	0.055245	0.090390	0.062372	0.062882	0.091766	0.102723	0.105858
																																																																		
		log(upper)																																																																
			-8.076424	-8.055738	-5.361108	-8.128740	-8.076400	-8.288172	-8.228278	-8.250546	-8.303452	-8.197444	-8.376550	-8.044096	-8.348942	-8.237880	-7.656138	-8.284970	-8.350544	-7.927817	-8.162826	-8.544646	-8.016678	-8.533736	-8.313792	-8.047842	-8.109471	-8.132449	-8.222681	-8.215610	-7.922607	-8.440987	-8.130161	-8.165046	-8.468700	-8.274193	-8.449592	-7.277028	-8.263460	-8.303622	-8.404037	-7.987698	-7.897557	-8.247131	-8.275765	-8.238888	-8.478414	-7.863352	-8.166341	-7.505224	-8.554697	-8.365548	-7.996100	-8.340598	-8.597041	-8.632352	-8.205830	-8.074295	-8.056640	-8.357647	-8.411480	-8.358461	-8.610173	-8.106766	-7.898109	-8.043713
			-7.443382	-7.239959	-5.074088	-7.432494	-7.271288	-7.396058	-7.461820	-7.411829	-7.490081	-7.119719	-7.567530	-7.250545	-7.403302	-7.444288	-6.968941	-7.427282	-7.355390	-7.109858	-7.174771	-7.685767	-7.218183	-7.721626	-7.380568	-7.147958	-7.549542	-7.473679	-7.536597	-7.128796	-7.293684	-7.442265	-7.492989	-7.368084	-7.696437	-7.286372	-7.805980	-6.930649	-7.188306	-7.264588	-7.398856	-7.470347	-7.213991	-7.315683	-7.350913	-7.610183	-7.404791	-7.202360	-7.587695	-6.894852	-7.638258	-7.441533	-7.145690	-7.298269	-7.621499	-7.723678	-7.420482	-7.324164	-7.366711	-7.452294	-7.491362	-7.433174	-7.867868	-7.095144	-7.140453	-7.235176
			-6.492785	-6.496811	-5.336788	-6.219290	-6.293846	-6.510082	-6.511413	-6.593353	-6.641323	-6.311752	-6.465076	-6.462668	-6.499318	-6.441741	-6.320886	-6.620746	-6.420879	-6.387839	-6.359738	-6.788184	-6.411263	-6.667671	-6.327492	-6.173796	-6.263016	-6.499100	-6.510940	-6.377464	-6.420245	-6.651065	-6.439191	-6.382652	-6.826428	-6.484786	-6.825602	-6.150755	-6.390337	-6.475297	-6.489818	-6.365908	-6.309410	-6.484862	-6.313796	-6.600131	-6.597266	-6.196184	-6.482766	-6.192609	-6.677704	-6.657635	-6.454741	-6.525894	-6.639324	-6.834709	-6.591448	-6.254116	-6.444902	-6.601711	-6.468485	-6.599984	-6.865443	-6.299528	-6.277533	-6.320364
			-5.455200	-5.552221	-4.856753	-5.460912	-5.455473	-5.416039	-5.494129	-5.784573	-5.628546	-5.365029	-5.527850	-5.456150	-5.631884	-5.635301	-5.275520	-5.620960	-5.520160	-5.374522	-5.564688	-5.954575	-5.349772	-5.862686	-5.584377	-5.506840	-5.511053	-5.464211	-5.715362	-5.563218	-5.555029	-5.611143	-5.541257	-5.534841	-5.698348	-5.596543	-5.870533	-5.054848	-5.423668	-5.509960	-5.618200	-5.537925	-5.534178	-5.359025	-5.504718	-5.676829	-5.530394	-5.209693	-5.564316	-5.105299	-5.706529	-5.558413	-5.430833	-5.546504	-5.711882	-5.781499	-5.656178	-5.381379	-5.495471	-5.589132	-5.636532	-5.508966	-5.853065	-5.370712	-5.398004	-5.474710
			-4.396357	-4.650452	-3.556440	-4.366768	-4.359198	-4.369106	-4.341332	-4.482250	-4.588942	-4.349393	-4.519189	-4.554630	-4.661325	-4.532008	-4.347490	-4.582331	-4.596986	-4.269238	-4.429334	-4.871316	-4.433429	-4.814825	-4.536347	-4.253443	-4.338271	-4.568753	-4.683458	-4.406788	-4.393840	-4.617492	-4.356678	-4.559825	-4.856580	-4.550868	-4.999891	-3.896286	-4.377251	-4.474438	-4.419132	-4.539835	-4.338864	-4.479010	-4.423024	-4.673054	-4.592967	-4.306918	-4.552710	-4.107036	-4.717708	-4.507641	-4.393045	-4.419306	-4.666705	-4.852415	-4.546153	-4.445288	-4.334142	-4.624002	-4.537165	-4.590915	-4.898047	-4.403462	-4.207428	-4.255012
		log(lower)																																																																
			-9.176531	-8.934436	-9.185625	-9.314744	-9.274166	-9.762268	-9.476504	-9.838668	-9.378420	-9.243522	-9.673441	-8.941219	-9.124164	-9.213513	-8.878887	-9.286536	-9.289134	-9.415694	-9.647133	-9.439520	-9.063744	-9.310081	-9.310603	-9.287571	-9.630359	-9.112631	-9.211830	-9.401689	-9.376147	-9.402330	-9.477574	-9.091940	-9.694167	-8.902404	-9.432310	-9.362459	-9.425453	-9.327048	-9.278178	-9.478278	-9.173250	-9.166636	-9.374170	-9.625957	-9.551973	-9.124726	-9.612239	-9.054887	-9.332894	-9.238671	-9.211386	-9.413607	-9.526636	-9.311284	-9.098609	-9.101745	-9.061408	-9.043274	-9.533279	-9.132545	-9.390582	-9.245642	-9.172978	-9.357483
			-8.411347	-8.013111	-8.439214	-8.476039	-8.325182	-8.693089	-8.560112	-8.809191	-8.435926	-8.040145	-8.708642	-8.039908	-8.085406	-8.302730	-8.044816	-8.308542	-8.181239	-8.419015	-8.480787	-8.473152	-8.139478	-8.404719	-8.257645	-8.238773	-8.887745	-8.336125	-8.406931	-8.172406	-8.572629	-8.288134	-8.678555	-8.183642	-8.774705	-7.839123	-8.670657	-8.765584	-8.210723	-8.165083	-8.167997	-8.781882	-8.336451	-8.124739	-8.317382	-8.830642	-8.349398	-8.312221	-8.859917	-8.258373	-8.322980	-8.209779	-8.214998	-8.242391	-8.439433	-8.321058	-8.206023	-8.228200	-8.250789	-8.055566	-8.478413	-8.114276	-8.554536	-8.097221	-8.262189	-8.391140
			-7.412493	-7.231418	-8.534150	-7.210810	-7.295199	-7.742452	-7.554952	-7.921051	-7.540014	-7.186291	-7.549299	-7.212679	-7.147418	-7.257387	-7.343125	-7.458072	-7.205556	-7.631730	-7.600645	-7.536315	-7.286629	-7.316709	-7.160843	-7.210231	-7.534505	-7.318550	-7.337885	-7.369047	-7.635430	-7.454764	-7.565652	-7.157551	-7.850940	-7.009981	-7.647171	-7.894211	-7.361782	-7.330899	-7.220615	-7.612058	-7.375912	-7.253584	-7.232082	-7.759745	-7.494780	-7.250714	-7.691562	-7.488153	-7.328290	-7.387581	-7.470741	-7.422949	-7.416481	-7.402308	-7.337827	-7.113082	-7.284905	-7.174908	-7.406328	-7.247131	-7.517879	-7.251647	-7.343346	-7.418698
			-6.423165	-6.325373	-8.221879	-6.504457	-6.509366	-6.713071	-6.592421	-7.181935	-6.574391	-6.285454	-6.668962	-6.245513	-6.313989	-6.493744	-6.351395	-6.502220	-6.346009	-6.683679	-6.870704	-6.741959	-6.271067	-6.545779	-6.461454	-6.597656	-6.849256	-6.326656	-6.585696	-6.606828	-6.833974	-6.457012	-6.726823	-6.350399	-6.776616	-6.149295	-6.735210	-6.889783	-6.446085	-6.410455	-6.387342	-6.849460	-6.656639	-6.168081	-6.471186	-6.897287	-6.475000	-6.319554	-6.836537	-6.468820	-6.391251	-6.326659	-6.500142	-6.490627	-6.529816	-6.378880	-6.441719	-6.285414	-6.379549	-6.192403	-6.623584	-6.190069	-6.539734	-6.372789	-6.519739	-6.630673
			-5.496463	-5.529150	-7.380957	-5.552773	-5.556964	-5.843202	-5.589558	-6.070372	-5.663909	-5.395470	-5.816080	-5.451753	-5.436547	-5.507641	-5.570239	-5.583897	-5.535576	-5.757114	-5.913641	-5.766191	-5.480495	-5.591170	-5.533158	-5.493171	-5.859159	-5.548936	-5.672606	-5.592867	-5.847380	-5.578835	-5.704092	-5.486719	-6.082048	-5.179079	-5.982609	-5.981718	-5.539243	-5.497865	-5.293273	-6.030414	-5.614557	-5.398515	-5.521430	-6.060123	-5.666527	-5.568292	-5.998608	-5.656698	-5.495905	-5.380764	-5.608330	-5.492315	-5.596300	-5.531347	-5.438933	-5.472738	-5.338909	-5.309629	-5.658964	-5.364999	-5.678457	-5.542337	-5.482297	-5.568782
																																																																		
		upper																																																																
			8.386e-09	8.796e-09	4.354e-06	7.435e-09	8.387e-09	5.150e-09	5.912e-09	5.616e-09	4.972e-09	6.347e-09	4.202e-09	9.034e-09	4.478e-09	5.783e-09	2.207e-08	5.188e-09	4.461e-09	1.181e-08	6.873e-09	2.853e-09	9.623e-09	2.926e-09	4.855e-09	8.957e-09	7.772e-09	7.371e-09	5.989e-09	6.087e-09	1.195e-08	3.623e-09	7.410e-09	6.838e-09	3.399e-09	5.319e-09	3.551e-09	5.284e-08	5.452e-09	4.970e-09	3.944e-09	1.029e-08	1.266e-08	5.661e-09	5.300e-09	5.769e-09	3.323e-09	1.370e-08	6.818e-09	3.124e-08	2.788e-09	4.310e-09	1.009e-08	4.565e-09	2.529e-09	2.332e-09	6.225e-09	8.428e-09	8.777e-09	4.389e-09	3.877e-09	4.381e-09	2.454e-09	7.820e-09	1.264e-08	9.042e-09
			3.603e-08	5.755e-08	8.432e-06	3.694e-08	5.354e-08	4.017e-08	3.453e-08	3.874e-08	3.235e-08	7.591e-08	2.707e-08	5.616e-08	3.951e-08	3.595e-08	1.074e-07	3.739e-08	4.412e-08	7.765e-08	6.687e-08	2.062e-08	6.051e-08	1.898e-08	4.163e-08	7.113e-08	2.821e-08	3.360e-08	2.907e-08	7.434e-08	5.085e-08	3.612e-08	3.214e-08	4.285e-08	2.012e-08	5.172e-08	1.563e-08	1.173e-07	6.482e-08	5.438e-08	3.992e-08	3.386e-08	6.110e-08	4.834e-08	4.457e-08	2.454e-08	3.937e-08	6.275e-08	2.584e-08	1.274e-07	2.300e-08	3.618e-08	7.150e-08	5.032e-08	2.391e-08	1.889e-08	3.798e-08	4.741e-08	4.298e-08	3.529e-08	3.226e-08	3.688e-08	1.356e-08	8.033e-08	7.237e-08	5.819e-08
			3.215e-07	3.186e-07	4.605e-06	6.035e-07	5.083e-07	3.090e-07	3.080e-07	2.551e-07	2.284e-07	4.878e-07	3.427e-07	3.446e-07	3.167e-07	3.616e-07	4.777e-07	2.395e-07	3.794e-07	4.094e-07	4.368e-07	1.629e-07	3.879e-07	2.149e-07	4.704e-07	6.702e-07	5.457e-07	3.169e-07	3.084e-07	4.193e-07	3.800e-07	2.233e-07	3.638e-07	4.143e-07	1.491e-07	3.275e-07	1.494e-07	7.067e-07	4.071e-07	3.347e-07	3.237e-07	4.306e-07	4.904e-07	3.274e-07	4.855e-07	2.511e-07	2.528e-07	6.365e-07	3.290e-07	6.418e-07	2.100e-07	2.200e-07	3.510e-07	2.979e-07	2.294e-07	1.463e-07	2.562e-07	5.570e-07	3.590e-07	2.502e-07	3.400e-07	2.512e-07	1.363e-07	5.017e-07	5.278e-07	4.782e-07
			3.506e-06	2.804e-06	1.391e-05	3.460e-06	3.504e-06	3.837e-06	3.205e-06	1.642e-06	2.352e-06	4.315e-06	2.966e-06	3.498e-06	2.334e-06	2.316e-06	5.302e-06	2.394e-06	3.019e-06	4.222e-06	2.725e-06	1.110e-06	4.469e-06	1.372e-06	2.604e-06	3.113e-06	3.083e-06	3.434e-06	1.926e-06	2.734e-06	2.786e-06	2.448e-06	2.876e-06	2.918e-06	2.003e-06	2.532e-06	1.347e-06	8.814e-06	3.770e-06	3.091e-06	2.409e-06	2.898e-06	2.923e-06	4.375e-06	3.128e-06	2.105e-06	2.949e-06	6.170e-06	2.727e-06	7.847e-06	1.965e-06	2.764e-06	3.708e-06	2.841e-06	1.941e-06	1.654e-06	2.207e-06	4.155e-06	3.195e-06	2.576e-06	2.309e-06	3.098e-06	1.403e-06	4.259e-06	3.999e-06	3.352e-06
			4.015e-05	2.236e-05	2.777e-04	4.298e-05	4.373e-05	4.275e-05	4.557e-05	3.294e-05	2.577e-05	4.473e-05	3.026e-05	2.788e-05	2.181e-05	2.938e-05	4.493e-05	2.616e-05	2.529e-05	5.380e-05	3.721e-05	1.345e-05	3.686e-05	1.532e-05	2.908e-05	5.579e-05	4.589e-05	2.699e-05	2.073e-05	3.919e-05	4.038e-05	2.413e-05	4.399e-05	2.755e-05	1.391e-05	2.813e-05	1.000e-05	1.270e-04	4.195e-05	3.354e-05	3.810e-05	2.885e-05	4.583e-05	3.319e-05	3.776e-05	2.123e-05	2.553e-05	4.933e-05	2.801e-05	7.816e-05	1.916e-05	3.107e-05	4.045e-05	3.808e-05	2.154e-05	1.405e-05	2.843e-05	3.587e-05	4.633e-05	2.377e-05	2.903e-05	2.565e-05	1.265e-05	3.949e-05	6.203e-05	5.559e-05
		lower																																																																
			6.660e-10	1.163e-09	6.522e-10	4.845e-10	5.319e-10	1.729e-10	3.338e-10	1.450e-10	4.184e-10	5.708e-10	2.121e-10	1.145e-09	7.513e-10	6.116e-10	1.322e-09	5.170e-10	5.139e-10	3.840e-10	2.254e-10	3.635e-10	8.635e-10	4.897e-10	4.891e-10	5.157e-10	2.342e-10	7.716e-10	6.140e-10	3.966e-10	4.206e-10	3.960e-10	3.330e-10	8.092e-10	2.022e-10	1.252e-09	3.696e-10	4.341e-10	3.754e-10	4.709e-10	5.270e-10	3.324e-10	6.710e-10	6.813e-10	4.225e-10	2.366e-10	2.806e-10	7.504e-10	2.442e-10	8.813e-10	4.646e-10	5.772e-10	6.146e-10	3.858e-10	2.974e-10	4.883e-10	7.969e-10	7.911e-10	8.681e-10	9.052e-10	2.929e-10	7.370e-10	4.068e-10	5.680e-10	6.715e-10	4.391e-10
			3.878e-09	9.703e-09	3.637e-09	3.342e-09	4.730e-09	2.027e-09	2.754e-09	1.552e-09	3.665e-09	9.117e-09	1.956e-09	9.122e-09	8.215e-09	4.980e-09	9.020e-09	4.914e-09	6.588e-09	3.811e-09	3.305e-09	3.364e-09	7.253e-09	3.938e-09	5.525e-09	5.771e-09	1.295e-09	4.612e-09	3.918e-09	6.723e-09	2.675e-09	5.151e-09	2.096e-09	6.552e-09	1.680e-09	1.448e-08	2.135e-09	1.716e-09	6.156e-09	6.838e-09	6.792e-09	1.652e-09	4.608e-09	7.503e-09	4.815e-09	1.477e-09	4.473e-09	4.873e-09	1.381e-09	5.516e-09	4.754e-09	6.169e-09	6.095e-09	5.723e-09	3.636e-09	4.775e-09	6.223e-09	5.913e-09	5.613e-09	8.799e-09	3.323e-09	7.686e-09	2.789e-09	7.994e-09	5.468e-09	4.063e-09
			3.868e-08	5.869e-08	2.923e-09	6.154e-08	5.068e-08	1.809e-08	2.786e-08	1.199e-08	2.884e-08	6.512e-08	2.823e-08	6.128e-08	7.122e-08	5.529e-08	4.538e-08	3.483e-08	6.229e-08	2.335e-08	2.508e-08	2.909e-08	5.169e-08	4.823e-08	6.905e-08	6.163e-08	2.921e-08	4.802e-08	4.593e-08	4.275e-08	2.315e-08	3.509e-08	2.719e-08	6.957e-08	1.409e-08	9.773e-08	2.253e-08	1.276e-08	4.347e-08	4.668e-08	6.017e-08	2.443e-08	4.208e-08	5.577e-08	5.860e-08	1.739e-08	3.201e-08	5.614e-08	2.034e-08	3.250e-08	4.696e-08	4.097e-08	3.383e-08	3.776e-08	3.833e-08	3.960e-08	4.594e-08	7.708e-08	5.189e-08	6.685e-08	3.923e-08	5.661e-08	3.035e-08	5.602e-08	4.536e-08	3.813e-08
			3.774e-07	4.727e-07	6.000e-09	3.130e-07	3.095e-07	1.936e-07	2.556e-07	6.578e-08	2.664e-07	5.183e-07	2.143e-07	5.682e-07	4.853e-07	3.208e-07	4.453e-07	3.146e-07	4.508e-07	2.072e-07	1.347e-07	1.812e-07	5.357e-07	2.846e-07	3.456e-07	2.525e-07	1.415e-07	4.714e-07	2.596e-07	2.473e-07	1.466e-07	3.491e-07	1.876e-07	4.463e-07	1.673e-07	7.091e-07	1.840e-07	1.289e-07	3.580e-07	3.886e-07	4.099e-07	1.414e-07	2.205e-07	6.791e-07	3.379e-07	1.267e-07	3.350e-07	4.791e-07	1.457e-07	3.398e-07	4.062e-07	4.713e-07	3.161e-07	3.231e-07	2.952e-07	4.179e-07	3.616e-07	5.183e-07	4.173e-07	6.421e-07	2.379e-07	6.456e-07	2.886e-07	4.238e-07	3.022e-07	2.341e-07
			3.188e-06	2.957e-06	4.160e-08	2.800e-06	2.774e-06	1.435e-06	2.573e-06	8.504e-07	2.168e-06	4.023e-06	1.527e-06	3.534e-06	3.660e-06	3.107e-06	2.690e-06	2.607e-06	2.914e-06	1.749e-06	1.220e-06	1.713e-06	3.308e-06	2.563e-06	2.930e-06	3.212e-06	1.383e-06	2.825e-06	2.125e-06	2.553e-06	1.421e-06	2.637e-06	1.977e-06	3.260e-06	8.279e-07	6.621e-06	1.041e-06	1.043e-06	2.889e-06	3.178e-06	5.090e-06	9.324e-07	2.429e-06	3.995e-06	3.010e-06	8.707e-07	2.155e-06	2.702e-06	1.003e-06	2.204e-06	3.192e-06	4.161e-06	2.464e-06	3.219e-06	2.533e-06	2.942e-06	3.640e-06	3.367e-06	4.582e-06	4.902e-06	2.193e-06	4.315e-06	2.097e-06	2.869e-06	3.294e-06	2.699e-06
		mean																																																																
			2.363e-09	3.198e-09	5.329e-08	1.898e-09	2.112e-09	9.436e-10	1.405e-09	9.024e-10	1.442e-09	1.903e-09	9.441e-10	3.216e-09	1.834e-09	1.881e-09	5.401e-09	1.638e-09	1.514e-09	2.129e-09	1.245e-09	1.018e-09	2.883e-09	1.197e-09	1.541e-09	2.149e-09	1.349e-09	2.385e-09	1.918e-09	1.554e-09	2.242e-09	1.198e-09	1.571e-09	2.352e-09	8.290e-10	2.580e-09	1.146e-09	4.789e-09	1.431e-09	1.530e-09	1.442e-09	1.849e-09	2.915e-09	1.964e-09	1.496e-09	1.168e-09	9.656e-10	3.206e-09	1.290e-09	5.247e-09	1.138e-09	1.577e-09	2.490e-09	1.327e-09	8.673e-10	1.067e-09	2.227e-09	2.582e-09	2.760e-09	1.993e-09	1.066e-09	1.797e-09	9.991e-10	2.108e-09	2.914e-09	1.993e-09
			1.182e-08	2.363e-08	1.751e-07	1.111e-08	1.591e-08	9.025e-09	9.751e-09	7.753e-09	1.089e-08	2.631e-08	7.276e-09	2.263e-08	1.802e-08	1.338e-08	3.113e-08	1.355e-08	1.705e-08	1.720e-08	1.487e-08	8.328e-09	2.095e-08	8.646e-09	1.517e-08	2.026e-08	6.044e-09	1.245e-08	1.067e-08	2.236e-08	1.166e-08	1.364e-08	8.208e-09	1.675e-08	5.813e-09	2.737e-08	5.777e-09	1.419e-08	1.997e-08	1.928e-08	1.647e-08	7.480e-09	1.678e-08	1.905e-08	1.465e-08	6.020e-09	1.327e-08	1.749e-08	5.973e-09	2.651e-08	1.046e-08	1.494e-08	2.088e-08	1.697e-08	9.323e-09	9.498e-09	1.537e-08	1.674e-08	1.553e-08	1.762e-08	1.035e-08	1.684e-08	6.149e-09	2.534e-08	1.989e-08	1.538e-08
			1.115e-07	1.367e-07	1.160e-07	1.927e-07	1.605e-07	7.477e-08	9.264e-08	5.531e-08	8.116e-08	1.782e-07	9.836e-08	1.453e-07	1.502e-07	1.414e-07	1.472e-07	9.133e-08	1.537e-07	9.777e-08	1.047e-07	6.883e-08	1.416e-07	1.018e-07	1.802e-07	2.032e-07	1.263e-07	1.234e-07	1.190e-07	1.339e-07	9.379e-08	8.853e-08	9.944e-08	1.698e-07	4.585e-08	1.789e-07	5.802e-08	9.495e-08	1.330e-07	1.250e-07	1.396e-07	1.026e-07	1.437e-07	1.351e-07	1.687e-07	6.608e-08	8.995e-08	1.890e-07	8.182e-08	1.444e-07	9.931e-08	9.493e-08	1.090e-07	1.061e-07	9.378e-08	7.612e-08	1.085e-07	2.072e-07	1.365e-07	1.293e-07	1.155e-07	1.192e-07	6.432e-08	1.677e-07	1.547e-07	1.350e-07
			1.150e-06	1.151e-06	2.889e-07	1.041e-06	1.041e-06	8.619e-07	9.052e-07	3.287e-07	7.916e-07	1.495e-06	7.972e-07	1.410e-06	1.064e-06	8.619e-07	1.537e-06	8.678e-07	1.167e-06	9.352e-07	6.058e-07	4.485e-07	1.547e-06	6.248e-07	9.486e-07	8.866e-07	6.605e-07	1.272e-06	7.071e-07	8.222e-07	6.390e-07	9.245e-07	7.344e-07	1.141e-06	5.788e-07	1.340e-06	4.979e-07	1.066e-06	1.162e-06	1.096e-06	9.936e-07	6.402e-07	8.028e-07	1.724e-06	1.028e-06	5.163e-07	9.938e-07	1.719e-06	6.303e-07	1.633e-06	8.935e-07	1.141e-06	1.083e-06	9.582e-07	7.571e-07	8.314e-07	8.934e-07	1.468e-06	1.155e-06	1.286e-06	7.412e-07	1.414e-06	6.362e-07	1.344e-06	1.099e-06	8.857e-07
			1.131e-05	8.132e-06	3.399e-06	1.097e-05	1.101e-05	7.832e-06	1.083e-05	5.293e-06	7.474e-06	1.341e-05	6.798e-06	9.927e-06	8.934e-06	9.554e-06	1.099e-05	8.258e-06	8.585e-06	9.701e-06	6.738e-06	4.800e-06	1.104e-05	6.266e-06	9.231e-06	1.339e-05	7.967e-06	8.733e-06	6.637e-06	1.000e-05	7.575e-06	7.977e-06	9.324e-06	9.478e-06	3.394e-06	1.365e-05	3.227e-06	1.151e-05	1.101e-05	1.032e-05	1.393e-05	5.187e-06	1.055e-05	1.151e-05	1.066e-05	4.299e-06	7.417e-06	1.155e-05	5.301e-06	1.313e-05	7.820e-06	1.137e-05	9.984e-06	1.107e-05	7.388e-06	6.429e-06	1.017e-05	1.099e-05	1.457e-05	1.079e-05	7.979e-06	1.052e-05	5.149e-06	1.064e-05	1.429e-05	1.225e-05
		fold up																																																																
			3.548571	2.750104	81.706852	3.917438	3.970846	5.458182	4.208362	6.223883	3.447336	3.334562	4.450875	2.809063	2.441244	3.074797	4.086717	3.167984	2.946422	5.545470	5.522727	2.801801	3.338359	2.444402	3.150688	4.167392	5.760287	3.090945	3.123015	3.917775	5.330526	3.024625	4.717443	2.907013	4.099529	2.061130	3.099981	11.033561	3.810625	3.248726	2.735714	5.562753	4.343567	2.882388	3.541627	4.937813	3.441753	4.272548	5.283835	5.954304	2.449620	2.732508	4.051752	3.439574	2.916066	2.185073	2.795050	3.263811	3.179683	2.201981	3.638307	2.438045	2.455866	3.710546	4.339450	4.538213
			3.047772	2.435430	48.146324	3.324852	3.364704	4.451596	3.541166	4.996673	2.971136	2.885445	3.720111	2.481312	2.193069	2.686713	3.450944	2.758228	2.587763	4.514176	4.497882	2.475668	2.888335	2.195565	2.744975	3.510814	4.667686	2.699124	2.723750	3.325104	4.359859	2.648101	3.915461	2.557284	3.460461	1.889626	2.706065	8.269276	3.244954	2.819989	2.424214	4.526553	3.641079	2.538214	3.042524	4.075952	2.966901	3.588645	4.326239	4.805742	2.199689	2.421714	3.424952	2.965249	2.564290	1.989254	2.470418	2.831508	2.767189	2.002792	3.115485	2.190541	2.204623	3.169849	3.638042	3.784266
			2.883063	2.329718	39.689986	3.131555	3.167207	4.132233	3.324829	4.611572	2.814139	2.736966	3.484267	2.371401	2.108869	2.557543	3.244290	2.622184	2.467963	4.187407	4.173046	2.366275	2.739571	2.111149	2.610210	3.297746	4.322593	2.568767	2.591030	3.131780	4.051280	2.522607	3.657888	2.440336	3.252790	1.830617	2.575043	7.442661	3.060010	2.677940	2.319522	4.198316	3.413899	2.423042	2.878346	3.800204	2.810328	3.367170	4.021592	4.443980	2.114917	2.317250	3.221068	2.808841	2.446688	1.922204	2.361508	2.688332	2.630277	1.934631	2.943890	2.106559	2.119424	2.992677	3.411193	3.541335
			3.047772	2.435430	48.146324	3.324852	3.364704	4.451596	3.541166	4.996673	2.971136	2.885445	3.720111	2.481312	2.193069	2.686713	3.450944	2.758228	2.587763	4.514176	4.497882	2.475668	2.888335	2.195565	2.744975	3.510814	4.667686	2.699124	2.723750	3.325104	4.359859	2.648101	3.915461	2.557284	3.460461	1.889626	2.706065	8.269276	3.244954	2.819989	2.424214	4.526553	3.641079	2.538214	3.042524	4.075952	2.966901	3.588645	4.326239	4.805742	2.199689	2.421714	3.424952	2.965249	2.564290	1.989254	2.470418	2.831508	2.767189	2.002792	3.115485	2.190541	2.204623	3.169849	3.638042	3.784266
			3.548571	2.750104	81.706852	3.917438	3.970846	5.458182	4.208362	6.223883	3.447336	3.334562	4.450875	2.809063	2.441244	3.074797	4.086717	3.167984	2.946422	5.545470	5.522727	2.801801	3.338359	2.444402	3.150688	4.167392	5.760287	3.090945	3.123015	3.917775	5.330526	3.024625	4.717443	2.907013	4.099529	2.061130	3.099981	11.033561	3.810625	3.248726	2.735714	5.562753	4.343567	2.882388	3.541627	4.937813	3.441753	4.272548	5.283835	5.954304	2.449620	2.732508	4.051752	3.439574	2.916066	2.185073	2.795050	3.263811	3.179683	2.201981	3.638307	2.438045	2.455866	3.710546	4.339450	4.538213
		fold down																																																																
			3.548571	2.750104	81.706852	3.917438	3.970846	5.458182	4.208362	6.223883	3.447336	3.334562	4.450875	2.809063	2.441244	3.074797	4.086717	3.167984	2.946422	5.545470	5.522727	2.801801	3.338359	2.444402	3.150688	4.167392	5.760287	3.090945	3.123015	3.917775	5.330526	3.024625	4.717443	2.907013	4.099529	2.061130	3.099981	11.033561	3.810625	3.248726	2.735714	5.562753	4.343567	2.882388	3.541627	4.937813	3.441753	4.272548	5.283835	5.954304	2.449620	2.732508	4.051752	3.439574	2.916066	2.185073	2.795050	3.263811	3.179683	2.201981	3.638307	2.438045	2.455866	3.710546	4.339450	4.538213
			3.047772	2.435430	48.146324	3.324852	3.364704	4.451596	3.541166	4.996673	2.971136	2.885445	3.720111	2.481312	2.193069	2.686713	3.450944	2.758228	2.587763	4.514176	4.497882	2.475668	2.888335	2.195565	2.744975	3.510814	4.667686	2.699124	2.723750	3.325104	4.359859	2.648101	3.915461	2.557284	3.460461	1.889626	2.706065	8.269276	3.244954	2.819989	2.424214	4.526553	3.641079	2.538214	3.042524	4.075952	2.966901	3.588645	4.326239	4.805742	2.199689	2.421714	3.424952	2.965249	2.564290	1.989254	2.470418	2.831508	2.767189	2.002792	3.115485	2.190541	2.204623	3.169849	3.638042	3.784266
			2.883063	2.329718	39.689986	3.131555	3.167207	4.132233	3.324829	4.611572	2.814139	2.736966	3.484267	2.371401	2.108869	2.557543	3.244290	2.622184	2.467963	4.187407	4.173046	2.366275	2.739571	2.111149	2.610210	3.297746	4.322593	2.568767	2.591030	3.131780	4.051280	2.522607	3.657888	2.440336	3.252790	1.830617	2.575043	7.442661	3.060010	2.677940	2.319522	4.198316	3.413899	2.423042	2.878346	3.800204	2.810328	3.367170	4.021592	4.443980	2.114917	2.317250	3.221068	2.808841	2.446688	1.922204	2.361508	2.688332	2.630277	1.934631	2.943890	2.106559	2.119424	2.992677	3.411193	3.541335
			3.047772	2.435430	48.146324	3.324852	3.364704	4.451596	3.541166	4.996673	2.971136	2.885445	3.720111	2.481312	2.193069	2.686713	3.450944	2.758228	2.587763	4.514176	4.497882	2.475668	2.888335	2.195565	2.744975	3.510814	4.667686	2.699124	2.723750	3.325104	4.359859	2.648101	3.915461	2.557284	3.460461	1.889626	2.706065	8.269276	3.244954	2.819989	2.424214	4.526553	3.641079	2.538214	3.042524	4.075952	2.966901	3.588645	4.326239	4.805742	2.199689	2.421714	3.424952	2.965249	2.564290	1.989254	2.470418	2.831508	2.767189	2.002792	3.115485	2.190541	2.204623	3.169849	3.638042	3.784266
			3.548571	2.750104	81.706852	3.917438	3.970846	5.458182	4.208362	6.223883	3.447336	3.334562	4.450875	2.809063	2.441244	3.074797	4.086717	3.167984	2.946422	5.545470	5.522727	2.801801	3.338359	2.444402	3.150688	4.167392	5.760287	3.090945	3.123015	3.917775	5.330526	3.024625	4.717443	2.907013	4.099529	2.061130	3.099981	11.033561	3.810625	3.248726	2.735714	5.562753	4.343567	2.882388	3.541627	4.937813	3.441753	4.272548	5.283835	5.954304	2.449620	2.732508	4.051752	3.439574	2.916066	2.185073	2.795050	3.263811	3.179683	2.201981	3.638307	2.438045	2.455866	3.710546	4.339450	4.538213
																																																																		
			AHCY	AKR1C1	ALUsq(Eurogentec)	ARHGEF7	BIRC5	CAMTA1	CAMTA2	CD44	CDCA5	CDH5	CDKN3	CLSTN1	CPSG3	DDC	DPYSL3	ECEL1	ELAVL4	EPB41L3	EPHA5	EPN2	FYN	GNB1	HIVEP2	HMBS	HPRT1	IGSF4	INPP1	MAP2K4	MAP7	MAPT	MCM2	MRPL3	MTSS1	MYCN(4)	NHLH2	NM23A	NRCAM	NTRK1	ODC1	PAICS	PDE4DIP	PIK3R1	PLAGL1	PLAT	PMP22	PRAME	PRDM2	PRKACB	PRKCZ	PTN	PTPRF	PTPRH	PTPRN2	QPCT	SCG2	SDHA(1)	SLC25A5	SLC6A8	SNAPC1	TNFRSF	TYMS	UBC(2)	ULK2	WSB1
		detectable difference	3.203208	2.534140	57.235415	3.508018	3.551953	4.758416	3.746775	5.368670	3.119116	3.025203	3.944780	2.584034	2.271304	2.807888	3.647110	2.886010	2.699948	4.828317	4.810113	2.577893	3.028369	2.274005	2.871525	3.713234	4.999967	2.821438	2.848335	3.508295	4.656027	2.765746	4.161423	2.666738	3.657618	1.944070	2.829019	9.086967	3.420003	2.953551	2.521949	4.842147	3.857277	2.645967	3.197447	4.339772	3.114473	3.799269	4.618527	5.154553	2.278467	2.519233	3.618419	3.112661	2.674370	2.051268	2.572183	2.966154	2.895805	2.065853	3.277588	2.268569	2.283806	3.337356	3.853916	4.015874
