			AHCY_20080229	AKR1C1_20080307	ALUsq(Eurogentec)_20080228	ARHGEF7_20080225	BIRC5_20080229	CAMTA1_20080307	CAMTA2_20080227	CD44_20080311	CDCA5_20080225	CDH5_20080305	CDKN3_20080311	CLSTN1_20080227	CPSG3_20080306	DDC_20080310	DPYSL3_20080226	ECEL1_20080225	ELAVL4_20080310	EPB41L3_20080228	EPHA5_20080305	EPN2_20080304	FYN_20080311	GNB1_20080228	HIVEP2_20080304	HMBS_20080318	HPRT1_20080303	IGSF4_20080311	INPP1_20080303	MAP2K4_20080306	MAP7_20080229	MAPT_20080229	MCM2_20080306	MRPL3_20080222	MTSS1_20080227	MYCN(4)_20080222	NHLH2_20080222	NM23A_20080306	NRCAM_20080228	NTRK1_20080318	ODC1_20080226	PAICS_20080311	PDE4DIP_20080305	PIK3R1_20080306	PLAGL1_20080226	PLAT_20080311	PMP22_20080227	PRAME_20080310	PRDM2_20080306	PRKACB_20080311_bis	PRKCZ_20080307	PTN_20080227	PTPRF_20080225	PTPRH_20080228	PTPRN2_20080303	QPCT_20080228	SCG2_20080311	SDHA(1)_20080220	SLC25A5_20080229	SLC6A8_20080306	SNAPC1_20080227	TNFRSF_20080307	TYMS_20080305	UBC(2)_20080220	ULK2_20080229	WSB1_20080310
		15	1.150e-10	7.690e-11	1.210e-08	2.230e-10	2.360e-11	3.410e-11	1.130e-10	6.130e-11	7.930e-11	1.720e-10	3.630e-11	2.990e-10	1.630e-10	1.640e-10	8.321e-11	1.860e-10	1.280e-10	1.130e-10	9.080e-11	1.380e-10	1.310e-10	9.160e-11	1.560e-10	2.180e-10	1.140e-10	2.360e-10	1.600e-10	7.590e-11	2.320e-10	2.640e-10	5.680e-11	1.030e-10	6.670e-11	3.420e-10	6.020e-11	5.580e-10	1.070e-10	6.920e-11	9.380e-11	7.150e-11	2.020e-10	3.374e-10	1.850e-10	6.150e-11	5.190e-11	2.640e-10	1.829e-10	2.850e-10	1.510e-10	2.750e-10	1.470e-10	1.090e-10	8.110e-11	7.830e-11	1.660e-10	4.160e-10	1.800e-10	2.290e-10	1.680e-10	3.610e-10	2.940e-11	1.260e-10	2.680e-10	1.510e-10
		15	2.260e-10	9.970e-11	1.620e-08	1.150e-10	1.620e-10	6.319e-11	1.470e-10	2.600e-11	1.190e-10	1.220e-10	4.990e-11	3.630e-10	2.600e-10	1.420e-10	1.003e-10	2.060e-10	1.320e-10	1.690e-10	1.560e-10	1.230e-10	1.750e-10	1.530e-10	1.880e-10	1.450e-10	2.590e-10	2.940e-10	1.460e-10	1.420e-10	2.440e-10	1.280e-10	9.400e-11	7.000e-11	6.270e-11	4.480e-10	6.270e-11	2.320e-10	1.420e-10	3.990e-11	1.800e-10	5.510e-11	1.970e-10	2.302e-10	9.170e-11	6.500e-11	8.400e-11	2.340e-10	1.804e-10	1.830e-10	1.280e-10	1.550e-10	2.320e-10	1.590e-10	9.180e-11	1.060e-10	1.340e-10	1.930e-10	3.050e-10	2.920e-10	7.850e-11	1.670e-10	2.860e-11	1.470e-10	1.620e-10	1.650e-10
		15	2.810e-10	8.580e-11	1.940e-08	1.900e-10	5.240e-11	5.512e-11	1.480e-10	1.070e-10	1.520e-10	2.240e-10	7.470e-11	1.250e-10	2.460e-10	1.360e-10	1.177e-10	1.810e-10	1.230e-10	3.050e-10	7.990e-11	1.420e-10	9.470e-11	1.110e-10	1.060e-10	1.920e-10	1.960e-10	2.280e-10	1.700e-10	1.880e-10	1.630e-10	2.700e-10	2.500e-11	1.030e-10	4.690e-11	3.520e-10	5.090e-11	1.650e-10	1.810e-10	6.920e-11	1.180e-10	1.149e-10	7.810e-11	2.163e-10	9.480e-11	5.350e-11	4.380e-11	1.670e-10	3.242e-11	3.270e-10	1.500e-10	1.440e-10	2.030e-10	1.350e-10	1.210e-10	1.050e-10	1.430e-10	3.800e-10	2.780e-10	1.990e-10	9.230e-11	2.040e-10	4.350e-11	1.240e-10	3.180e-10	1.430e-10
		150	1.550e-09	8.920e-10	4.080e-07	1.780e-09	6.190e-10	3.456e-10	1.740e-09	8.620e-10	1.150e-09	2.770e-09	5.910e-10	2.390e-09	2.200e-09	1.250e-09	1.227e-09	2.280e-09	1.220e-09	2.040e-09	1.040e-09	1.590e-09	1.530e-09	1.140e-09	1.780e-09	2.130e-09	1.550e-09	2.470e-09	1.450e-09	1.150e-09	1.500e-09	2.180e-09	3.660e-10	9.090e-10	7.060e-10	2.630e-09	5.890e-10	1.700e-09	1.960e-09	7.130e-10	1.580e-09	7.889e-10	1.330e-09	2.818e-09	1.420e-09	3.720e-10	9.310e-10	1.880e-09	7.921e-10	1.980e-09	1.580e-09	2.280e-09	1.780e-09	1.550e-09	1.130e-09	1.130e-09	1.320e-09	3.030e-09	1.950e-09	2.250e-09	1.140e-09	2.370e-09	2.850e-10	2.260e-09	2.860e-09	1.390e-09
		150	1.990e-09	1.120e-09	2.340e-08	1.690e-09	8.110e-10	7.049e-10	1.650e-09	7.030e-10	1.350e-09	2.580e-09	5.610e-10	2.430e-09	2.130e-09	1.560e-09	1.287e-09	2.230e-09	1.410e-09	1.950e-09	1.100e-09	1.270e-09	1.150e-09	9.300e-10	1.320e-09	1.970e-09	1.590e-09	2.140e-09	1.280e-09	1.310e-09	2.020e-09	1.990e-09	5.450e-10	1.100e-09	7.920e-10	2.470e-09	5.850e-10	1.500e-09	1.830e-09	7.870e-10	1.940e-09	5.572e-10	1.410e-09	2.658e-09	1.420e-09	4.590e-10	1.090e-09	1.820e-09	7.995e-10	2.250e-09	1.750e-09	2.310e-09	2.240e-09	1.880e-09	1.050e-09	8.100e-10	1.390e-09	3.140e-09	1.700e-09	2.190e-09	1.090e-09	2.220e-09	3.250e-10	2.010e-09	2.780e-09	1.480e-09
		150	1.710e-09	9.900e-10	2.000e-08	1.420e-09	7.130e-10	6.189e-10	1.230e-09	7.040e-10	1.270e-09	2.090e-09	4.970e-10	2.450e-09	2.020e-09	1.310e-09	1.066e-09	2.030e-09	1.430e-09	1.790e-09	8.710e-10	1.310e-09	1.360e-09	1.050e-09	1.620e-09	2.120e-09	1.240e-09	2.000e-09	1.100e-09	1.320e-09	1.850e-09	1.780e-09	4.950e-10	8.150e-10	6.070e-10	2.480e-09	4.120e-10	1.440e-09	1.610e-09	6.170e-10	1.880e-09	6.829e-10	1.240e-09	2.457e-09	1.400e-09	4.960e-10	5.380e-10	1.570e-09	7.002e-10	1.920e-09	1.650e-09	2.100e-09	1.420e-09	1.890e-09	1.170e-09	9.070e-10	1.480e-09	2.670e-09	1.960e-09	2.240e-09	1.040e-09	2.610e-09	3.310e-10	1.870e-09	2.150e-09	1.210e-09
		1500	2.120e-08	1.250e-08	4.250e-08	1.910e-08	1.080e-08	9.173e-09	1.870e-08	9.600e-09	1.510e-08	2.940e-08	7.490e-09	2.840e-08	2.610e-08	1.710e-08	1.611e-08	2.180e-08	1.760e-08	2.280e-08	1.420e-08	1.690e-08	1.580e-08	1.700e-08	2.050e-08	2.460e-08	1.820e-08	2.490e-08	1.800e-08	1.620e-08	2.070e-08	2.180e-08	8.630e-09	1.110e-08	9.060e-09	3.070e-08	6.810e-09	2.100e-08	2.300e-08	1.160e-08	2.170e-08	9.193e-09	1.660e-08	3.327e-08	1.800e-08	7.170e-09	1.170e-08	2.730e-08	1.178e-08	2.740e-08	1.950e-08	2.510e-08	2.060e-08	2.330e-08	1.430e-08	1.210e-08	1.600e-08	3.550e-08	2.320e-08	2.880e-08	1.520e-08	2.410e-08	5.600e-09	2.510e-08	2.880e-08	2.030e-08
		1500	1.970e-08	1.120e-08	2.360e-08	1.780e-08	9.330e-09	6.265e-09	1.900e-08	9.140e-09	1.350e-08	2.700e-08	7.250e-09	2.500e-08	2.510e-08	1.670e-08	1.253e-08	2.280e-08	1.460e-08	2.090e-08	1.160e-08	1.330e-08	1.620e-08	1.440e-08	2.140e-08	2.110e-08	1.760e-08	2.270e-08	1.640e-08	1.430e-08	1.910e-08	2.130e-08	7.690e-09	1.080e-08	8.710e-09	2.580e-08	6.670e-09	2.000e-08	2.000e-08	8.960e-09	2.160e-08	9.090e-09	1.570e-08	3.028e-08	1.810e-08	5.920e-09	8.770e-09	2.550e-08	9.992e-09	2.440e-08	1.680e-08	2.310e-08	1.910e-08	2.060e-08	1.360e-08	1.230e-08	1.760e-08	3.100e-08	2.010e-08	2.760e-08	1.490e-08	2.710e-08	4.790e-09	2.220e-08	2.240e-08	1.770e-08
		1500	2.110e-08	9.740e-09	9.320e-08	1.960e-08	1.040e-08	8.776e-09	2.050e-08	8.690e-09	1.320e-08	2.920e-08	9.120e-09	2.430e-08	2.380e-08	1.770e-08	1.444e-08	2.400e-08	1.540e-08	2.210e-08	1.320e-08	1.650e-08	1.220e-08	1.550e-08	1.930e-08	2.220e-08	1.800e-08	2.420e-08	1.760e-08	1.330e-08	1.980e-08	2.160e-08	6.550e-09	1.100e-08	9.520e-09	3.040e-08	6.890e-09	2.020e-08	2.070e-08	9.730e-09	2.120e-08	9.421e-09	1.720e-08	2.987e-08	1.580e-08	6.140e-09	1.120e-08	2.260e-08	8.760e-09	2.510e-08	1.860e-08	2.440e-08	2.190e-08	2.170e-08	1.490e-08	1.230e-08	1.740e-08	3.460e-08	2.250e-08	2.730e-08	1.390e-08	2.550e-08	4.250e-09	2.410e-08	2.750e-08	1.830e-08
		15000	1.920e-07	1.370e-07	1.650e-07	1.790e-07	1.020e-07	9.311e-08	1.880e-07	9.020e-08	1.390e-07	2.550e-07	9.130e-08	2.630e-07	2.220e-07	1.550e-07	1.291e-07	2.260e-07	1.610e-07	1.780e-07	1.340e-07	1.420e-07	1.540e-07	1.520e-07	1.710e-07	2.130e-07	1.660e-07	2.560e-07	1.540e-07	1.640e-07	1.700e-07	2.030e-07	7.220e-08	1.240e-07	9.600e-08	2.960e-07	7.040e-08	1.750e-07	2.090e-07	1.030e-07	2.010e-07	9.343e-08	1.630e-07	2.840e-07	1.770e-07	6.040e-08	1.140e-07	2.490e-07	1.021e-07	2.450e-07	1.700e-07	2.270e-07	2.070e-07	2.100e-07	1.290e-07	1.220e-07	1.690e-07	3.200e-07	2.080e-07	2.660e-07	1.500e-07	2.510e-07	6.520e-08	2.350e-07	2.400e-07	1.790e-07
		15000	2.020e-07	1.480e-07	8.140e-08	1.790e-07	1.100e-07	9.341e-08	1.740e-07	8.820e-08	1.380e-07	2.820e-07	9.310e-08	2.700e-07	2.240e-07	1.490e-07	1.424e-07	2.350e-07	1.690e-07	2.100e-07	1.370e-07	1.410e-07	1.630e-07	1.520e-07	1.570e-07	2.250e-07	1.710e-07	2.640e-07	1.640e-07	1.560e-07	1.760e-07	2.110e-07	8.110e-08	1.260e-07	8.860e-08	3.020e-07	6.880e-08	1.960e-07	1.910e-07	1.010e-07	2.040e-07	9.833e-08	1.580e-07	2.844e-07	1.720e-07	6.540e-08	1.150e-07	2.600e-07	9.563e-08	2.640e-07	1.730e-07	2.210e-07	1.980e-07	2.100e-07	1.300e-07	1.110e-07	1.510e-07	3.370e-07	1.960e-07	2.700e-07	1.420e-07	2.550e-07	5.190e-08	2.350e-07	2.220e-07	1.830e-07
		15000	2.090e-07	1.410e-07	8.720e-08	1.970e-07	1.080e-07	1.053e-07	1.880e-07	8.920e-08	1.460e-07	2.720e-07	9.560e-08	2.870e-07	2.350e-07	1.490e-07	1.542e-07	2.240e-07	1.690e-07	2.410e-07	1.320e-07	1.060e-07	1.500e-07	1.630e-07	2.000e-07	2.420e-07	1.800e-07	2.710e-07	1.730e-07	1.680e-07	1.760e-07	2.290e-07	7.900e-08	1.370e-07	1.080e-07	3.010e-07	7.320e-08	1.910e-07	2.380e-07	1.140e-07	2.250e-07	1.040e-07	1.740e-07	2.962e-07	1.890e-07	6.130e-08	1.300e-07	2.550e-07	9.657e-08	2.870e-07	1.750e-07	2.400e-07	2.180e-07	2.360e-07	1.440e-07	1.260e-07	1.790e-07	3.340e-07	2.150e-07	2.610e-07	1.630e-07	2.680e-07	6.560e-08	2.560e-07	2.630e-07	1.740e-07
		150000	2.040e-06	1.610e-06	9.480e-07	2.010e-06	1.080e-06	1.226e-06	2.230e-06	1.160e-06	1.400e-06	2.950e-06	1.160e-06	2.840e-06	2.660e-06	1.930e-06	1.738e-06	2.570e-06	2.140e-06	2.320e-06	1.470e-06	1.890e-06	1.920e-06	1.760e-06	1.970e-06	2.490e-06	1.960e-06	2.880e-06	1.610e-06	1.940e-06	2.090e-06	1.940e-06	1.030e-06	1.480e-06	1.130e-06	3.410e-06	7.060e-07	1.980e-06	2.200e-06	1.300e-06	2.510e-06	1.211e-06	1.810e-06	3.116e-06	2.050e-06	8.370e-07	1.320e-06	2.690e-06	1.174e-06	3.220e-06	2.080e-06	2.570e-06	2.270e-06	2.270e-06	1.440e-06	1.350e-06	1.900e-06	3.450e-06	2.200e-06	2.860e-06	1.620e-06	3.110e-06	8.000e-07	2.650e-06	2.680e-06	2.230e-06
		150000	2.470e-06	1.610e-06	9.030e-07	2.390e-06	1.390e-06	1.289e-06	2.410e-06	1.160e-06	1.710e-06	3.540e-06	1.270e-06	3.100e-06	2.740e-06	1.690e-06	1.778e-06	2.410e-06	2.200e-06	2.630e-06	1.650e-06	1.880e-06	1.980e-06	1.990e-06	2.340e-06	2.730e-06	2.130e-06	3.180e-06	1.990e-06	2.180e-06	2.230e-06	2.600e-06	1.080e-06	1.670e-06	1.100e-06	3.540e-06	8.270e-07	2.400e-06	2.380e-06	1.400e-06	2.550e-06	1.261e-06	2.330e-06	3.511e-06	2.310e-06	8.480e-07	1.480e-06	3.180e-06	1.343e-06	3.450e-06	2.170e-06	2.750e-06	2.460e-06	2.630e-06	1.700e-06	1.590e-06	2.130e-06	3.890e-06	2.620e-06	3.120e-06	2.020e-06	3.170e-06	8.240e-07	2.990e-06	3.080e-06	2.370e-06
		150000	2.460e-06	1.440e-06	8.500e-07	2.150e-06	1.250e-06	1.135e-06	2.490e-06	1.150e-06	1.730e-06	3.500e-06	1.240e-06	3.160e-06	2.620e-06	2.000e-06	1.698e-06	2.840e-06	2.120e-06	2.530e-06	1.830e-06	1.760e-06	1.930e-06	1.520e-06	1.960e-06	2.570e-06	2.020e-06	2.890e-06	1.660e-06	2.070e-06	1.970e-06	2.160e-06	1.040e-06	1.660e-06	1.160e-06	3.340e-06	6.930e-07	2.310e-06	2.610e-06	1.330e-06	2.610e-06	1.214e-06	2.120e-06	3.309e-06	2.170e-06	8.210e-07	1.410e-06	2.960e-06	1.325e-06	2.950e-06	1.910e-06	2.390e-06	2.570e-06	2.390e-06	1.590e-06	1.530e-06	2.310e-06	3.590e-06	2.740e-06	3.050e-06	1.430e-06	2.770e-06	7.000e-07	2.720e-06	2.760e-06	2.260e-06
																																																																		
																																																																		
		1.1760912590556813	-9.939302	-10.114074	-7.917215	-9.651695	-10.627088	-10.467246	-9.946922	-10.212540	-10.100727	-9.764472	-10.440093	-9.524329	-9.787812	-9.785156	-10.079824	-9.730487	-9.892790	-9.946922	-10.041914	-9.860121	-9.882729	-10.038105	-9.806875	-9.661544	-9.943095	-9.627088	-9.795880	-10.119758	-9.634512	-9.578396	-10.245652	-9.987163	-10.175874	-9.465974	-10.220404	-9.253366	-9.970616	-10.159894	-10.027797	-10.145694	-9.694649	-9.471855	-9.732828	-10.211125	-10.284833	-9.578396	-9.737786	-9.545155	-9.821023	-9.560667	-9.832683	-9.962574	-10.090979	-10.106238	-9.779892	-9.380907	-9.744727	-9.640165	-9.774691	-9.442493	-10.531653	-9.899629	-9.571865	-9.821023
		1.1760912590556813	-9.645892	-10.001305	-7.790485	-9.939302	-9.790485	-10.199352	-9.832683	-10.585027	-9.924453	-9.913640	-10.301899	-9.440093	-9.585027	-9.847712	-9.998699	-9.686133	-9.879426	-9.772113	-9.806875	-9.910095	-9.756962	-9.815309	-9.725842	-9.838632	-9.586700	-9.531653	-9.835647	-9.847712	-9.612610	-9.892790	-10.026872	-10.154902	-10.202732	-9.348722	-10.202732	-9.634512	-9.847712	-10.399027	-9.744727	-10.258848	-9.705534	-9.637895	-10.037631	-10.187087	-10.075721	-9.630784	-9.743763	-9.737549	-9.892790	-9.809668	-9.634512	-9.798603	-10.037157	-9.974694	-9.872895	-9.714443	-9.515700	-9.534617	-10.105130	-9.777284	-10.543634	-9.832683	-9.790485	-9.782516
		1.1760912590556813	-9.551294	-10.066513	-7.712198	-9.721246	-10.280669	-10.258691	-9.829738	-9.970616	-9.818156	-9.649752	-10.126679	-9.903090	-9.609065	-9.866461	-9.929224	-9.742321	-9.910095	-9.515700	-10.097453	-9.847712	-10.023650	-9.954677	-9.974694	-9.716699	-9.707744	-9.642065	-9.769551	-9.725842	-9.787812	-9.568636	-10.602060	-9.987163	-10.328827	-9.453457	-10.293282	-9.782516	-9.742321	-10.159894	-9.928118	-9.939680	-10.107349	-9.664943	-10.023192	-10.271646	-10.358526	-9.777284	-10.489187	-9.485452	-9.823909	-9.841638	-9.692504	-9.869666	-9.917215	-9.978811	-9.844664	-9.420216	-9.555955	-9.701147	-10.034798	-9.690370	-10.361511	-9.906578	-9.497573	-9.844664
		2.1760912590556813	-8.809668	-9.049635	-6.389340	-8.749580	-9.208309	-9.461426	-8.759451	-9.064493	-8.939302	-8.557520	-9.228413	-8.621602	-8.657577	-8.903090	-8.911155	-8.642065	-8.913640	-8.690370	-8.982967	-8.798603	-8.815309	-8.943095	-8.749580	-8.671620	-8.809668	-8.607303	-8.838632	-8.939302	-8.823909	-8.661544	-9.436519	-9.041436	-9.151195	-8.580044	-9.229885	-8.769551	-8.707744	-9.146910	-8.801343	-9.102978	-8.876148	-8.550059	-8.847712	-9.429457	-9.031050	-8.725842	-9.101220	-8.703335	-8.801343	-8.642065	-8.749580	-8.809668	-8.946922	-8.946922	-8.879426	-8.518557	-8.709965	-8.647817	-8.943095	-8.625252	-9.545155	-8.645892	-8.543634	-8.856985
		2.1760912590556813	-8.701147	-8.950782	-7.630784	-8.772113	-9.090979	-9.151872	-8.782516	-9.153045	-8.869666	-8.588380	-9.251037	-8.614394	-8.671620	-8.806875	-8.890421	-8.651695	-8.850781	-8.709965	-8.958607	-8.896196	-8.939302	-9.031517	-8.879426	-8.705534	-8.798603	-8.669586	-8.892790	-8.882729	-8.694649	-8.701147	-9.263603	-8.958607	-9.101275	-8.607303	-9.232844	-8.823909	-8.737549	-9.104025	-8.712198	-9.253989	-8.850781	-8.575445	-8.847712	-9.338187	-8.962574	-8.739929	-9.097182	-8.647817	-8.756962	-8.636388	-8.649752	-8.725842	-8.978811	-9.091515	-8.856985	-8.503070	-8.769551	-8.659556	-8.962574	-8.653647	-9.488117	-8.696804	-8.555955	-8.829738
		2.1760912590556813	-8.767004	-9.004365	-7.698970	-8.847712	-9.146910	-9.208380	-8.910095	-9.152427	-8.896196	-8.679854	-9.303644	-8.610834	-8.694649	-8.882729	-8.972243	-8.692504	-8.844664	-8.747147	-9.059982	-8.882729	-8.866461	-8.978811	-8.790485	-8.673664	-8.906578	-8.698970	-8.958607	-8.879426	-8.732828	-8.749580	-9.305395	-9.088842	-9.216811	-8.605548	-9.385103	-8.841638	-8.793174	-9.209715	-8.725842	-9.165643	-8.906578	-8.609595	-8.853872	-9.304518	-9.269218	-8.804100	-9.154778	-8.716699	-8.782516	-8.677781	-8.847712	-8.723538	-8.931814	-9.042393	-8.829738	-8.573489	-8.707744	-8.649752	-8.982967	-8.583359	-9.480172	-8.728158	-8.667562	-8.917215
		3.1760912590556813	-7.673664	-7.903090	-7.371611	-7.718967	-7.966576	-8.037489	-7.728158	-8.017729	-7.821023	-7.531653	-8.125518	-7.546682	-7.583359	-7.767004	-7.792904	-7.661544	-7.754487	-7.642065	-7.847712	-7.772113	-7.801343	-7.769551	-7.688246	-7.609065	-7.739929	-7.603801	-7.744727	-7.790485	-7.684030	-7.661544	-8.063989	-7.954677	-8.042872	-7.512862	-8.166853	-7.677781	-7.638272	-7.935542	-7.663540	-8.036543	-7.779892	-7.477947	-7.744727	-8.144481	-7.931814	-7.563837	-7.928855	-7.562249	-7.709965	-7.600326	-7.686133	-7.632644	-7.844664	-7.917215	-7.795880	-7.449772	-7.634512	-7.540608	-7.818156	-7.617983	-8.251812	-7.600326	-7.540608	-7.692504
		3.1760912590556813	-7.705534	-7.950782	-7.627088	-7.749580	-8.030118	-8.203079	-7.721246	-8.039054	-7.869666	-7.568636	-8.139662	-7.602060	-7.600326	-7.777284	-7.902049	-7.642065	-7.835647	-7.679854	-7.935542	-7.876148	-7.790485	-7.841638	-7.669586	-7.675718	-7.754487	-7.643974	-7.785156	-7.844664	-7.718967	-7.671620	-8.114074	-7.966576	-8.059982	-7.588380	-8.175874	-7.698970	-7.698970	-8.047692	-7.665546	-8.041436	-7.804100	-7.518844	-7.742321	-8.227678	-8.057000	-7.593460	-8.000348	-7.612610	-7.774691	-7.636388	-7.718967	-7.686133	-7.866461	-7.910095	-7.754487	-7.508638	-7.696804	-7.559091	-7.826814	-7.567031	-8.319664	-7.653647	-7.649752	-7.752027
		3.1760912590556813	-7.675718	-8.011441	-7.030584	-7.707744	-7.982967	-8.056703	-7.688246	-8.060980	-7.879426	-7.534617	-8.040005	-7.614394	-7.623423	-7.752027	-7.840433	-7.619789	-7.812479	-7.655608	-7.879426	-7.782516	-7.913640	-7.809668	-7.714443	-7.653647	-7.744727	-7.616185	-7.754487	-7.876148	-7.703335	-7.665546	-8.183759	-7.958607	-8.021363	-7.517126	-8.161781	-7.694649	-7.684030	-8.011887	-7.673664	-8.025903	-7.764472	-7.524765	-7.801343	-8.211832	-7.950782	-7.645892	-8.057496	-7.600326	-7.730487	-7.612610	-7.659556	-7.663540	-7.826814	-7.910095	-7.759451	-7.460924	-7.647817	-7.563837	-7.856985	-7.593460	-8.371611	-7.617983	-7.560667	-7.737549
		4.176091259055681	-6.716699	-6.863279	-6.782516	-6.747147	-6.991400	-7.031004	-6.725842	-7.044793	-6.856985	-6.593460	-7.039529	-6.580044	-6.653647	-6.809668	-6.889074	-6.645892	-6.793174	-6.749580	-6.872895	-6.847712	-6.812479	-6.818156	-6.767004	-6.671620	-6.779892	-6.591760	-6.812479	-6.785156	-6.769551	-6.692504	-7.141463	-6.906578	-7.017729	-6.528708	-7.152427	-6.756962	-6.679854	-6.987163	-6.696804	-7.029514	-6.787812	-6.546682	-6.752027	-7.218963	-6.943095	-6.603801	-6.990974	-6.610834	-6.769551	-6.643974	-6.684030	-6.677781	-6.889410	-6.913640	-6.772113	-6.494850	-6.681937	-6.575118	-6.823909	-6.600326	-7.185752	-6.628932	-6.619789	-6.747147
		4.176091259055681	-6.694649	-6.829738	-7.089376	-6.747147	-6.958607	-7.029607	-6.759451	-7.054531	-6.860121	-6.549751	-7.031050	-6.568636	-6.649752	-6.826814	-6.846490	-6.628932	-6.772113	-6.677781	-6.863279	-6.850781	-6.787812	-6.818156	-6.804100	-6.647817	-6.767004	-6.578396	-6.785156	-6.806875	-6.754487	-6.675718	-7.090979	-6.899629	-7.052566	-6.519993	-7.162412	-6.707744	-6.718967	-6.995679	-6.690370	-7.007314	-6.801343	-6.546070	-6.764472	-7.184422	-6.939302	-6.585027	-7.019406	-6.578396	-6.761954	-6.655608	-6.703335	-6.677781	-6.886057	-6.954677	-6.821023	-6.472370	-6.707744	-6.568636	-6.847712	-6.593460	-7.284833	-6.628932	-6.653647	-6.737549
		4.176091259055681	-6.679854	-6.850781	-7.059484	-6.705534	-6.966576	-6.977572	-6.725842	-7.049635	-6.835647	-6.565431	-7.019542	-6.542118	-6.628932	-6.826814	-6.811916	-6.649752	-6.772113	-6.617983	-6.879426	-6.974694	-6.823909	-6.787812	-6.698970	-6.616185	-6.744727	-6.567031	-6.761954	-6.774691	-6.754487	-6.640165	-7.102373	-6.863279	-6.966576	-6.521434	-7.135489	-6.718967	-6.623423	-6.943095	-6.647817	-6.982967	-6.759451	-6.528415	-6.723538	-7.212540	-6.886057	-6.593460	-7.015158	-6.542118	-6.756962	-6.619789	-6.661544	-6.627088	-6.841638	-6.899629	-6.747147	-6.476254	-6.667562	-6.583359	-6.787812	-6.571865	-7.183096	-6.591760	-6.580044	-6.759451
		5.176091259055681	-5.690370	-5.793174	-6.023192	-5.696804	-5.966576	-5.911510	-5.651695	-5.935542	-5.853872	-5.530178	-5.935542	-5.546682	-5.575118	-5.714443	-5.759950	-5.590067	-5.669586	-5.634512	-5.832683	-5.723538	-5.716699	-5.754487	-5.705534	-5.603801	-5.707744	-5.540608	-5.793174	-5.712198	-5.679854	-5.712198	-5.987163	-5.829738	-5.946922	-5.467246	-6.151195	-5.703335	-5.657577	-5.886057	-5.600326	-5.916856	-5.742321	-5.506403	-5.688246	-6.077275	-5.879426	-5.570248	-5.930332	-5.492144	-5.681937	-5.590067	-5.643974	-5.643974	-5.841638	-5.869666	-5.721246	-5.462181	-5.657577	-5.543634	-5.790485	-5.507240	-6.096910	-5.576754	-5.571865	-5.651695
		5.176091259055681	-5.607303	-5.793174	-6.044312	-5.621602	-5.856985	-5.889747	-5.617983	-5.935542	-5.767004	-5.450997	-5.896196	-5.508638	-5.562249	-5.772113	-5.750068	-5.617983	-5.657577	-5.580044	-5.782516	-5.725842	-5.703335	-5.701147	-5.630784	-5.563837	-5.671620	-5.497573	-5.701147	-5.661544	-5.651695	-5.585027	-5.966576	-5.777284	-5.958607	-5.450997	-6.082494	-5.619789	-5.623423	-5.853872	-5.593460	-5.899285	-5.632644	-5.454569	-5.636388	-6.071604	-5.829738	-5.497573	-5.871924	-5.462181	-5.663540	-5.560667	-5.609065	-5.580044	-5.769551	-5.798603	-5.671620	-5.410050	-5.581699	-5.505845	-5.694649	-5.498941	-6.084073	-5.524329	-5.511449	-5.625252
		5.176091259055681	-5.609065	-5.841638	-6.070581	-5.667562	-5.903090	-5.945004	-5.603801	-5.939302	-5.761954	-5.455932	-5.906578	-5.500313	-5.581699	-5.698970	-5.770062	-5.546682	-5.673664	-5.596879	-5.737549	-5.754487	-5.714443	-5.818156	-5.707744	-5.590067	-5.694649	-5.539102	-5.779892	-5.684030	-5.705534	-5.665546	-5.982967	-5.779892	-5.935542	-5.476254	-6.159267	-5.636388	-5.583359	-5.876148	-5.583359	-5.915781	-5.673664	-5.480303	-5.663540	-6.085657	-5.850781	-5.528708	-5.877784	-5.530178	-5.718967	-5.621602	-5.590067	-5.621602	-5.798603	-5.815309	-5.636388	-5.444906	-5.562249	-5.515700	-5.844664	-5.557520	-6.154902	-5.565431	-5.559091	-5.645892
																																																																		
		steyx	0.089365	0.041258	0.407422	0.068976	0.171479	0.097539	0.052434	0.128146	0.063515	0.077107	0.072524	0.099039	0.052118	0.047216	0.048370	0.027462	0.032511	0.092784	0.074667	0.065053	0.067761	0.071182	0.072942	0.043231	0.086678	0.046090	0.057837	0.087028	0.060347	0.080219	0.133230	0.053024	0.048155	0.072243	0.053573	0.141365	0.061911	0.068995	0.072800	0.082857	0.102253	0.049964	0.072165	0.076811	0.095435	0.070031	0.182935	0.075156	0.034011	0.068243	0.063183	0.055723	0.050182	0.053745	0.044651	0.077148	0.076051	0.043699	0.080704	0.073051	0.071385	0.056489	0.075274	0.050204
																																																																		
		1.1760912590556813	-9.712162	-10.060630	-7.806633	-9.770748	-10.232747	-10.308429	-9.869781	-10.256061	-9.947779	-9.775955	-10.289557	-9.622504	-9.660635	-9.833110	-10.002582	-9.719647	-9.894104	-9.744912	-9.982081	-9.872642	-9.887780	-9.936030	-9.835804	-9.738958	-9.745846	-9.600269	-9.800359	-9.897771	-9.678312	-9.679941	-10.291528	-10.043076	-10.235811	-9.422718	-10.238806	-9.556798	-9.853550	-10.239605	-9.900214	-10.114741	-9.835844	-9.591564	-9.931217	-10.223286	-10.239693	-9.662155	-9.990246	-9.589385	-9.845907	-9.737324	-9.719900	-9.876948	-10.015117	-10.019914	-9.832484	-9.505189	-9.605461	-9.625310	-9.971540	-9.636715	-10.478932	-9.879630	-9.619974	-9.816068
		2.1760912590556813	-8.759273	-9.001594	-7.239698	-8.789802	-9.148733	-9.273893	-8.817354	-9.123322	-8.901722	-8.608585	-9.261031	-8.615610	-8.674615	-8.864231	-8.924607	-8.662088	-8.869695	-8.715827	-9.000519	-8.859176	-8.873691	-8.984474	-8.806497	-8.683606	-8.838283	-8.658620	-8.896676	-8.900486	-8.750462	-8.704090	-9.335172	-9.029629	-9.156427	-8.597632	-9.282611	-8.811699	-8.746156	-9.153550	-8.746461	-9.174203	-8.877836	-8.578366	-8.849765	-9.357388	-9.087614	-8.756624	-9.117726	-8.689284	-8.780274	-8.652078	-8.749015	-8.753016	-8.952515	-9.026943	-8.855383	-8.531705	-8.729087	-8.652375	-8.962878	-8.620753	-9.504481	-8.690285	-8.589050	-8.867979
		3.1760912590556813	-7.684972	-7.955104	-7.343094	-7.725430	-7.993220	-8.099090	-7.712550	-8.039254	-7.856705	-7.544969	-8.101728	-7.587712	-7.602370	-7.765438	-7.845129	-7.641132	-7.800871	-7.659176	-7.887560	-7.810259	-7.835156	-7.806952	-7.690758	-7.646143	-7.746381	-7.621320	-7.761457	-7.837099	-7.702110	-7.666237	-8.120607	-7.959954	-8.041406	-7.539456	-8.168169	-7.690466	-7.673757	-7.998374	-7.667584	-8.034627	-7.782821	-7.507185	-7.762797	-8.194664	-7.979866	-7.601063	-7.995566	-7.591729	-7.738381	-7.616441	-7.688218	-7.660772	-7.845980	-7.912468	-7.769939	-7.473111	-7.659711	-7.554512	-7.833985	-7.592824	-8.314363	-7.623985	-7.583676	-7.727360
		4.176091259055681	-6.697067	-6.847933	-6.977125	-6.733276	-6.972194	-7.012727	-6.737045	-7.049653	-6.850918	-6.569547	-7.030041	-6.563600	-6.644110	-6.821099	-6.849160	-6.641525	-6.779134	-6.681781	-6.871867	-6.891062	-6.808067	-6.808042	-6.756691	-6.645208	-6.763874	-6.579062	-6.786530	-6.788907	-6.759509	-6.669462	-7.111605	-6.889829	-7.012290	-6.523378	-7.150109	-6.727891	-6.674081	-6.975312	-6.678330	-7.006598	-6.782869	-6.540389	-6.746679	-7.205308	-6.922818	-6.594096	-7.008513	-6.577116	-6.762822	-6.639790	-6.682969	-6.660883	-6.872368	-6.922649	-6.780094	-6.481158	-6.685747	-6.575705	-6.819811	-6.588550	-7.217894	-6.616541	-6.617827	-6.748049
		5.176091259055681	-5.635579	-5.809329	-6.046028	-5.661989	-5.908884	-5.915420	-5.624493	-5.936795	-5.794277	-5.479036	-5.912772	-5.518544	-5.573022	-5.728509	-5.760027	-5.584910	-5.666943	-5.603812	-5.784249	-5.734623	-5.711492	-5.757930	-5.681354	-5.585902	-5.691338	-5.525761	-5.758071	-5.685924	-5.679028	-5.654257	-5.978902	-5.795638	-5.947024	-5.464832	-6.130986	-5.653171	-5.621453	-5.872026	-5.592382	-5.910641	-5.682877	-5.480425	-5.662725	-6.078179	-5.853315	-5.532176	-5.893347	-5.494834	-5.688148	-5.590779	-5.614369	-5.615207	-5.803264	-5.827859	-5.676418	-5.439046	-5.600508	-5.521727	-5.776599	-5.521234	-6.111962	-5.555505	-5.547468	-5.640946
x-mean	3.176091																																																																	
SSx	27.857143																																																																	
n	3.000000																																																																	
alpha	0.950000																																																																	
t	6.205347																																																																	
			0.061715	0.028493	0.281364	0.047635	0.118423	0.067360	0.036211	0.088497	0.043864	0.053249	0.050085	0.068396	0.035992	0.032607	0.033404	0.018965	0.022452	0.064076	0.051565	0.044925	0.046796	0.049158	0.050374	0.029855	0.059860	0.031830	0.039942	0.060101	0.041675	0.055399	0.092008	0.036618	0.033256	0.049891	0.036998	0.097626	0.042755	0.047648	0.050275	0.057221	0.070616	0.034505	0.049837	0.053046	0.065907	0.048363	0.126335	0.051902	0.023488	0.047128	0.043634	0.038482	0.034655	0.037116	0.030836	0.053278	0.052520	0.030178	0.055734	0.050449	0.049299	0.039011	0.051984	0.034671
			0.054302	0.025070	0.247567	0.041913	0.104198	0.059269	0.031861	0.077867	0.038595	0.046853	0.044068	0.060181	0.031669	0.028690	0.029392	0.016687	0.019755	0.056379	0.045371	0.039529	0.041175	0.043253	0.044323	0.026269	0.052670	0.028007	0.035144	0.052882	0.036669	0.048745	0.080956	0.032220	0.029261	0.043898	0.032554	0.085899	0.037620	0.041925	0.044236	0.050347	0.062133	0.030360	0.043850	0.046674	0.057990	0.042554	0.111160	0.045668	0.020667	0.041467	0.038393	0.033860	0.030493	0.032658	0.027132	0.046878	0.046212	0.026553	0.049040	0.044389	0.043377	0.034325	0.045740	0.030506
			0.051595	0.023820	0.235225	0.039824	0.099004	0.056314	0.030273	0.073985	0.036671	0.044517	0.041872	0.057180	0.030090	0.027260	0.027927	0.015855	0.018770	0.053569	0.043109	0.037558	0.039122	0.041097	0.042113	0.024960	0.050044	0.026610	0.033392	0.050246	0.034841	0.046315	0.076920	0.030613	0.027802	0.041710	0.030931	0.081617	0.035744	0.039834	0.042031	0.047837	0.059036	0.028847	0.041664	0.044347	0.055099	0.040432	0.105618	0.043391	0.019636	0.039400	0.036479	0.032172	0.028972	0.031029	0.025779	0.044541	0.043908	0.025229	0.046595	0.042176	0.041214	0.032614	0.043460	0.028986
			0.054302	0.025070	0.247567	0.041913	0.104198	0.059269	0.031861	0.077867	0.038595	0.046853	0.044068	0.060181	0.031669	0.028690	0.029392	0.016687	0.019755	0.056379	0.045371	0.039529	0.041175	0.043253	0.044323	0.026269	0.052670	0.028007	0.035144	0.052882	0.036669	0.048745	0.080956	0.032220	0.029261	0.043898	0.032554	0.085899	0.037620	0.041925	0.044236	0.050347	0.062133	0.030360	0.043850	0.046674	0.057990	0.042554	0.111160	0.045668	0.020667	0.041467	0.038393	0.033860	0.030493	0.032658	0.027132	0.046878	0.046212	0.026553	0.049040	0.044389	0.043377	0.034325	0.045740	0.030506
			0.061715	0.028493	0.281364	0.047635	0.118423	0.067360	0.036211	0.088497	0.043864	0.053249	0.050085	0.068396	0.035992	0.032607	0.033404	0.018965	0.022452	0.064076	0.051565	0.044925	0.046796	0.049158	0.050374	0.029855	0.059860	0.031830	0.039942	0.060101	0.041675	0.055399	0.092008	0.036618	0.033256	0.049891	0.036998	0.097626	0.042755	0.047648	0.050275	0.057221	0.070616	0.034505	0.049837	0.053046	0.065907	0.048363	0.126335	0.051902	0.023488	0.047128	0.043634	0.038482	0.034655	0.037116	0.030836	0.053278	0.052520	0.030178	0.055734	0.050449	0.049299	0.039011	0.051984	0.034671
																																																																		
		log(upper)																																																																
			-9.329199	-9.883824	-6.060671	-9.475157	-9.497892	-9.890438	-9.645079	-9.706903	-9.675590	-9.445523	-9.978766	-9.198082	-9.437289	-9.630772	-9.795296	-9.601960	-9.754780	-9.347297	-9.662103	-9.593867	-9.597396	-9.630989	-9.523218	-9.553695	-9.374396	-9.402754	-9.552507	-9.524823	-9.419701	-9.336171	-9.720586	-9.815848	-10.029449	-9.113126	-10.009223	-8.950994	-9.588239	-9.943933	-9.588238	-9.759667	-9.397649	-9.377449	-9.621963	-9.894119	-9.830717	-9.362044	-9.206296	-9.267313	-9.700156	-9.444879	-9.449136	-9.638153	-9.800068	-9.789598	-9.641137	-9.174581	-9.279554	-9.438044	-9.625690	-9.323664	-10.173018	-9.637552	-9.297394	-9.600922
			-8.422310	-8.846025	-5.703457	-8.529716	-8.502147	-8.906110	-8.619643	-8.640127	-8.662228	-8.317844	-8.987571	-8.242169	-8.478098	-8.686198	-8.742219	-8.558538	-8.747107	-8.365973	-8.718976	-8.613886	-8.618187	-8.716074	-8.531458	-8.520596	-8.511450	-8.484830	-8.678596	-8.572335	-8.522915	-8.401613	-8.832811	-8.829695	-8.974853	-8.325228	-9.080605	-8.278663	-8.512713	-8.893394	-8.471958	-8.861780	-8.492276	-8.389970	-8.577658	-9.067759	-8.727763	-8.492562	-8.427943	-8.405898	-8.652029	-8.394760	-8.510774	-8.542905	-8.763298	-8.824292	-8.687021	-8.240810	-8.442327	-8.487604	-8.658571	-8.345304	-9.235312	-8.477285	-8.305217	-8.678676
			-7.364808	-7.807291	-5.883441	-7.478311	-7.378869	-7.749643	-7.524696	-7.580149	-7.629151	-7.268722	-7.841901	-7.232888	-7.415649	-7.596280	-7.671834	-7.542744	-7.684394	-7.326763	-7.620053	-7.577198	-7.592390	-7.551933	-7.429431	-7.491260	-7.435842	-7.456194	-7.554248	-7.525308	-7.485908	-7.378839	-7.643290	-7.769987	-7.868883	-7.280633	-7.976234	-7.184004	-7.451953	-7.751187	-7.406766	-7.737780	-7.416483	-7.328181	-7.504256	-7.919474	-7.637954	-7.350165	-7.340171	-7.322470	-7.616530	-7.371952	-7.461855	-7.461136	-7.666195	-7.719920	-7.609970	-7.196718	-7.387247	-7.397955	-7.544849	-7.331108	-8.058613	-7.421604	-7.313993	-7.547494
			-6.360104	-6.692364	-5.440884	-6.473191	-6.325608	-6.644944	-6.539334	-6.566459	-6.611424	-6.278806	-6.756580	-6.190158	-6.447593	-6.643065	-6.666772	-6.537975	-6.656545	-6.331927	-6.590324	-6.645772	-6.552563	-6.539642	-6.481652	-6.482198	-6.437042	-6.405272	-6.568449	-6.460757	-6.531962	-6.366985	-6.609243	-6.689895	-6.830716	-6.250974	-6.948103	-6.194855	-6.440639	-6.715156	-6.403828	-6.694175	-6.397309	-6.351993	-6.474572	-6.915680	-6.562967	-6.330034	-6.318729	-6.293730	-6.634578	-6.382472	-6.444729	-6.450772	-6.683151	-6.719998	-6.611732	-6.190262	-6.398988	-6.410933	-6.515504	-6.313102	-6.948725	-6.403541	-6.333994	-6.558746
			-5.252616	-5.632522	-4.300067	-5.366398	-5.174029	-5.497429	-5.399791	-5.387638	-5.522088	-5.148604	-5.601980	-5.094123	-5.349677	-5.526171	-5.552741	-5.467224	-5.527619	-5.206197	-5.464272	-5.455847	-5.421108	-5.452890	-5.368768	-5.400638	-5.319887	-5.328246	-5.510219	-5.312976	-5.420417	-5.310487	-5.407960	-5.568410	-5.740661	-5.155241	-5.901403	-5.047367	-5.356143	-5.576354	-5.280405	-5.555567	-5.244682	-5.266310	-5.353471	-5.749011	-5.444339	-5.232066	-5.109397	-5.172762	-5.542396	-5.298333	-5.343605	-5.376412	-5.588215	-5.597543	-5.485072	-5.108438	-5.274602	-5.334461	-5.430749	-5.208182	-5.806047	-5.313427	-5.224888	-5.425800
		log(lower)																																																																
			-10.095126	-10.237437	-9.552594	-10.066339	-10.967602	-10.726420	-10.094483	-10.805218	-10.219967	-10.106386	-10.600349	-10.046926	-9.883980	-10.035447	-10.209869	-9.837334	-10.033427	-10.142526	-10.302059	-10.151418	-10.178164	-10.241071	-10.148390	-9.924221	-10.117297	-9.797784	-10.048211	-10.270719	-9.936922	-10.023711	-10.862470	-10.270303	-10.442173	-9.732309	-10.468389	-10.162601	-10.118860	-10.535277	-10.212191	-10.469814	-10.274038	-9.805680	-10.240470	-10.552453	-10.648669	-9.962265	-10.774195	-9.911458	-9.991659	-10.029770	-9.990664	-10.115742	-10.230166	-10.250231	-10.023830	-9.835796	-9.931368	-9.812575	-10.317390	-9.949767	-10.784847	-10.121708	-9.942555	-10.031213
			-9.096236	-9.157163	-8.775939	-9.049887	-9.795319	-9.641676	-9.015065	-9.606516	-9.141216	-8.899326	-9.534491	-8.989051	-8.871133	-9.042265	-9.106994	-8.765639	-8.992283	-9.065682	-9.282061	-9.104466	-9.129194	-9.252874	-9.081536	-8.846616	-9.165116	-8.832410	-9.114757	-9.228636	-8.978009	-9.006567	-9.837534	-9.229562	-9.338002	-8.870036	-9.484616	-9.344735	-8.979598	-9.413707	-9.020964	-9.486626	-9.263395	-8.766763	-9.121872	-9.647016	-9.447465	-9.020686	-9.807510	-8.972670	-8.908518	-8.909396	-8.987255	-8.963128	-9.141733	-9.229594	-9.023746	-8.822601	-9.015847	-8.817147	-9.267186	-8.896201	-9.773650	-8.903285	-8.872883	-9.057282
			-8.005136	-8.102918	-8.802748	-7.972549	-8.607572	-8.448538	-7.900405	-8.498359	-8.084259	-7.821215	-8.361556	-7.942536	-7.789090	-7.934596	-8.018424	-7.739521	-7.917348	-7.991588	-8.155067	-8.043321	-8.077922	-8.061971	-7.952086	-7.801026	-8.056920	-7.786446	-7.968666	-8.148890	-7.918313	-7.953634	-8.597924	-8.149920	-8.213928	-7.798280	-8.360104	-8.196929	-7.895562	-8.245560	-7.928401	-8.331475	-8.149159	-7.686190	-8.021339	-8.469853	-8.321777	-7.851960	-8.650961	-7.860987	-7.860232	-7.860931	-7.914582	-7.860409	-8.025764	-8.105016	-7.929908	-7.749505	-7.932175	-7.711069	-8.123122	-7.854541	-8.570112	-7.826367	-7.853358	-7.907225
			-7.034030	-7.003502	-8.513366	-6.993361	-7.618781	-7.380510	-6.934756	-7.532847	-7.090412	-6.860288	-7.303501	-6.937041	-6.840628	-6.999132	-7.031547	-6.745076	-6.901722	-7.031635	-7.153410	-7.136352	-7.063571	-7.076442	-7.031731	-6.808218	-7.090707	-6.752852	-7.004610	-7.117058	-6.987055	-6.971939	-7.613967	-7.089763	-7.193865	-6.795782	-7.352115	-7.260927	-6.907523	-7.235469	-6.952833	-7.319021	-7.168428	-6.728785	-7.018786	-7.494937	-7.282669	-6.858158	-7.698296	-6.860502	-6.891066	-6.897108	-6.921210	-6.870995	-7.061586	-7.125300	-6.948457	-6.772053	-6.972507	-6.740476	-7.124118	-6.863999	-7.487063	-6.829542	-6.901660	-6.937352
			-6.018543	-5.986135	-7.791990	-5.957580	-6.643739	-6.333411	-5.849195	-6.485953	-6.066465	-5.809467	-6.223564	-5.942966	-5.796368	-5.930846	-5.967313	-5.702597	-5.806266	-6.001426	-6.104227	-6.013398	-6.001876	-6.062971	-5.993940	-5.771165	-6.062788	-5.723276	-6.005923	-6.058872	-5.937638	-5.998027	-6.549843	-6.022865	-6.153386	-5.774423	-6.360568	-6.258974	-5.886764	-6.167697	-5.904358	-6.265714	-6.121071	-5.694540	-5.971978	-6.407346	-6.262291	-5.832287	-6.677296	-5.816907	-5.833899	-5.883225	-5.885133	-5.854002	-6.018312	-6.058175	-5.867765	-5.769653	-5.926415	-5.708992	-6.122449	-5.834285	-6.417876	-5.797583	-5.870049	-5.856092
																																																																		
		upper																																																																
			4.686e-10	1.307e-10	8.696e-07	3.348e-10	3.178e-10	1.287e-10	2.264e-10	1.964e-10	2.111e-10	3.585e-10	1.050e-10	6.337e-10	3.654e-10	2.340e-10	1.602e-10	2.501e-10	1.759e-10	4.495e-10	2.177e-10	2.548e-10	2.527e-10	2.339e-10	2.998e-10	2.795e-10	4.223e-10	3.956e-10	2.802e-10	2.987e-10	3.805e-10	4.611e-10	1.903e-10	1.528e-10	9.344e-11	7.707e-10	9.790e-11	1.119e-09	2.581e-10	1.138e-10	2.581e-10	1.739e-10	4.003e-10	4.193e-10	2.388e-10	1.276e-10	1.477e-10	4.345e-10	6.219e-10	5.404e-10	1.995e-10	3.590e-10	3.555e-10	2.301e-10	1.585e-10	1.623e-10	2.285e-10	6.690e-10	5.253e-10	3.647e-10	2.368e-10	4.746e-10	6.714e-11	2.304e-10	5.042e-10	2.507e-10
			3.782e-09	1.426e-09	1.979e-06	2.953e-09	3.147e-09	1.241e-09	2.401e-09	2.290e-09	2.177e-09	4.810e-09	1.029e-09	5.726e-09	3.326e-09	2.060e-09	1.810e-09	2.764e-09	1.790e-09	4.306e-09	1.910e-09	2.433e-09	2.409e-09	1.923e-09	2.941e-09	3.016e-09	3.080e-09	3.275e-09	2.096e-09	2.677e-09	3.000e-09	3.966e-09	1.470e-09	1.480e-09	1.060e-09	4.729e-09	8.306e-10	5.264e-09	3.071e-09	1.278e-09	3.373e-09	1.375e-09	3.219e-09	4.074e-09	2.644e-09	8.555e-10	1.872e-09	3.217e-09	3.733e-09	3.927e-09	2.228e-09	4.029e-09	3.085e-09	2.865e-09	1.725e-09	1.499e-09	2.056e-09	5.744e-09	3.611e-09	3.254e-09	2.195e-09	4.515e-09	5.817e-10	3.332e-09	4.952e-09	2.096e-09
			4.317e-08	1.559e-08	1.308e-06	3.324e-08	4.180e-08	1.780e-08	2.987e-08	2.629e-08	2.349e-08	5.386e-08	1.439e-08	5.849e-08	3.840e-08	2.533e-08	2.129e-08	2.866e-08	2.068e-08	4.712e-08	2.399e-08	2.647e-08	2.556e-08	2.806e-08	3.720e-08	3.227e-08	3.666e-08	3.498e-08	2.791e-08	2.983e-08	3.267e-08	4.180e-08	2.274e-08	1.698e-08	1.352e-08	5.240e-08	1.056e-08	6.546e-08	3.532e-08	1.773e-08	3.920e-08	1.829e-08	3.833e-08	4.697e-08	3.131e-08	1.204e-08	2.302e-08	4.465e-08	4.569e-08	4.759e-08	2.418e-08	4.247e-08	3.453e-08	3.458e-08	2.157e-08	1.906e-08	2.455e-08	6.357e-08	4.100e-08	4.000e-08	2.852e-08	4.665e-08	8.738e-09	3.788e-08	4.853e-08	2.835e-08
			4.364e-07	2.031e-07	3.623e-06	3.364e-07	4.725e-07	2.265e-07	2.888e-07	2.714e-07	2.447e-07	5.263e-07	1.752e-07	6.454e-07	3.568e-07	2.275e-07	2.154e-07	2.898e-07	2.205e-07	4.657e-07	2.568e-07	2.261e-07	2.802e-07	2.886e-07	3.299e-07	3.295e-07	3.656e-07	3.933e-07	2.701e-07	3.461e-07	2.938e-07	4.296e-07	2.459e-07	2.042e-07	1.477e-07	5.611e-07	1.127e-07	6.385e-07	3.625e-07	1.927e-07	3.946e-07	2.022e-07	4.006e-07	4.446e-07	3.353e-07	1.214e-07	2.735e-07	4.677e-07	4.800e-07	5.085e-07	2.320e-07	4.145e-07	3.591e-07	3.542e-07	2.074e-07	1.905e-07	2.445e-07	6.453e-07	3.990e-07	3.882e-07	3.051e-07	4.863e-07	1.125e-07	3.949e-07	4.635e-07	2.762e-07
			5.590e-06	2.331e-06	5.011e-05	4.301e-06	6.698e-06	3.181e-06	3.983e-06	4.096e-06	3.005e-06	7.102e-06	2.500e-06	8.052e-06	4.470e-06	2.977e-06	2.801e-06	3.410e-06	2.967e-06	6.220e-06	3.433e-06	3.501e-06	3.792e-06	3.525e-06	4.278e-06	3.975e-06	4.788e-06	4.696e-06	3.089e-06	4.864e-06	3.798e-06	4.892e-06	3.909e-06	2.701e-06	1.817e-06	6.995e-06	1.255e-06	8.967e-06	4.404e-06	2.652e-06	5.243e-06	2.782e-06	5.693e-06	5.416e-06	4.431e-06	1.782e-06	3.595e-06	5.860e-06	7.773e-06	6.718e-06	2.868e-06	5.031e-06	4.533e-06	4.203e-06	2.581e-06	2.526e-06	3.273e-06	7.790e-06	5.314e-06	4.630e-06	3.709e-06	6.192e-06	1.563e-06	4.859e-06	5.958e-06	3.751e-06
		lower																																																																
			8.033e-11	5.788e-11	2.802e-10	8.583e-11	1.077e-11	1.877e-11	8.045e-11	1.566e-11	6.026e-11	7.827e-11	2.510e-11	8.976e-11	1.306e-10	9.216e-11	6.168e-11	1.454e-10	9.259e-11	7.202e-11	4.988e-11	7.056e-11	6.635e-11	5.740e-11	7.106e-11	1.191e-10	7.633e-11	1.593e-10	8.949e-11	5.361e-11	1.156e-10	9.469e-11	1.373e-11	5.367e-11	3.613e-11	1.852e-10	3.401e-11	6.877e-11	7.606e-11	2.916e-11	6.135e-11	3.390e-11	5.321e-11	1.564e-10	5.748e-11	2.803e-11	2.246e-11	1.091e-10	1.682e-11	1.226e-10	1.019e-10	9.337e-11	1.022e-10	7.661e-11	5.886e-11	5.620e-11	9.466e-11	1.460e-10	1.171e-10	1.540e-10	4.815e-11	1.123e-10	1.641e-11	7.556e-11	1.141e-10	9.307e-11
			8.012e-10	6.964e-10	1.675e-09	8.915e-10	1.602e-10	2.282e-10	9.659e-10	2.474e-10	7.224e-10	1.261e-09	2.921e-10	1.026e-09	1.345e-09	9.073e-10	7.816e-10	1.715e-09	1.018e-09	8.596e-10	5.223e-10	7.862e-10	7.427e-10	5.586e-10	8.288e-10	1.424e-09	6.837e-10	1.471e-09	7.678e-10	5.907e-10	1.052e-09	9.850e-10	1.454e-10	5.894e-10	4.592e-10	1.349e-09	3.276e-10	4.521e-10	1.048e-09	3.857e-10	9.529e-10	3.261e-10	5.453e-10	1.711e-09	7.553e-10	2.254e-10	3.569e-10	9.535e-10	1.558e-10	1.065e-09	1.234e-09	1.232e-09	1.030e-09	1.089e-09	7.216e-10	5.894e-10	9.468e-10	1.505e-09	9.642e-10	1.524e-09	5.405e-10	1.270e-09	1.684e-10	1.249e-09	1.340e-09	8.764e-10
			9.882e-09	7.890e-09	1.575e-09	1.065e-08	2.468e-09	3.560e-09	1.258e-08	3.174e-09	8.236e-09	1.509e-08	4.350e-09	1.141e-08	1.625e-08	1.163e-08	9.585e-09	1.822e-08	1.210e-08	1.020e-08	6.997e-09	9.051e-09	8.358e-09	8.670e-09	1.117e-08	1.581e-08	8.772e-09	1.635e-08	1.075e-08	7.098e-09	1.207e-08	1.113e-08	2.524e-09	7.081e-09	6.110e-09	1.591e-08	4.364e-09	6.354e-09	1.272e-08	5.681e-09	1.179e-08	4.661e-09	7.093e-09	2.060e-08	9.521e-09	3.390e-09	4.767e-09	1.406e-08	2.234e-09	1.377e-08	1.380e-08	1.377e-08	1.217e-08	1.379e-08	9.424e-09	7.852e-09	1.175e-08	1.780e-08	1.169e-08	1.945e-08	7.531e-09	1.398e-08	2.691e-09	1.492e-08	1.402e-08	1.238e-08
			9.246e-08	9.920e-08	3.066e-09	1.015e-07	2.406e-08	4.164e-08	1.162e-07	2.932e-08	8.121e-08	1.379e-07	4.972e-08	1.156e-07	1.443e-07	1.002e-07	9.299e-08	1.799e-07	1.254e-07	9.297e-08	7.024e-08	7.305e-08	8.638e-08	8.386e-08	9.295e-08	1.555e-07	8.115e-08	1.767e-07	9.894e-08	7.637e-08	1.030e-07	1.067e-07	2.432e-08	8.133e-08	6.399e-08	1.600e-07	4.445e-08	5.484e-08	1.237e-07	5.815e-08	1.115e-07	4.797e-08	6.785e-08	1.867e-07	9.577e-08	3.199e-08	5.216e-08	1.386e-07	2.003e-08	1.379e-07	1.285e-07	1.267e-07	1.199e-07	1.346e-07	8.678e-08	7.494e-08	1.126e-07	1.690e-07	1.065e-07	1.818e-07	7.514e-08	1.368e-07	3.258e-08	1.481e-07	1.254e-07	1.155e-07
			9.582e-07	1.032e-06	1.614e-08	1.103e-06	2.271e-07	4.641e-07	1.415e-06	3.266e-07	8.581e-07	1.551e-06	5.976e-07	1.140e-06	1.598e-06	1.173e-06	1.078e-06	1.983e-06	1.562e-06	9.967e-07	7.866e-07	9.696e-07	9.957e-07	8.650e-07	1.014e-06	1.694e-06	8.654e-07	1.891e-06	9.865e-07	8.732e-07	1.154e-06	1.005e-06	2.819e-07	9.487e-07	7.024e-07	1.681e-06	4.359e-07	5.508e-07	1.298e-06	6.797e-07	1.246e-06	5.424e-07	7.567e-07	2.021e-06	1.067e-06	3.914e-07	5.466e-07	1.471e-06	2.102e-07	1.524e-06	1.466e-06	1.309e-06	1.303e-06	1.400e-06	9.587e-07	8.746e-07	1.356e-06	1.700e-06	1.185e-06	1.954e-06	7.543e-07	1.465e-06	3.821e-07	1.594e-06	1.349e-06	1.393e-06
		mean																																																																
			1.940e-10	8.697e-11	1.561e-08	1.695e-10	5.851e-11	4.916e-11	1.350e-10	5.545e-11	1.128e-10	1.675e-10	5.134e-11	2.385e-10	2.185e-10	1.469e-10	9.941e-11	1.907e-10	1.276e-10	1.799e-10	1.042e-10	1.341e-10	1.295e-10	1.159e-10	1.459e-10	1.824e-10	1.795e-10	2.510e-10	1.584e-10	1.265e-10	2.097e-10	2.090e-10	5.111e-11	9.056e-11	5.810e-11	3.778e-10	5.770e-11	2.775e-10	1.401e-10	5.760e-11	1.258e-10	7.678e-11	1.459e-10	2.561e-10	1.172e-10	5.980e-11	5.758e-11	2.177e-10	1.023e-10	2.574e-10	1.426e-10	1.831e-10	1.906e-10	1.328e-10	9.658e-11	9.552e-11	1.471e-10	3.125e-10	2.480e-10	2.370e-10	1.068e-10	2.308e-10	3.319e-11	1.319e-10	2.399e-10	1.527e-10
			1.741e-09	9.963e-10	5.758e-08	1.623e-09	7.100e-10	5.322e-10	1.523e-09	7.528e-10	1.254e-09	2.463e-09	5.482e-10	2.423e-09	2.115e-09	1.367e-09	1.190e-09	2.177e-09	1.350e-09	1.924e-09	9.988e-10	1.383e-09	1.338e-09	1.036e-09	1.561e-09	2.072e-09	1.451e-09	2.195e-09	1.269e-09	1.258e-09	1.776e-09	1.977e-09	4.622e-10	9.341e-10	6.975e-10	2.526e-09	5.217e-10	1.543e-09	1.794e-09	7.022e-10	1.793e-09	6.696e-10	1.325e-09	2.640e-09	1.413e-09	4.391e-10	8.173e-10	1.751e-09	7.626e-10	2.045e-09	1.659e-09	2.228e-09	1.782e-09	1.766e-09	1.116e-09	9.398e-10	1.395e-09	2.940e-09	1.866e-09	2.227e-09	1.089e-09	2.395e-09	3.130e-10	2.040e-09	2.576e-09	1.355e-09
			2.066e-08	1.109e-08	4.538e-08	1.882e-08	1.016e-08	7.960e-09	1.938e-08	9.136e-09	1.391e-08	2.851e-08	7.912e-09	2.584e-08	2.498e-08	1.716e-08	1.428e-08	2.285e-08	1.582e-08	2.192e-08	1.296e-08	1.548e-08	1.462e-08	1.560e-08	2.038e-08	2.259e-08	1.793e-08	2.392e-08	1.732e-08	1.455e-08	1.986e-08	2.157e-08	7.575e-09	1.097e-08	9.091e-09	2.888e-08	6.789e-09	2.040e-08	2.120e-08	1.004e-08	2.150e-08	9.234e-09	1.649e-08	3.110e-08	1.727e-08	6.388e-09	1.047e-08	2.506e-08	1.010e-08	2.560e-08	1.826e-08	2.419e-08	2.050e-08	2.184e-08	1.426e-08	1.223e-08	1.698e-08	3.364e-08	2.189e-08	2.789e-08	1.466e-08	2.554e-08	4.849e-09	2.377e-08	2.608e-08	1.873e-08
			2.009e-07	1.419e-07	1.054e-07	1.848e-07	1.066e-07	9.711e-08	1.832e-07	8.920e-08	1.410e-07	2.694e-07	9.332e-08	2.731e-07	2.269e-07	1.510e-07	1.415e-07	2.283e-07	1.663e-07	2.081e-07	1.343e-07	1.285e-07	1.556e-07	1.556e-07	1.751e-07	2.264e-07	1.722e-07	2.636e-07	1.635e-07	1.626e-07	1.740e-07	2.141e-07	7.734e-08	1.289e-07	9.721e-08	2.997e-07	7.078e-08	1.871e-07	2.118e-07	1.058e-07	2.097e-07	9.849e-08	1.649e-07	2.881e-07	1.792e-07	6.233e-08	1.194e-07	2.546e-07	9.806e-08	2.648e-07	1.727e-07	2.292e-07	2.075e-07	2.183e-07	1.342e-07	1.195e-07	1.659e-07	3.302e-07	2.062e-07	2.656e-07	1.514e-07	2.579e-07	6.055e-08	2.418e-07	2.411e-07	1.786e-07
			2.314e-06	1.551e-06	8.994e-07	2.178e-06	1.233e-06	1.215e-06	2.374e-06	1.157e-06	1.606e-06	3.319e-06	1.222e-06	3.030e-06	2.673e-06	1.868e-06	1.738e-06	2.601e-06	2.153e-06	2.490e-06	1.643e-06	1.842e-06	1.943e-06	1.746e-06	2.083e-06	2.595e-06	2.035e-06	2.980e-06	1.746e-06	2.061e-06	2.094e-06	2.217e-06	1.050e-06	1.601e-06	1.130e-06	3.429e-06	7.396e-07	2.222e-06	2.391e-06	1.343e-06	2.556e-06	1.228e-06	2.076e-06	3.308e-06	2.174e-06	8.353e-07	1.402e-06	2.936e-06	1.278e-06	3.200e-06	2.050e-06	2.566e-06	2.430e-06	2.425e-06	1.573e-06	1.486e-06	2.107e-06	3.639e-06	2.509e-06	3.008e-06	1.673e-06	3.011e-06	7.727e-07	2.783e-06	2.835e-06	2.286e-06
		fold up																																																																
			2.415258	1.502473	55.713607	1.975108	5.430691	2.618128	1.677652	3.541257	1.871494	2.140087	2.045464	2.657184	1.672420	1.593447	1.611708	1.311254	1.378236	2.498127	2.089189	1.900097	1.951570	2.018555	2.053933	1.532016	2.352071	1.575851	1.769506	2.360195	1.813887	2.206836	3.723416	1.687437	1.608282	2.039817	1.696613	4.034628	1.842089	1.975476	2.051051	2.265027	2.742801	1.637252	2.038232	2.133865	2.564343	1.995770	6.080643	2.099291	1.398787	1.960857	1.865366	1.732985	1.640773	1.699480	1.553627	2.140954	2.117907	1.539094	2.217430	2.056134	2.022621	1.746135	2.101747	1.641141
			2.172516	1.430768	34.374873	1.820058	4.431862	2.332292	1.576563	3.042245	1.735777	1.953174	1.876983	2.362878	1.572236	1.506723	1.521905	1.269260	1.326137	2.237970	1.912242	1.759098	1.800959	1.855239	1.883819	1.455493	2.122427	1.492073	1.652269	2.128876	1.688677	2.006676	3.179520	1.584651	1.519058	1.872423	1.592230	3.412212	1.711758	1.820357	1.881494	2.053161	2.429739	1.543108	1.871143	1.948177	2.290082	1.836801	4.895348	1.920375	1.343520	1.808498	1.730775	1.622226	1.546029	1.594598	1.473542	1.953870	1.935352	1.461408	2.015150	1.885595	1.858527	1.633052	1.922352	1.546333
			2.090085	1.405444	28.817323	1.766522	4.114826	2.235875	1.541185	2.878095	1.688707	1.889063	1.818977	2.263725	1.537165	1.476243	1.490373	1.254262	1.307606	2.149872	1.851428	1.710257	1.748904	1.798950	1.825271	1.428510	2.044273	1.462601	1.611419	2.050175	1.645139	1.938196	3.001352	1.548696	1.487724	1.814778	1.555733	3.209683	1.666496	1.766797	1.823131	1.980831	2.324545	1.510095	1.813599	1.884470	2.197410	1.781958	4.522674	1.858910	1.323886	1.755859	1.684082	1.583567	1.512810	1.557931	1.445337	1.889702	1.872681	1.434026	1.945972	1.826906	1.801980	1.593607	1.860727	1.513093
			2.172516	1.430768	34.374873	1.820058	4.431862	2.332292	1.576563	3.042245	1.735777	1.953174	1.876983	2.362878	1.572236	1.506723	1.521905	1.269260	1.326137	2.237970	1.912242	1.759098	1.800959	1.855239	1.883819	1.455493	2.122427	1.492073	1.652269	2.128876	1.688677	2.006676	3.179520	1.584651	1.519058	1.872423	1.592230	3.412212	1.711758	1.820357	1.881494	2.053161	2.429739	1.543108	1.871143	1.948177	2.290082	1.836801	4.895348	1.920375	1.343520	1.808498	1.730775	1.622226	1.546029	1.594598	1.473542	1.953870	1.935352	1.461408	2.015150	1.885595	1.858527	1.633052	1.922352	1.546333
			2.415258	1.502473	55.713607	1.975108	5.430691	2.618128	1.677652	3.541257	1.871494	2.140087	2.045464	2.657184	1.672420	1.593447	1.611708	1.311254	1.378236	2.498127	2.089189	1.900097	1.951570	2.018555	2.053933	1.532016	2.352071	1.575851	1.769506	2.360195	1.813887	2.206836	3.723416	1.687437	1.608282	2.039817	1.696613	4.034628	1.842089	1.975476	2.051051	2.265027	2.742801	1.637252	2.038232	2.133865	2.564343	1.995770	6.080643	2.099291	1.398787	1.960857	1.865366	1.732985	1.640773	1.699480	1.553627	2.140954	2.117907	1.539094	2.217430	2.056134	2.022621	1.746135	2.101747	1.641141
		fold down																																																																
			2.415258	1.502473	55.713607	1.975108	5.430691	2.618128	1.677652	3.541257	1.871494	2.140087	2.045464	2.657184	1.672420	1.593447	1.611708	1.311254	1.378236	2.498127	2.089189	1.900097	1.951570	2.018555	2.053933	1.532016	2.352071	1.575851	1.769506	2.360195	1.813887	2.206836	3.723416	1.687437	1.608282	2.039817	1.696613	4.034628	1.842089	1.975476	2.051051	2.265027	2.742801	1.637252	2.038232	2.133865	2.564343	1.995770	6.080643	2.099291	1.398787	1.960857	1.865366	1.732985	1.640773	1.699480	1.553627	2.140954	2.117907	1.539094	2.217430	2.056134	2.022621	1.746135	2.101747	1.641141
			2.172516	1.430768	34.374873	1.820058	4.431862	2.332292	1.576563	3.042245	1.735777	1.953174	1.876983	2.362878	1.572236	1.506723	1.521905	1.269260	1.326137	2.237970	1.912242	1.759098	1.800959	1.855239	1.883819	1.455493	2.122427	1.492073	1.652269	2.128876	1.688677	2.006676	3.179520	1.584651	1.519058	1.872423	1.592230	3.412212	1.711758	1.820357	1.881494	2.053161	2.429739	1.543108	1.871143	1.948177	2.290082	1.836801	4.895348	1.920375	1.343520	1.808498	1.730775	1.622226	1.546029	1.594598	1.473542	1.953870	1.935352	1.461408	2.015150	1.885595	1.858527	1.633052	1.922352	1.546333
			2.090085	1.405444	28.817323	1.766522	4.114826	2.235875	1.541185	2.878095	1.688707	1.889063	1.818977	2.263725	1.537165	1.476243	1.490373	1.254262	1.307606	2.149872	1.851428	1.710257	1.748904	1.798950	1.825271	1.428510	2.044273	1.462601	1.611419	2.050175	1.645139	1.938196	3.001352	1.548696	1.487724	1.814778	1.555733	3.209683	1.666496	1.766797	1.823131	1.980831	2.324545	1.510095	1.813599	1.884470	2.197410	1.781958	4.522674	1.858910	1.323886	1.755859	1.684082	1.583567	1.512810	1.557931	1.445337	1.889702	1.872681	1.434026	1.945972	1.826906	1.801980	1.593607	1.860727	1.513093
			2.172516	1.430768	34.374873	1.820058	4.431862	2.332292	1.576563	3.042245	1.735777	1.953174	1.876983	2.362878	1.572236	1.506723	1.521905	1.269260	1.326137	2.237970	1.912242	1.759098	1.800959	1.855239	1.883819	1.455493	2.122427	1.492073	1.652269	2.128876	1.688677	2.006676	3.179520	1.584651	1.519058	1.872423	1.592230	3.412212	1.711758	1.820357	1.881494	2.053161	2.429739	1.543108	1.871143	1.948177	2.290082	1.836801	4.895348	1.920375	1.343520	1.808498	1.730775	1.622226	1.546029	1.594598	1.473542	1.953870	1.935352	1.461408	2.015150	1.885595	1.858527	1.633052	1.922352	1.546333
			2.415258	1.502473	55.713607	1.975108	5.430691	2.618128	1.677652	3.541257	1.871494	2.140087	2.045464	2.657184	1.672420	1.593447	1.611708	1.311254	1.378236	2.498127	2.089189	1.900097	1.951570	2.018555	2.053933	1.532016	2.352071	1.575851	1.769506	2.360195	1.813887	2.206836	3.723416	1.687437	1.608282	2.039817	1.696613	4.034628	1.842089	1.975476	2.051051	2.265027	2.742801	1.637252	2.038232	2.133865	2.564343	1.995770	6.080643	2.099291	1.398787	1.960857	1.865366	1.732985	1.640773	1.699480	1.553627	2.140954	2.117907	1.539094	2.217430	2.056134	2.022621	1.746135	2.101747	1.641141
																																																																		
			AHCY_20080229	AKR1C1_20080307	ALUsq(Eurogentec)_20080228	ARHGEF7_20080225	BIRC5_20080229	CAMTA1_20080307	CAMTA2_20080227	CD44_20080311	CDCA5_20080225	CDH5_20080305	CDKN3_20080311	CLSTN1_20080227	CPSG3_20080306	DDC_20080310	DPYSL3_20080226	ECEL1_20080225	ELAVL4_20080310	EPB41L3_20080228	EPHA5_20080305	EPN2_20080304	FYN_20080311	GNB1_20080228	HIVEP2_20080304	HMBS_20080318	HPRT1_20080303	IGSF4_20080311	INPP1_20080303	MAP2K4_20080306	MAP7_20080229	MAPT_20080229	MCM2_20080306	MRPL3_20080222	MTSS1_20080227	MYCN(4)_20080222	NHLH2_20080222	NM23A_20080306	NRCAM_20080228	NTRK1_20080318	ODC1_20080226	PAICS_20080311	PDE4DIP_20080305	PIK3R1_20080306	PLAGL1_20080226	PLAT_20080311	PMP22_20080227	PRAME_20080310	PRDM2_20080306	PRKACB_20080311_bis	PRKCZ_20080307	PTN_20080227	PTPRF_20080225	PTPRH_20080228	PTPRN2_20080303	QPCT_20080228	SCG2_20080311	SDHA(1)_20080220	SLC25A5_20080229	SLC6A8_20080306	SNAPC1_20080227	TNFRSF_20080307	TYMS_20080305	UBC(2)_20080220	ULK2_20080229	WSB1_20080310
		detectable difference	2.249072	1.453828	40.254244	1.869365	4.736383	2.422139	1.608927	3.197140	1.779032	2.012418	1.930484	2.455330	1.604314	1.534546	1.550703	1.282840	1.342951	2.319904	1.968383	1.804008	1.848878	1.907129	1.937830	1.480083	2.194932	1.518963	1.689720	2.201900	1.728635	2.070039	3.347994	1.617550	1.547673	1.925585	1.625633	3.604361	1.753323	1.869686	1.935331	2.120157	2.527954	1.573278	1.924210	2.007040	2.376364	1.887333	5.254995	1.977130	1.361346	1.856964	1.773677	1.657638	1.576389	1.628158	1.499262	2.013167	1.993239	1.486367	2.079171	1.939739	1.910660	1.669196	1.979255	1.576713
