		AHCY	AKR1C1	ARHGEF7	BIRC5	CAMTA1	CAMTA2	CD44	CDCA5	CDH5	CDKN3	CLSTN1	CPSG3	DDC	DPYSL3	ECEL1	ELAVL4	EPB41L3	EPHA5	EPN2	FYN	GNB1	HIVEP2	HMBS	HPRT1	IGSF4	INPP1	MAP2K4	MAP7	MAPT	MCM2	MRPL3	MTSS1	MYCN(4)	NHLH2	NM23A	NRCAM	NTRK1	ODC1	PAICS	PDE4DIP	PIK3R1	PLAGL1	PLAT	PMP22	PRAME	PRDM2	PRKACB	PRKCZ	PTN	PTPRF	PTPRH	PTPRN2	QPCT	SCG2	SDHA(1)	SLC25A5	SLC6A8	SNAPC1	TNFRSF	TYMS	UBC(2)	ULK2	WSB1
	15	34.91	35.28	33.77	36.80	36.31	34.79	35.47	35.39	34.30	36.28	33.41	33.98	34.10	35.14	34.13	34.74	34.86	35.01	33.98	34.70	35.07	34.23	33.76	34.70	33.66	34.10	35.34	33.66	33.11	35.62	35.00	35.44	33.22	35.70	32.64	34.90	35.52	34.98	35.53	33.98	33.00	34.01	35.66	35.75	33.43	33.97	33.53	34.16	33.44	34.25	34.94	34.99	34.91	34.35	32.95	34.18	33.82	34.20	33.10	36.23	34.54	33.59	34.31
	15	33.96	35.01	34.82	34.43	35.51	34.51	36.42	34.84	34.96	35.88	33.22	33.62	34.24	34.67	33.95	34.79	34.41	34.26	34.19	34.37	34.31	33.95	34.41	33.53	33.46	34.18	34.53	33.77	34.18	35.01	35.60	35.57	32.88	35.66	33.84	34.67	36.30	34.30	35.82	34.03	33.92	35.18	35.56	35.04	33.67	34.00	34.12	34.60	34.48	33.70	34.26	34.88	34.56	34.56	34.15	33.54	33.56	35.45	34.09	36.47	34.45	34.37	34.32
	15	33.63	35.11	34.05	35.84	35.63	34.35	34.68	34.52	34.02	35.34	34.79	33.60	34.32	34.93	34.11	34.83	33.57	35.19	34.03	35.22	34.83	34.97	33.91	34.01	33.78	34.03	34.13	34.32	33.16	36.81	35.02	35.92	33.20	35.85	34.40	34.21	35.56	34.73	34.90	35.29	34.03	35.06	35.78	35.80	34.18	36.39	33.40	34.29	34.45	33.87	34.68	34.51	34.54	34.56	33.10	33.61	34.02	35.00	33.96	35.76	34.66	33.48	34.53
	150	31.20	31.70	30.88	32.23	33.01	30.86	31.65	31.62	30.32	32.25	30.42	30.35	31.11	31.36	30.44	31.45	30.69	31.52	30.66	31.27	31.34	30.72	30.59	30.99	30.39	30.96	31.35	31.06	30.20	32.91	31.85	31.96	30.39	32.28	30.96	30.55	32.16	31.08	32.02	31.24	30.26	31.09	33.01	31.65	30.58	31.82	30.69	30.90	30.41	30.75	30.93	31.22	31.02	31.48	30.16	30.78	30.44	31.47	30.44	32.99	30.40	30.25	31.24
	150	30.84	31.48	30.92	31.95	32.04	31.02	31.94	31.41	30.51	32.40	30.51	30.46	30.96	31.44	30.54	31.29	30.84	31.51	30.93	31.66	31.55	31.23	30.68	30.71	30.51	31.15	31.40	30.68	30.43	32.51	31.69	31.92	30.52	32.46	31.05	30.69	32.06	30.82	32.57	31.17	30.41	31.15	32.79	31.57	30.70	31.68	30.64	30.76	30.57	30.53	30.86	31.41	31.45	31.46	30.16	31.03	30.61	31.57	30.58	32.77	30.61	30.34	31.22
	150	31.02	31.59	31.14	31.94	32.23	30.97	31.89	31.42	30.72	32.57	30.53	30.59	31.08	31.76	30.70	31.21	30.95	31.34	30.79	31.48	31.49	31.02	30.54	31.13	30.29	31.33	31.30	30.67	30.52	32.61	32.05	32.18	30.49	32.87	31.07	30.93	32.39	30.84	32.27	31.41	30.49	31.23	32.65	32.10	30.66	32.09	30.81	30.85	30.62	31.04	30.76	31.14	31.45	31.30	30.20	30.82	30.60	31.61	30.29	32.77	30.70	30.66	31.23
	1500	27.45	27.92	27.39	28.39	28.30	27.41	28.19	27.86	26.94	28.66	26.98	26.85	27.48	27.74	27.24	27.65	27.23	27.77	27.19	27.91	27.55	27.46	26.95	27.40	26.94	27.35	27.63	27.30	26.87	28.42	28.23	28.34	26.80	28.84	27.35	27.23	28.21	27.34	28.61	27.60	26.68	27.59	28.81	28.04	26.85	28.00	26.96	27.18	26.99	27.23	27.13	27.60	27.58	27.88	26.63	27.22	26.89	27.81	26.91	28.70	26.89	26.86	27.41
	1500	27.57	28.08	27.49	28.53	28.85	27.41	28.22	27.97	27.09	28.56	27.04	26.83	27.50	28.06	27.16	27.76	27.25	28.04	27.28	27.85	27.66	27.40	27.28	27.55	27.02	27.47	27.83	27.30	26.85	28.57	28.29	28.31	27.00	28.85	27.37	27.40	28.54	27.45	28.51	27.70	26.80	27.55	29.00	28.25	26.93	28.16	27.12	27.51	26.93	27.34	27.10	27.64	27.59	27.67	26.77	27.34	26.85	27.73	26.89	28.85	27.08	27.14	27.58
	1500	27.38	28.34	27.41	28.43	28.42	27.27	28.18	28.08	26.98	28.34	26.84	26.85	27.47	27.89	27.10	27.84	27.28	27.92	27.18	28.00	27.72	27.51	27.07	27.47	27.06	27.30	27.76	27.32	26.90	28.75	28.24	28.26	26.86	28.85	27.50	27.53	28.47	27.31	28.37	27.60	26.79	27.38	29.00	28.03	27.01	28.37	27.04	27.33	27.11	27.14	27.23	27.52	27.58	27.78	26.69	27.24	26.96	27.94	27.03	29.10	27.00	27.00	27.60
	15000	24.10	24.36	24.07	25.03	24.87	24.06	24.82	24.58	23.74	24.87	23.71	23.70	24.19	24.57	23.82	24.41	23.91	24.50	23.97	24.52	24.28	24.17	23.77	24.11	23.57	24.14	24.24	24.15	23.57	25.07	24.73	24.82	23.49	25.42	24.13	24.00	24.90	24.04	24.98	24.23	23.54	24.14	25.54	24.67	23.56	24.74	23.50	24.01	23.79	23.79	23.91	24.22	24.18	24.38	23.36	24.06	23.61	24.46	23.53	25.09	23.63	23.74	24.17
	15000	24.00	24.36	24.09	24.89	24.93	24.04	24.86	24.63	23.73	24.90	23.64	23.71	24.23	24.63	23.80	24.35	23.89	24.42	24.09	24.52	24.29	24.16	23.73	24.16	23.59	24.03	24.27	24.15	23.54	25.14	24.74	24.93	23.48	25.43	24.09	24.13	24.96	24.04	25.02	24.34	23.61	24.12	25.53	24.77	23.59	24.82	23.67	24.05	23.88	23.92	23.97	24.23	24.34	24.56	23.38	24.14	23.65	24.55	23.69	25.42	23.63	23.98	24.15
	15000	23.95	24.28	23.95	24.89	24.73	24.05	24.69	24.35	23.64	24.82	23.43	23.60	24.16	24.47	23.69	24.30	23.71	24.37	23.56	24.44	24.15	24.01	23.60	23.95	23.46	23.95	24.16	24.09	23.36	25.03	24.59	24.70	23.40	25.36	24.04	23.79	24.74	23.89	24.89	24.14	23.52	23.89	25.50	24.52	23.51	24.75	23.52	23.98	23.74	23.73	23.80	24.01	24.05	24.28	23.25	23.92	23.64	24.31	23.48	25.05	23.51	23.66	24.11
	150000	20.82	20.87	20.75	21.61	21.23	20.50	21.22	21.28	20.39	21.20	20.23	20.04	20.60	20.97	20.45	20.75	20.67	21.08	20.39	20.95	20.93	20.72	20.37	20.69	20.10	20.87	20.73	20.64	20.32	21.52	21.23	21.33	19.99	22.14	20.82	20.73	21.32	20.50	21.40	20.84	20.00	20.71	21.81	21.17	20.13	21.23	20.15	20.51	20.48	20.45	20.38	20.76	20.83	21.02	19.99	20.60	20.18	20.83	20.03	21.54	20.14	20.45	20.60
	150000	20.54	20.88	20.54	21.34	21.15	20.40	21.09	20.99	20.11	21.14	20.11	20.12	20.57	20.96	20.47	20.70	20.43	20.79	20.28	20.82	20.62	20.50	20.31	20.53	19.91	20.54	20.54	20.65	19.86	21.45	21.01	21.51	19.95	21.87	20.52	20.65	21.16	20.39	21.30	20.50	19.98	20.60	21.78	21.00	19.96	21.05	20.01	20.50	20.26	20.26	20.30	20.61	20.48	20.78	19.79	20.37	20.09	20.77	19.97	21.57	19.98	20.14	20.52
	150000	20.58	21.05	20.63	21.48	21.36	20.51	21.24	21.04	20.15	21.24	20.17	20.21	20.57	21.00	20.35	20.77	20.45	20.80	20.56	20.89	21.15	20.84	20.40	20.64	20.09	20.93	20.66	20.80	20.26	21.53	21.11	21.27	20.00	22.20	20.61	20.46	21.25	20.45	21.30	20.67	20.16	20.66	21.89	21.03	20.07	21.08	20.01	20.71	20.66	20.32	20.63	20.72	20.59	20.73	20.01	20.50	20.23	21.44	20.31	21.85	20.15	20.47	20.58
																																																																
	standard curve slope	-3.405e+00	-3.566e+00	-3.408e+00	-3.554e+00	-3.673e+00	-3.506e+00	-3.572e+00	-3.459e+00	-3.524e+00	-3.682e+00	-3.417e+00	-3.402e+00	-3.414e+00	-3.483e+00	-3.407e+00	-3.506e+00	-3.452e+00	-3.489e+00	-3.423e+00	-3.473e+00	-3.489e+00	-3.427e+00	-3.424e+00	-3.380e+00	-3.406e+00	-3.376e+00	-3.518e+00	-3.311e+00	-3.357e+00	-3.622e+00	-3.535e+00	-3.575e+00	-3.326e+00	-3.447e+00	-3.290e+00	-3.471e+00	-3.643e+00	-3.537e+00	-3.548e+00	-3.456e+00	-3.405e+00	-3.530e+00	-3.497e+00	-3.604e+00	-3.451e+00	-3.442e+00	-3.440e+00	-3.438e+00	-3.404e+00	-3.415e+00	-3.533e+00	-3.529e+00	-3.519e+00	-3.430e+00	-3.378e+00	-3.341e+00	-3.418e+00	-3.485e+00	-3.409e+00	-3.666e+00	-3.590e+00	-3.354e+00	-3.472e+00
	standard curve derived eff	1.966e+00	1.907e+00	1.965e+00	1.912e+00	1.872e+00	1.928e+00	1.905e+00	1.946e+00	1.922e+00	1.869e+00	1.962e+00	1.968e+00	1.963e+00	1.937e+00	1.966e+00	1.929e+00	1.949e+00	1.935e+00	1.960e+00	1.941e+00	1.935e+00	1.958e+00	1.959e+00	1.977e+00	1.966e+00	1.978e+00	1.924e+00	2.004e+00	1.986e+00	1.888e+00	1.918e+00	1.904e+00	1.998e+00	1.950e+00	2.014e+00	1.942e+00	1.881e+00	1.918e+00	1.914e+00	1.947e+00	1.966e+00	1.920e+00	1.932e+00	1.894e+00	1.949e+00	1.952e+00	1.953e+00	1.954e+00	1.967e+00	1.963e+00	1.919e+00	1.920e+00	1.924e+00	1.957e+00	1.977e+00	1.992e+00	1.961e+00	1.936e+00	1.965e+00	1.874e+00	1.899e+00	1.987e+00	1.941e+00
																																																																
	Fq	1	1	1	1	1	1	1	1	1	1	1	1	1	1	1	1	1	1	1	1	1	1	1	1	1	1	1	1	1	1	1	1	1	1	1	1	1	1	1	1	1	1	1	1	1	1	1	1	1	1	1	1	1	1	1	1	1	1	1	1	1	1	1
	log(input) - log(expected F0 with SC-Eff																																																															
	1.1761	-10.2515	-9.8944	-9.9073	-10.3551	-9.8869	-9.9208	-9.9309	-10.2287	-9.7338	-9.8546	-9.7768	-9.9875	-9.9887	-10.0878	-10.0184	-9.9085	-10.0996	-10.0346	-9.9271	-9.9895	-10.0521	-9.9876	-9.8592	-10.2692	-9.8819	-10.0998	-10.0480	-10.1643	-9.8633	-9.8317	-9.9001	-9.9117	-9.9876	-10.3571	-9.9223	-10.0556	-9.7501	-9.8898	-10.0126	-9.8323	-9.6915	-9.6352	-10.1971	-9.9195	-9.6886	-9.8682	-9.7474	-9.9375	-9.8218	-10.0281	-9.8898	-9.9146	-9.9227	-10.0128	-9.7534	-10.2289	-9.8938	-9.8140	-9.7097	-9.8825	-9.6222	-10.0152	-9.8802
	1.1761	-9.9737	-9.8198	-10.2160	-9.6879	-9.6686	-9.8430	-10.1964	-10.0703	-9.9208	-9.7438	-9.7230	-9.8843	-10.0270	-9.9525	-9.9635	-9.9219	-9.9692	-9.8196	-9.9878	-9.8965	-9.8325	-9.9062	-10.0494	-9.9221	-9.8235	-10.1250	-9.8172	-10.1993	-10.1823	-9.6639	-10.0699	-9.9492	-9.8860	-10.3449	-10.2846	-9.9899	-9.9633	-9.6970	-10.0943	-9.8470	-9.9620	-9.9655	-10.1694	-9.7220	-9.7570	-9.8769	-9.9187	-10.0646	-10.1296	-9.8668	-9.6962	-9.8832	-9.8212	-10.0755	-10.1077	-10.0397	-9.8183	-10.1713	-9.9978	-9.9488	-9.5977	-10.2469	-9.8839
	1.1761	-9.8753	-9.8467	-9.9900	-10.0864	-9.7023	-9.7976	-9.7095	-9.9790	-9.6547	-9.5985	-10.1812	-9.8784	-10.0525	-10.0292	-10.0122	-9.9351	-9.7247	-10.0856	-9.9417	-10.1413	-9.9821	-10.2042	-9.9048	-10.0620	-9.9177	-10.0815	-9.7026	-10.3633	-9.8779	-10.1621	-9.9072	-10.0457	-9.9816	-10.4012	-10.4564	-9.8571	-9.7588	-9.8194	-9.8350	-10.2119	-9.9952	-9.9330	-10.2314	-9.9326	-9.9053	-10.5697	-9.7105	-9.9761	-10.1208	-9.9177	-9.8151	-9.7780	-9.8170	-10.0752	-9.7996	-10.0595	-9.9532	-10.0433	-9.9602	-9.7546	-9.6545	-9.9803	-9.9447
	2.1761	-9.1640	-8.8906	-9.0619	-9.0694	-8.9879	-8.8017	-8.8605	-9.1413	-8.6033	-8.7595	-8.9035	-8.9215	-9.1124	-9.0040	-8.9336	-8.9718	-8.8906	-9.0343	-8.9565	-9.0031	-8.9836	-8.9645	-8.9359	-9.1708	-8.9202	-9.1712	-8.9123	-9.3785	-8.9976	-9.0850	-9.0107	-8.9392	-9.1359	-9.3656	-9.4107	-8.8036	-8.8268	-8.7879	-9.0242	-9.0399	-8.8871	-8.8083	-9.4388	-8.7809	-8.8624	-9.2445	-8.9218	-8.9891	-8.9329	-9.0033	-8.7550	-8.8457	-8.8172	-9.1765	-8.9275	-9.2121	-8.9056	-9.0298	-8.9295	-8.9987	-8.4683	-9.0191	-8.9966
	2.1761	-9.0580	-8.8280	-9.0731	-8.9906	-8.7243	-8.8459	-8.9431	-9.0780	-8.6581	-8.8008	-8.9290	-8.9545	-9.0690	-9.0270	-8.9621	-8.9259	-8.9346	-9.0300	-9.0368	-9.1166	-9.0412	-9.1137	-8.9605	-9.0868	-8.9578	-9.2266	-8.9260	-9.2641	-9.0652	-8.9743	-8.9655	-8.9289	-9.1747	-9.4166	-9.4387	-8.8428	-8.7993	-8.7136	-9.1798	-9.0214	-8.9315	-8.8250	-9.3761	-8.7581	-8.8952	-9.2024	-8.9069	-8.9472	-8.9790	-8.9394	-8.7338	-8.9001	-8.9394	-9.1715	-8.9278	-9.2867	-8.9530	-9.0602	-8.9685	-8.9387	-8.5271	-9.0442	-8.9920
	2.1761	-9.1097	-8.8583	-9.1359	-8.9870	-8.7766	-8.8334	-8.9275	-9.0829	-8.7180	-8.8461	-8.9346	-8.9936	-9.1039	-9.1183	-9.0091	-8.9020	-8.9674	-8.9810	-8.9954	-9.0633	-9.0243	-9.0524	-8.9211	-9.2107	-8.8914	-9.2808	-8.8975	-9.2607	-9.0911	-9.0030	-9.0670	-9.0005	-9.1648	-9.5341	-9.4457	-8.9123	-8.8896	-8.7206	-9.0941	-9.0882	-8.9555	-8.8469	-9.3361	-8.9054	-8.8850	-9.3204	-8.9575	-8.9734	-8.9934	-9.0899	-8.7075	-8.8253	-8.9377	-9.1237	-8.9409	-9.2235	-8.9504	-9.0714	-8.8858	-8.9395	-8.5516	-9.1420	-8.9943
	3.1761	-8.0598	-7.8299	-8.0361	-7.9903	-7.7039	-7.8164	-7.8935	-8.0538	-7.6451	-7.7855	-7.8945	-7.8941	-8.0469	-7.9627	-7.9939	-7.8854	-7.8873	-7.9589	-7.9447	-8.0369	-7.8962	-8.0135	-7.8731	-8.1067	-7.9080	-8.1012	-7.8537	-8.2436	-8.0052	-7.8447	-7.9870	-7.9279	-8.0561	-8.3676	-8.3137	-7.8464	-7.7429	-7.7319	-8.0629	-7.9874	-7.8351	-7.8151	-8.2380	-7.7809	-7.7812	-8.1323	-7.8385	-7.9052	-7.9271	-7.9740	-7.6786	-7.8211	-7.8393	-8.1276	-7.8832	-8.1481	-7.8648	-7.9795	-7.8941	-7.8277	-7.4921	-8.0082	-7.8948
	3.1761	-8.0953	-7.8753	-8.0670	-8.0277	-7.8555	-7.8164	-7.9016	-8.0848	-7.6871	-7.7573	-7.9138	-7.8880	-8.0527	-8.0552	-7.9713	-7.9168	-7.8960	-8.0360	-7.9710	-8.0185	-7.9271	-7.9946	-7.9692	-8.1529	-7.9306	-8.1377	-7.9119	-8.2452	-7.9999	-7.8861	-8.0028	-7.9181	-8.1171	-8.3705	-8.3201	-7.8951	-7.8327	-7.7607	-8.0350	-8.0152	-7.8703	-7.8055	-8.2918	-7.8392	-7.8027	-8.1811	-7.8844	-8.0027	-7.9095	-8.0068	-7.6695	-7.8338	-7.8404	-8.0661	-7.9243	-8.1823	-7.8546	-7.9560	-7.8864	-7.8694	-7.5439	-8.0922	-7.9426
	3.1761	-8.0416	-7.9477	-8.0411	-8.0007	-7.7371	-7.7784	-7.8904	-8.1163	-7.6559	-7.6970	-7.8544	-7.8935	-8.0457	-8.0055	-7.9534	-7.9419	-7.9036	-8.0016	-7.9409	-8.0619	-7.9437	-8.0287	-7.9064	-8.1272	-7.9432	-8.0861	-7.8917	-8.2512	-8.0124	-7.9358	-7.9890	-7.9030	-8.0738	-8.3699	-8.3590	-7.9332	-7.8129	-7.7208	-7.9964	-7.9883	-7.8680	-7.7548	-8.2935	-7.7762	-7.8279	-8.2421	-7.8617	-7.9506	-7.9632	-7.9482	-7.7075	-7.7978	-7.8393	-8.0996	-7.9007	-8.1541	-7.8879	-8.0177	-7.9287	-7.9371	-7.5228	-8.0499	-7.9480
	4.1761	-7.0784	-6.8334	-7.0626	-7.0431	-6.7705	-6.8609	-6.9482	-7.1040	-6.7376	-6.7556	-6.9375	-6.9658	-7.0836	-7.0547	-6.9916	-6.9621	-6.9258	-7.0226	-7.0043	-7.0600	-6.9581	-7.0540	-6.9413	-7.1332	-6.9198	-7.1510	-6.8899	-7.2936	-7.0213	-6.9196	-6.9972	-6.9405	-7.0613	-7.3734	-7.3340	-6.9160	-6.8342	-6.7974	-7.0398	-7.0130	-6.9129	-6.8378	-7.3027	-6.8445	-6.8284	-7.1858	-6.8323	-6.9857	-6.9889	-6.9655	-6.7680	-6.8621	-6.8727	-7.1067	-6.9149	-7.2006	-6.9067	-7.0196	-6.9021	-6.8429	-6.5828	-7.0765	-6.9611
	4.1761	-7.0469	-6.8306	-7.0687	-7.0026	-6.7885	-6.8547	-6.9591	-7.1208	-6.7325	-6.7618	-6.9170	-6.9708	-7.0974	-7.0719	-6.9857	-6.9442	-6.9212	-6.9996	-7.0393	-7.0588	-6.9621	-7.0514	-6.9317	-7.1474	-6.9248	-7.1184	-6.9007	-7.2921	-7.0123	-6.9392	-6.9997	-6.9713	-7.0601	-7.3778	-7.3219	-6.9517	-6.8512	-6.7968	-7.0506	-7.0437	-6.9326	-6.8324	-7.3013	-6.8725	-6.8368	-7.2091	-6.8823	-6.9947	-7.0156	-7.0033	-6.7836	-6.8664	-6.9185	-7.1600	-6.9220	-7.2251	-6.9190	-7.0443	-6.9493	-6.9351	-6.5842	-7.1478	-6.9559
	4.1761	-7.0325	-6.8093	-7.0285	-7.0034	-6.7338	-6.8598	-6.9118	-7.0378	-6.7067	-6.7423	-6.8559	-6.9376	-7.0754	-7.0251	-6.9529	-6.9308	-6.8699	-6.9839	-6.8824	-7.0355	-6.9211	-7.0065	-6.8923	-7.0880	-6.8876	-7.0953	-6.8672	-7.2749	-6.9584	-6.9088	-6.9570	-6.9073	-7.0334	-7.3555	-7.3070	-6.8541	-6.7900	-6.7541	-7.0145	-6.9870	-6.9062	-6.7681	-7.2915	-6.8021	-6.8119	-7.1896	-6.8381	-6.9770	-6.9748	-6.9500	-6.7369	-6.8035	-6.8358	-7.0781	-6.8838	-7.1586	-6.9149	-6.9760	-6.8871	-6.8339	-6.5505	-7.0541	-6.9441
	5.1761	-6.1128	-5.8529	-6.0884	-6.0799	-5.7800	-5.8457	-5.9408	-6.1512	-5.7870	-5.7591	-5.9215	-5.8922	-6.0345	-6.0214	-6.0025	-5.9176	-5.9895	-6.0409	-5.9566	-6.0304	-5.9985	-6.0452	-5.9494	-6.1210	-5.9006	-6.1809	-5.8929	-6.2315	-6.0546	-5.9402	-6.0045	-5.9655	-6.0082	-6.4240	-6.3285	-5.9744	-5.8510	-5.7978	-6.0320	-6.0294	-5.8732	-5.8656	-6.2364	-5.8740	-5.8330	-6.1662	-5.8586	-5.9655	-6.0157	-5.9872	-5.7686	-5.8831	-5.9201	-6.1263	-5.9174	-6.1665	-5.9022	-5.9771	-5.8740	-5.8754	-5.6100	-6.0974	-5.9324
	5.1761	-6.0320	-5.8552	-6.0265	-6.0047	-5.7593	-5.8183	-5.9039	-6.0663	-5.7056	-5.7431	-5.8852	-5.9134	-6.0251	-6.0177	-6.0075	-5.9039	-5.9179	-5.9578	-5.9242	-5.9953	-5.9091	-5.9819	-5.9310	-6.0742	-5.8442	-6.0831	-5.8403	-6.2348	-5.9152	-5.9208	-5.9446	-6.0156	-5.9962	-6.3436	-6.2361	-5.9513	-5.8077	-5.7645	-6.0030	-5.9325	-5.8671	-5.8356	-6.2289	-5.8279	-5.7835	-6.1160	-5.8164	-5.9638	-5.9511	-5.9334	-5.7473	-5.8409	-5.8218	-6.0578	-5.8590	-6.0964	-5.8779	-5.9587	-5.8587	-5.8833	-5.5648	-6.0053	-5.9096
	5.1761	-6.0426	-5.9045	-6.0538	-6.0438	-5.8165	-5.8502	-5.9481	-6.0804	-5.7181	-5.7681	-5.9027	-5.9422	-6.0231	-6.0292	-5.9714	-5.9253	-5.9240	-5.9607	-6.0071	-6.0160	-6.0630	-6.0802	-5.9591	-6.1079	-5.8968	-6.1992	-5.8736	-6.2819	-6.0346	-5.9440	-5.9728	-5.9502	-6.0109	-6.4405	-6.2647	-5.8954	-5.8337	-5.7809	-6.0036	-5.9822	-5.9196	-5.8534	-6.2604	-5.8349	-5.8171	-6.1241	-5.8185	-6.0251	-6.0686	-5.9489	-5.8391	-5.8715	-5.8527	-6.0429	-5.9221	-6.1341	-5.9194	-6.1536	-5.9576	-5.9597	-5.6144	-6.1031	-5.9278
																																																																
	slope = bias	1.0000	1.0000	1.0000	1.0000	1.0000	1.0000	1.0000	1.0000	1.0000	1.0000	1.0000	1.0000	1.0000	1.0000	1.0000	1.0000	1.0000	1.0000	1.0000	1.0000	1.0000	1.0000	1.0000	1.0000	1.0000	1.0000	1.0000	1.0000	1.0000	1.0000	1.0000	1.0000	1.0000	1.0000	1.0000	1.0000	1.0000	1.0000	1.0000	1.0000	1.0000	1.0000	1.0000	1.0000	1.0000	1.0000	1.0000	1.0000	1.0000	1.0000	1.0000	1.0000	1.0000	1.0000	1.0000	1.0000	1.0000	1.0000	1.0000	1.0000	1.0000	1.0000	1.0000
																																																																
	n per gloup	3	3	3	3	3	3	3	3	3	3	3	3	3	3	3	3	3	3	3	3	3	3	3	3	3	3	3	3	3	3	3	3	3	3	3	3	3	3	3	3	3	3	3	3	3	3	3	3	3	3	3	3	3	3	3	3	3	3	3	3	3	3	3
		3	3	3	3	3	3	3	3	3	3	3	3	3	3	3	3	3	3	3	3	3	3	3	3	3	3	3	3	3	3	3	3	3	3	3	3	3	3	3	3	3	3	3	3	3	3	3	3	3	3	3	3	3	3	3	3	3	3	3	3	3	3	3
		3	3	3	3	3	3	3	3	3	3	3	3	3	3	3	3	3	3	3	3	3	3	3	3	3	3	3	3	3	3	3	3	3	3	3	3	3	3	3	3	3	3	3	3	3	3	3	3	3	3	3	3	3	3	3	3	3	3	3	3	3	3	3
		3	3	3	3	3	3	3	3	3	3	3	3	3	3	3	3	3	3	3	3	3	3	3	3	3	3	3	3	3	3	3	3	3	3	3	3	3	3	3	3	3	3	3	3	3	3	3	3	3	3	3	3	3	3	3	3	3	3	3	3	3	3	3
		3	3	3	3	3	3	3	3	3	3	3	3	3	3	3	3	3	3	3	3	3	3	3	3	3	3	3	3	3	3	3	3	3	3	3	3	3	3	3	3	3	3	3	3	3	3	3	3	3	3	3	3	3	3	3	3	3	3	3	3	3	3	3
	ngroup	5	5	5	5	5	5	5	5	5	5	5	5	5	5	5	5	5	5	5	5	5	5	5	5	5	5	5	5	5	5	5	5	5	5	5	5	5	5	5	5	5	5	5	5	5	5	5	5	5	5	5	5	5	5	5	5	5	5	5	5	5	5	5
																																																																
	SS per dilution	0.076127	0.002855	0.051058	0.225377	0.027633	0.007766	0.118858	0.031937	0.037360	0.032998	0.125500	0.007525	0.002066	0.009197	0.001808	0.000352	0.072441	0.039851	0.002012	0.030521	0.025158	0.047427	0.019712	0.060987	0.004525	0.000956	0.061906	0.022574	0.064901	0.128547	0.018439	0.009555	0.006500	0.001753	0.148666	0.020458	0.029122	0.019044	0.035144	0.092513	0.055495	0.066268	0.001932	0.027847	0.024558	0.324073	0.024673	0.008493	0.061424	0.013605	0.019067	0.010232	0.007163	0.002607	0.074214	0.021623	0.009137	0.065530	0.049041	0.019494	0.001625	0.041972	0.002623
		0.005621	0.001956	0.003178	0.004340	0.038945	0.001038	0.003849	0.002480	0.006575	0.003756	0.000547	0.002600	0.001055	0.007306	0.002902	0.002522	0.002968	0.001754	0.003229	0.006442	0.001754	0.011236	0.000793	0.008010	0.002214	0.006006	0.000404	0.008994	0.004665	0.006600	0.005177	0.002995	0.000812	0.014940	0.000684	0.006053	0.004286	0.003370	0.012143	0.002382	0.002410	0.000746	0.005354	0.012581	0.000562	0.007144	0.001353	0.000896	0.001999	0.011413	0.001135	0.002991	0.009819	0.001698	0.000116	0.003224	0.001419	0.000927	0.003425	0.002369	0.003665	0.008426	0.000011
		0.001494	0.007058	0.000547	0.000746	0.012710	0.000959	0.000067	0.001949	0.000951	0.004091	0.001837	0.000023	0.000028	0.004281	0.000824	0.001601	0.000132	0.002984	0.000537	0.000952	0.001166	0.000585	0.004762	0.001070	0.000637	0.001404	0.001752	0.000032	0.000079	0.004161	0.000149	0.000315	0.001971	0.000005	0.001202	0.003780	0.004448	0.000848	0.002231	0.000499	0.000777	0.002102	0.001990	0.002461	0.001091	0.006053	0.001055	0.004756	0.001502	0.001723	0.000785	0.000666	0.000001	0.001897	0.000853	0.000664	0.000584	0.001939	0.001013	0.006094	0.001357	0.003534	0.001718
		0.001098	0.000348	0.000937	0.001072	0.001556	0.000022	0.001228	0.003848	0.000550	0.000200	0.003609	0.000642	0.000246	0.001120	0.000872	0.000496	0.001926	0.000757	0.013562	0.000381	0.001021	0.001430	0.001352	0.001930	0.000819	0.001566	0.000586	0.000216	0.002313	0.000474	0.001148	0.002052	0.000500	0.000280	0.000367	0.004885	0.001996	0.001232	0.000686	0.001612	0.000377	0.003007	0.000074	0.002518	0.000322	0.000311	0.001496	0.000157	0.000860	0.001503	0.001131	0.002472	0.003433	0.003458	0.000825	0.002258	0.000078	0.002392	0.002107	0.006274	0.000728	0.004780	0.000152
		0.003853	0.001702	0.001925	0.002824	0.001676	0.000597	0.001125	0.004146	0.003848	0.000321	0.000659	0.001258	0.000074	0.000069	0.000765	0.000235	0.003148	0.004452	0.003497	0.000624	0.011948	0.004969	0.000406	0.001164	0.001984	0.007792	0.001415	0.001591	0.011369	0.000309	0.001800	0.002342	0.000123	0.005373	0.004477	0.003296	0.000953	0.000557	0.000551	0.004700	0.001652	0.000456	0.000541	0.001233	0.001280	0.001455	0.001130	0.002442	0.006926	0.001538	0.004609	0.000951	0.005055	0.003955	0.002466	0.002457	0.000871	0.023149	0.005664	0.004334	0.001505	0.006027	0.000289
	SSwithin	0.088193	0.013919	0.057646	0.234360	0.082520	0.010382	0.125127	0.044361	0.049285	0.041365	0.132151	0.012048	0.003470	0.021972	0.007171	0.005206	0.080615	0.049798	0.022838	0.038921	0.041047	0.065647	0.027024	0.073161	0.010179	0.017724	0.066064	0.033407	0.083326	0.140091	0.026713	0.017259	0.009905	0.022351	0.155396	0.038473	0.040805	0.025050	0.050756	0.101707	0.060710	0.072579	0.009891	0.046641	0.027812	0.339037	0.029707	0.016744	0.072711	0.029782	0.026727	0.017313	0.025471	0.013615	0.078473	0.030226	0.012088	0.093937	0.061250	0.038565	0.008880	0.064740	0.004792
	df-within	10	10	10	10	10	10	10	10	10	10	10	10	10	10	10	10	10	10	10	10	10	10	10	10	10	10	10	10	10	10	10	10	10	10	10	10	10	10	10	10	10	10	10	10	10	10	10	10	10	10	10	10	10	10	10	10	10	10	10	10	10	10	10
	MS within Cq-standard	0.008819	0.001392	0.005765	0.023436	0.008252	0.001038	0.012513	0.004436	0.004928	0.004136	0.013215	0.001205	0.000347	0.002197	0.000717	0.000521	0.008061	0.004980	0.002284	0.003892	0.004105	0.006565	0.002702	0.007316	0.001018	0.001772	0.006606	0.003341	0.008333	0.014009	0.002671	0.001726	0.000991	0.002235	0.015540	0.003847	0.004081	0.002505	0.005076	0.010171	0.006071	0.007258	0.000989	0.004664	0.002781	0.033904	0.002971	0.001674	0.007271	0.002978	0.002673	0.001731	0.002547	0.001361	0.007847	0.003023	0.001209	0.009394	0.006125	0.003857	0.000888	0.006474	0.000479
																																																																
																																																																
																																																																
		AHCY	AKR1C1	ARHGEF7	BIRC5	CAMTA1	CAMTA2	CD44	CDCA5	CDH5	CDKN3	CLSTN1	CPSG3	DDC	DPYSL3	ECEL1	ELAVL4	EPB41L3	EPHA5	EPN2	FYN	GNB1	HIVEP2	HMBS	HPRT1	IGSF4	INPP1	MAP2K4	MAP7	MAPT	MCM2	MRPL3	MTSS1	MYCN(4)	NHLH2	NM23A	NRCAM	NTRK1	ODC1	PAICS	PDE4DIP	PIK3R1	PLAGL1	PLAT	PMP22	PRAME	PRDM2	PRKACB	PRKCZ	PTN	PTPRF	PTPRH	PTPRN2	QPCT	SCG2	SDHA(1)	SLC25A5	SLC6A8	SNAPC1	TNFRSF	TYMS	UBC(2)	ULK2	WSB1
observed F0	15	9.763e+00	1.381e+01	2.118e+01	7.011e+00	1.171e+01	1.477e+01	1.477e+01	1.098e+01	1.423e+01	1.201e+01	2.001e+01	1.308e+01	1.751e+01	1.316e+01	1.379e+01	1.562e+01	9.949e+00	1.374e+01	1.647e+01	1.665e+01	1.231e+01	1.663e+01	1.775e+01	1.061e+01	1.575e+01	1.655e+01	1.023e+01	1.892e+01	2.084e+01	1.883e+01	1.824e+01	1.644e+01	1.731e+01	1.616e+01	3.716e+01	1.077e+01	1.775e+01	1.135e+01	1.568e+01	2.214e+01	2.390e+01	2.325e+01	1.814e+01	1.224e+01	2.035e+01	3.041e+01	1.912e+01	1.644e+01	2.191e+01	1.314e+01	1.095e+01	1.288e+01	1.317e+01	1.834e+01	2.130e+01	1.303e+01	1.527e+01	2.400e+01	2.357e+01	1.544e+01	1.317e+01	1.710e+01	1.723e+01
observed F0	15	1.851e+01	1.640e+01	1.040e+01	3.258e+01	1.936e+01	8.016e+00	8.016e+00	1.581e+01	9.253e+00	1.550e+01	2.266e+01	1.658e+01	1.603e+01	1.796e+01	1.565e+01	1.515e+01	1.344e+01	2.254e+01	1.432e+01	2.063e+01	2.041e+01	2.005e+01	1.145e+01	2.359e+01	1.802e+01	1.562e+01	1.740e+01	1.746e+01	9.996e+00	2.772e+01	1.234e+01	1.508e+01	2.188e+01	1.662e+01	1.613e+01	1.253e+01	1.086e+01	1.770e+01	1.299e+01	2.140e+01	1.282e+01	1.086e+01	1.933e+01	1.930e+01	1.739e+01	2.982e+01	1.290e+01	1.227e+01	1.078e+01	1.906e+01	1.710e+01	1.385e+01	1.664e+01	1.587e+01	9.416e+00	2.015e+01	1.816e+01	1.054e+01	1.214e+01	1.326e+01	1.394e+01	1.003e+01	1.709e+01
observed F0	15	2.321e+01	1.541e+01	1.751e+01	1.302e+01	1.791e+01	2.460e+01	2.460e+01	1.950e+01	1.708e+01	2.167e+01	7.888e+00	1.681e+01	1.512e+01	1.506e+01	1.399e+01	1.470e+01	2.360e+01	1.222e+01	1.592e+01	1.174e+01	1.447e+01	1.010e+01	1.598e+01	1.709e+01	1.451e+01	1.727e+01	2.266e+01	1.197e+01	2.014e+01	8.800e+00	1.794e+01	1.208e+01	1.756e+01	1.460e+01	1.086e+01	1.701e+01	1.738e+01	1.335e+01	2.360e+01	9.238e+00	1.188e+01	1.171e+01	1.676e+01	1.188e+01	1.235e+01	6.048e+00	2.082e+01	1.504e+01	1.100e+01	1.695e+01	1.301e+01	1.764e+01	1.681e+01	1.588e+01	1.915e+01	1.925e+01	1.332e+01	1.416e+01	1.324e+01	2.073e+01	1.223e+01	1.854e+01	1.485e+01
observed F0	150	1.194e+02	1.393e+02	1.484e+02	1.354e+02	9.284e+01	1.738e+02	1.738e+02	1.342e+02	1.921e+02	1.496e+02	1.494e+02	1.522e+02	1.317e+02	1.596e+02	1.676e+02	1.351e+02	1.611e+02	1.375e+02	1.540e+02	1.614e+02	1.441e+02	1.753e+02	1.488e+02	1.330e+02	1.442e+02	1.404e+02	1.398e+02	1.156e+02	1.530e+02	1.052e+02	1.413e+02	1.544e+02	1.231e+02	1.585e+02	1.207e+02	1.925e+02	1.487e+02	1.436e+02	1.526e+02	1.372e+02	1.524e+02	1.560e+02	1.040e+02	1.685e+02	1.364e+02	1.279e+02	1.280e+02	1.459e+02	1.696e+02	1.392e+02	1.493e+02	1.509e+02	1.680e+02	1.258e+02	1.426e+02	1.354e+02	1.485e+02	1.461e+02	1.421e+02	1.182e+02	1.878e+02	1.694e+02	1.319e+02
observed F0	150	1.524e+02	1.608e+02	1.446e+02	1.623e+02	1.703e+02	1.437e+02	1.437e+02	1.553e+02	1.695e+02	1.360e+02	1.410e+02	1.411e+02	1.455e+02	1.513e+02	1.570e+02	1.501e+02	1.454e+02	1.389e+02	1.279e+02	1.243e+02	1.263e+02	1.244e+02	1.405e+02	1.614e+02	1.323e+02	1.236e+02	1.355e+02	1.504e+02	1.310e+02	1.357e+02	1.569e+02	1.581e+02	1.125e+02	1.409e+02	1.132e+02	1.759e+02	1.584e+02	1.703e+02	1.067e+02	1.432e+02	1.375e+02	1.502e+02	1.201e+02	1.776e+02	1.265e+02	1.409e+02	1.325e+02	1.607e+02	1.525e+02	1.613e+02	1.568e+02	1.332e+02	1.268e+02	1.273e+02	1.425e+02	1.141e+02	1.332e+02	1.361e+02	1.299e+02	1.357e+02	1.640e+02	1.600e+02	1.332e+02
observed F0	150	1.353e+02	1.501e+02	1.252e+02	1.637e+02	1.510e+02	1.489e+02	1.489e+02	1.535e+02	1.476e+02	1.225e+02	1.392e+02	1.289e+02	1.343e+02	1.226e+02	1.409e+02	1.586e+02	1.350e+02	1.555e+02	1.408e+02	1.405e+02	1.313e+02	1.432e+02	1.539e+02	1.214e+02	1.542e+02	1.091e+02	1.446e+02	1.516e+02	1.234e+02	1.270e+02	1.242e+02	1.341e+02	1.151e+02	1.075e+02	1.113e+02	1.499e+02	1.287e+02	1.676e+02	1.300e+02	1.228e+02	1.302e+02	1.428e+02	1.317e+02	1.265e+02	1.295e+02	1.074e+02	1.179e+02	1.513e+02	1.475e+02	1.140e+02	1.666e+02	1.583e+02	1.273e+02	1.420e+02	1.383e+02	1.319e+02	1.340e+02	1.327e+02	1.571e+02	1.354e+02	1.550e+02	1.277e+02	1.326e+02
observed F0	1500	1.517e+03	1.602e+03	1.575e+03	1.624e+03	1.785e+03	1.611e+03	1.611e+03	1.642e+03	1.745e+03	1.408e+03	1.527e+03	1.621e+03	1.531e+03	1.755e+03	1.459e+03	1.648e+03	1.623e+03	1.635e+03	1.582e+03	1.493e+03	1.763e+03	1.567e+03	1.720e+03	1.542e+03	1.483e+03	1.649e+03	1.600e+03	1.577e+03	1.503e+03	1.829e+03	1.493e+03	1.584e+03	1.479e+03	1.577e+03	1.508e+03	1.744e+03	1.803e+03	1.634e+03	1.397e+03	1.549e+03	1.717e+03	1.536e+03	1.651e+03	1.685e+03	1.644e+03	1.656e+03	1.551e+03	1.771e+03	1.719e+03	1.489e+03	1.781e+03	1.598e+03	1.596e+03	1.408e+03	1.580e+03	1.569e+03	1.632e+03	1.639e+03	1.542e+03	1.753e+03	1.778e+03	1.738e+03	1.667e+03
observed F0	1500	1.398e+03	1.443e+03	1.466e+03	1.490e+03	1.259e+03	1.581e+03	1.581e+03	1.529e+03	1.585e+03	1.504e+03	1.460e+03	1.644e+03	1.510e+03	1.418e+03	1.537e+03	1.533e+03	1.591e+03	1.370e+03	1.489e+03	1.558e+03	1.642e+03	1.636e+03	1.378e+03	1.386e+03	1.408e+03	1.516e+03	1.399e+03	1.571e+03	1.521e+03	1.662e+03	1.440e+03	1.621e+03	1.284e+03	1.567e+03	1.487e+03	1.559e+03	1.467e+03	1.528e+03	1.489e+03	1.453e+03	1.584e+03	1.570e+03	1.458e+03	1.473e+03	1.565e+03	1.480e+03	1.395e+03	1.415e+03	1.790e+03	1.380e+03	1.819e+03	1.551e+03	1.592e+03	1.622e+03	1.437e+03	1.450e+03	1.671e+03	1.731e+03	1.569e+03	1.592e+03	1.577e+03	1.432e+03	1.493e+03
observed F0	1500	1.583e+03	1.222e+03	1.556e+03	1.586e+03	1.654e+03	1.622e+03	1.622e+03	1.422e+03	1.703e+03	1.727e+03	1.674e+03	1.623e+03	1.535e+03	1.590e+03	1.602e+03	1.447e+03	1.563e+03	1.482e+03	1.596e+03	1.409e+03	1.580e+03	1.513e+03	1.592e+03	1.471e+03	1.368e+03	1.707e+03	1.466e+03	1.549e+03	1.478e+03	1.482e+03	1.486e+03	1.677e+03	1.420e+03	1.569e+03	1.360e+03	1.428e+03	1.535e+03	1.675e+03	1.628e+03	1.546e+03	1.592e+03	1.766e+03	1.453e+03	1.704e+03	1.476e+03	1.286e+03	1.470e+03	1.594e+03	1.581e+03	1.580e+03	1.667e+03	1.686e+03	1.597e+03	1.502e+03	1.517e+03	1.548e+03	1.548e+03	1.502e+03	1.423e+03	1.362e+03	1.656e+03	1.578e+03	1.474e+03
observed F0	15000	1.455e+04	1.589e+04	1.481e+04	1.439e+04	1.531e+04	1.419e+04	1.419e+04	1.463e+04	1.411e+04	1.509e+04	1.382e+04	1.374e+04	1.407e+04	1.420e+04	1.467e+04	1.381e+04	1.485e+04	1.413e+04	1.379e+04	1.416e+04	1.528e+04	1.426e+04	1.469e+04	1.451e+04	1.444e+04	1.471e+04	1.472e+04	1.405e+04	1.448e+04	1.538e+04	1.459e+04	1.539e+04	1.461e+04	1.557e+04	1.440e+04	1.486e+04	1.462e+04	1.405e+04	1.472e+04	1.460e+04	1.435e+04	1.458e+04	1.423e+04	1.455e+04	1.475e+04	1.464e+04	1.573e+04	1.471e+04	1.490e+04	1.518e+04	1.449e+04	1.454e+04	1.479e+04	1.477e+04	1.469e+04	1.391e+04	1.482e+04	1.495e+04	1.513e+04	1.692e+04	1.442e+04	1.484e+04	1.431e+04
observed F0	15000	1.563e+04	1.599e+04	1.460e+04	1.579e+04	1.469e+04	1.384e+04	1.384e+04	1.407e+04	1.427e+04	1.487e+04	1.449e+04	1.359e+04	1.363e+04	1.365e+04	1.487e+04	1.440e+04	1.501e+04	1.490e+04	1.272e+04	1.419e+04	1.514e+04	1.435e+04	1.502e+04	1.403e+04	1.427e+04	1.586e+04	1.436e+04	1.410e+04	1.479e+04	1.471e+04	1.450e+04	1.433e+04	1.465e+04	1.541e+04	1.480e+04	1.368e+04	1.406e+04	1.406e+04	1.437e+04	1.361e+04	1.372e+04	1.476e+04	1.427e+04	1.364e+04	1.446e+04	1.387e+04	1.402e+04	1.440e+04	1.402e+04	1.392e+04	1.398e+04	1.439e+04	1.330e+04	1.306e+04	1.444e+04	1.315e+04	1.440e+04	1.412e+04	1.358e+04	1.369e+04	1.438e+04	1.261e+04	1.448e+04
observed F0	15000	1.616e+04	1.680e+04	1.602e+04	1.576e+04	1.667e+04	1.544e+04	1.544e+04	1.704e+04	1.515e+04	1.556e+04	1.668e+04	1.467e+04	1.434e+04	1.520e+04	1.604e+04	1.484e+04	1.689e+04	1.544e+04	1.825e+04	1.498e+04	1.665e+04	1.592e+04	1.644e+04	1.610e+04	1.555e+04	1.672e+04	1.551e+04	1.467e+04	1.674e+04	1.577e+04	1.600e+04	1.662e+04	1.558e+04	1.622e+04	1.533e+04	1.714e+04	1.618e+04	1.552e+04	1.561e+04	1.550e+04	1.459e+04	1.712e+04	1.459e+04	1.605e+04	1.532e+04	1.451e+04	1.552e+04	1.501e+04	1.540e+04	1.574e+04	1.557e+04	1.664e+04	1.610e+04	1.577e+04	1.577e+04	1.532e+04	1.454e+04	1.653e+04	1.566e+04	1.727e+04	1.554e+04	1.563e+04	1.487e+04
observed F0	150000	1.344e+05	1.519e+05	1.396e+05	1.321e+05	1.498e+05	1.444e+05	1.444e+05	1.312e+05	1.259e+05	1.497e+05	1.434e+05	1.628e+05	1.576e+05	1.532e+05	1.431e+05	1.530e+05	1.282e+05	1.354e+05	1.539e+05	1.516e+05	1.393e+05	1.456e+05	1.442e+05	1.492e+05	1.509e+05	1.373e+05	1.461e+05	1.621e+05	1.342e+05	1.467e+05	1.434e+05	1.453e+05	1.651e+05	1.385e+05	1.458e+05	1.300e+05	1.406e+05	1.403e+05	1.500e+05	1.406e+05	1.572e+05	1.367e+05	1.656e+05	1.360e+05	1.459e+05	1.531e+05	1.481e+05	1.541e+05	1.401e+05	1.445e+05	1.447e+05	1.385e+05	1.325e+05	1.412e+05	1.460e+05	1.505e+05	1.497e+05	1.649e+05	1.615e+05	1.570e+05	1.355e+05	1.415e+05	1.528e+05
observed F0	150000	1.618e+05	1.512e+05	1.610e+05	1.571e+05	1.571e+05	1.573e+05	1.573e+05	1.596e+05	1.519e+05	1.553e+05	1.560e+05	1.550e+05	1.610e+05	1.546e+05	1.414e+05	1.579e+05	1.512e+05	1.639e+05	1.658e+05	1.643e+05	1.711e+05	1.685e+05	1.504e+05	1.662e+05	1.718e+05	1.720e+05	1.649e+05	1.609e+05	1.850e+05	1.534e+05	1.647e+05	1.294e+05	1.697e+05	1.667e+05	1.804e+05	1.370e+05	1.554e+05	1.515e+05	1.603e+05	1.758e+05	1.596e+05	1.466e+05	1.686e+05	1.512e+05	1.636e+05	1.720e+05	1.631e+05	1.547e+05	1.626e+05	1.635e+05	1.520e+05	1.526e+05	1.663e+05	1.653e+05	1.670e+05	1.768e+05	1.583e+05	1.720e+05	1.673e+05	1.541e+05	1.504e+05	1.750e+05	1.611e+05
observed F0	150000	1.579e+05	1.349e+05	1.512e+05	1.436e+05	1.377e+05	1.420e+05	1.420e+05	1.544e+05	1.476e+05	1.467e+05	1.498e+05	1.451e+05	1.618e+05	1.506e+05	1.537e+05	1.503e+05	1.491e+05	1.628e+05	1.370e+05	1.567e+05	1.200e+05	1.343e+05	1.411e+05	1.538e+05	1.523e+05	1.316e+05	1.529e+05	1.444e+05	1.404e+05	1.454e+05	1.542e+05	1.505e+05	1.640e+05	1.334e+05	1.689e+05	1.558e+05	1.463e+05	1.459e+05	1.601e+05	1.567e+05	1.414e+05	1.407e+05	1.568e+05	1.488e+05	1.514e+05	1.688e+05	1.624e+05	1.343e+05	1.241e+05	1.578e+05	1.231e+05	1.423e+05	1.548e+05	1.711e+05	1.444e+05	1.620e+05	1.440e+05	1.098e+05	1.332e+05	1.293e+05	1.341e+05	1.397e+05	1.545e+05
																																																																
log(observed F0)	15	0.989583	1.140194	1.325926	0.845780	1.068557	1.169380	1.169380	1.040602	1.153205	1.079543	1.301247	1.116608	1.243286	1.119256	1.139564	1.193681	0.997779	1.137987	1.216694	1.221414	1.090258	1.220892	1.249198	1.025715	1.197281	1.218798	1.009876	1.276921	1.318898	1.274850	1.261025	1.215902	1.238297	1.208441	1.570076	1.032216	1.249198	1.054996	1.195346	1.345178	1.378398	1.366423	1.258637	1.087781	1.308564	1.483016	1.281488	1.215902	1.340642	1.118595	1.039414	1.109916	1.119586	1.263399	1.328380	1.114944	1.183839	1.380211	1.372360	1.188647	1.119586	1.232996	1.236285
log(observed F0)	15	1.267406	1.214844	1.017033	1.512951	1.286905	0.903958	0.903958	1.198932	0.966283	1.190332	1.355260	1.219585	1.204934	1.254306	1.194514	1.180413	1.128399	1.352954	1.155943	1.314499	1.309843	1.302114	1.058805	1.372728	1.255755	1.193681	1.240549	1.242044	0.999826	1.442793	1.091315	1.178401	1.340047	1.220631	1.207634	1.097951	1.035830	1.247973	1.113609	1.330414	1.107888	1.035830	1.286232	1.285557	1.240300	1.474508	1.110590	1.088845	1.032619	1.280123	1.232996	1.141450	1.221153	1.200577	0.973866	1.304275	1.259116	1.022841	1.084219	1.122544	1.144263	1.001301	1.232742
log(observed F0)	15	1.365675	1.187803	1.243286	1.114611	1.253096	1.390935	1.390935	1.290035	1.232488	1.335859	0.896967	1.225568	1.179552	1.177825	1.145818	1.167317	1.372912	1.087071	1.201943	1.069668	1.160469	1.004321	1.203577	1.232742	1.161667	1.237292	1.355260	1.078094	1.304059	0.944483	1.253822	1.082067	1.244525	1.164353	1.035830	1.230704	1.240050	1.125481	1.372912	0.965578	1.074816	1.068557	1.224274	1.074816	1.091667	0.781612	1.318481	1.177248	1.041393	1.229170	1.114277	1.246499	1.225568	1.200850	1.282169	1.284431	1.124504	1.151063	1.121888	1.316599	1.087426	1.268110	1.171726
log(observed F0)	150	2.077004	2.143951	2.171434	2.131619	1.967735	2.240050	2.240050	2.127753	2.283527	2.174932	2.174351	2.182415	2.119586	2.203033	2.224274	2.130655	2.207096	2.138303	2.187521	2.207904	2.158664	2.243782	2.172603	2.123852	2.158965	2.147367	2.145507	2.062958	2.184691	2.022016	2.150142	2.188647	2.090258	2.200029	2.081707	2.284431	2.172311	2.157154	2.183555	2.137354	2.182985	2.193125	2.017033	2.226600	2.134814	2.106871	2.107210	2.164055	2.229426	2.143639	2.174060	2.178689	2.225309	2.099681	2.154120	2.131619	2.171726	2.164650	2.152594	2.072617	2.273696	2.228913	2.120245
log(observed F0)	150	2.182985	2.206286	2.160168	2.210319	2.231215	2.157457	2.157457	2.191171	2.229170	2.133539	2.149219	2.149527	2.162863	2.179839	2.195900	2.176381	2.162564	2.142702	2.106871	2.094471	2.101403	2.094820	2.147676	2.207904	2.121560	2.092018	2.131939	2.177248	2.117271	2.132580	2.195623	2.198932	2.051153	2.148911	2.053846	2.245266	2.199755	2.231215	2.028164	2.155943	2.138303	2.176670	2.079543	2.249443	2.102091	2.148911	2.122216	2.206016	2.183270	2.207634	2.195346	2.124504	2.103119	2.104828	2.153815	2.057286	2.124504	2.133858	2.113609	2.132580	2.214844	2.204120	2.124504
log(observed F0)	150	2.131298	2.176381	2.097604	2.214049	2.178977	2.172895	2.172895	2.186108	2.169086	2.088136	2.143639	2.110253	2.128076	2.088490	2.148911	2.200303	2.130334	2.191730	2.148603	2.147676	2.118265	2.155943	2.187239	2.084219	2.188084	2.037825	2.160168	2.180699	2.091315	2.103804	2.094122	2.127429	2.061075	2.031408	2.046495	2.175802	2.109579	2.224274	2.113943	2.089198	2.114611	2.154728	2.119586	2.102091	2.112270	2.031004	2.071514	2.179839	2.168792	2.056905	2.221675	2.199481	2.104828	2.152288	2.140822	2.120245	2.127105	2.122871	2.196176	2.131619	2.190332	2.106191	2.122544
log(observed F0)	1500	3.180986	3.204663	3.197281	3.210586	3.251638	3.207096	3.207096	3.215373	3.241795	3.148603	3.183839	3.209783	3.184975	3.244277	3.164055	3.216957	3.210319	3.213518	3.199206	3.174060	3.246252	3.195069	3.235528	3.188084	3.171141	3.217221	3.204120	3.197832	3.176959	3.262214	3.174060	3.199755	3.169968	3.197832	3.178401	3.241546	3.255996	3.213252	3.145196	3.190051	3.234770	3.186391	3.217747	3.226600	3.215902	3.219060	3.190612	3.248219	3.235276	3.172895	3.250664	3.203577	3.203033	3.148603	3.198657	3.195623	3.212720	3.214579	3.188084	3.243782	3.249932	3.240050	3.221936
log(observed F0)	1500	3.145507	3.159266	3.166134	3.173186	3.100026	3.198932	3.198932	3.184407	3.200029	3.177248	3.164353	3.215902	3.178977	3.151676	3.186674	3.185542	3.201670	3.136721	3.172895	3.192567	3.215373	3.213783	3.139249	3.141763	3.148603	3.180699	3.145818	3.196176	3.182129	3.220631	3.158362	3.209783	3.108565	3.195069	3.172311	3.192846	3.166430	3.184123	3.172895	3.162266	3.199755	3.195900	3.163758	3.168203	3.194514	3.170262	3.144574	3.150756	3.252853	3.139879	3.259833	3.190612	3.201943	3.210051	3.157457	3.161368	3.222976	3.238297	3.195623	3.201943	3.197832	3.155943	3.174060
log(observed F0)	1500	3.199481	3.087071	3.192010	3.200303	3.218536	3.210051	3.210051	3.152900	3.231215	3.237292	3.223755	3.210319	3.186108	3.201397	3.204663	3.160469	3.193959	3.170848	3.203033	3.148911	3.198657	3.179839	3.201943	3.167613	3.136086	3.232234	3.166134	3.190051	3.169674	3.170848	3.172019	3.224533	3.152288	3.195623	3.133539	3.154728	3.186108	3.224015	3.211654	3.189209	3.201943	3.246991	3.162266	3.231470	3.169086	3.109241	3.167317	3.202488	3.198932	3.198657	3.221936	3.226858	3.203305	3.176670	3.180986	3.189771	3.189771	3.176670	3.153205	3.134177	3.219060	3.198107	3.168497
log(observed F0)	15000	4.162863	4.201124	4.170555	4.158061	4.184975	4.151982	4.151982	4.165244	4.149527	4.178689	4.140508	4.137987	4.148294	4.152288	4.166430	4.140194	4.171726	4.150142	4.139564	4.151063	4.184123	4.154120	4.167022	4.161667	4.159567	4.167613	4.167908	4.147676	4.160769	4.186956	4.164055	4.187239	4.164650	4.192289	4.158362	4.172019	4.164947	4.147676	4.167908	4.164353	4.156852	4.163758	4.153205	4.162863	4.168792	4.165541	4.196729	4.167613	4.173186	4.181272	4.161068	4.162564	4.169968	4.169380	4.167022	4.143327	4.170848	4.174641	4.179839	4.228400	4.158965	4.171434	4.155640
log(observed F0)	15000	4.193959	4.203848	4.164353	4.198382	4.167022	4.141136	4.141136	4.148294	4.154424	4.172311	4.161068	4.133219	4.134496	4.135133	4.172311	4.158362	4.176381	4.173186	4.104487	4.151982	4.180126	4.156852	4.176670	4.147058	4.154424	4.200303	4.157154	4.149219	4.169968	4.167613	4.161368	4.156246	4.165838	4.187803	4.170262	4.136086	4.147985	4.147985	4.157457	4.133858	4.137354	4.169086	4.154424	4.134814	4.160168	4.142076	4.146748	4.158362	4.146748	4.143639	4.145507	4.158061	4.123852	4.115943	4.159567	4.118926	4.158362	4.149835	4.132900	4.136403	4.157759	4.100715	4.160769
log(observed F0)	15000	4.208441	4.225309	4.204663	4.197556	4.221936	4.188647	4.188647	4.231470	4.180413	4.192010	4.222196	4.166430	4.156549	4.181844	4.205204	4.171434	4.227630	4.188647	4.261263	4.175512	4.221414	4.201943	4.215902	4.206826	4.191730	4.223236	4.190612	4.166430	4.223755	4.197832	4.204120	4.220631	4.192567	4.210051	4.185542	4.234011	4.208979	4.190892	4.193403	4.190332	4.164055	4.233504	4.164055	4.205475	4.185259	4.161667	4.190892	4.176381	4.187521	4.197005	4.192289	4.221153	4.206826	4.197832	4.197832	4.185259	4.162564	4.218273	4.194792	4.237292	4.191451	4.193959	4.172311
log(observed F0)	150000	5.128399	5.181558	5.144885	5.120903	5.175512	5.159567	5.159567	5.117934	5.100026	5.175222	5.156549	5.211654	5.197556	5.185259	5.155640	5.184691	5.107888	5.131619	5.187239	5.180699	5.143951	5.163161	5.158965	5.173769	5.178689	5.137671	5.164650	5.209783	5.127753	5.166430	5.156549	5.162266	5.217747	5.141450	5.163758	5.113943	5.147985	5.147058	5.176091	5.147985	5.196453	5.135769	5.219060	5.133539	5.164055	5.184975	5.170555	5.187803	5.146438	5.159868	5.160469	5.141450	5.122216	5.149835	5.164353	5.177536	5.175222	5.217221	5.208173	5.195900	5.131939	5.150756	5.184123
log(observed F0)	150000	5.208979	5.179552	5.206826	5.196176	5.196176	5.196729	5.196729	5.203033	5.181558	5.191171	5.193125	5.190332	5.206826	5.189209	5.150449	5.198382	5.179552	5.214579	5.219585	5.215638	5.233250	5.226600	5.177248	5.220631	5.235023	5.235528	5.217221	5.206556	5.267172	5.185825	5.216694	5.111934	5.229682	5.221936	5.256237	5.136721	5.191451	5.180413	5.204934	5.245019	5.203033	5.166134	5.226858	5.179552	5.213783	5.235528	5.212454	5.189490	5.211121	5.213518	5.181844	5.183555	5.220892	5.218273	5.222716	5.247482	5.199481	5.235528	5.223496	5.187803	5.177248	5.243038	5.207096
log(observed F0)	150000	5.198382	5.130012	5.179552	5.157154	5.138934	5.152288	5.152288	5.188647	5.169086	5.166430	5.175512	5.161667	5.208979	5.177825	5.186674	5.176959	5.173478	5.211654	5.136721	5.195069	5.079181	5.128076	5.149527	5.186956	5.182700	5.119256	5.184407	5.159567	5.147367	5.162564	5.188084	5.177536	5.214844	5.125156	5.227630	5.192567	5.165244	5.164055	5.204391	5.195069	5.150449	5.148294	5.195346	5.172603	5.180126	5.227372	5.210586	5.128076	5.093772	5.198107	5.090258	5.153205	5.189771	5.233250	5.159567	5.209515	5.158362	5.040602	5.124504	5.111599	5.127429	5.145196	5.188928
																																																																
																																																																
	SS per dilution	0.076096	0.002857	0.051145	0.225354	0.027625	0.118894	0.118894	0.031861	0.037364	0.033050	0.125464	0.007504	0.002059	0.009173	0.001810	0.000348	0.072524	0.039832	0.002008	0.030545	0.025153	0.047394	0.019763	0.060958	0.004513	0.000958	0.061886	0.022543	0.064862	0.128554	0.018421	0.009533	0.006506	0.001753	0.148766	0.020447	0.029105	0.019071	0.035150	0.092473	0.055477	0.066362	0.001927	0.027898	0.024599	0.324049	0.024598	0.008484	0.061502	0.013638	0.019058	0.010228	0.007189	0.002620	0.074288	0.021655	0.009103	0.065555	0.049060	0.019466	0.001625	0.042034	0.002634
		0.005617	0.001944	0.003164	0.004334	0.038924	0.003857	0.003857	0.002484	0.006554	0.003769	0.000535	0.002610	0.001052	0.007334	0.002898	0.002505	0.002971	0.001759	0.003254	0.006442	0.001732	0.011214	0.000800	0.007978	0.002224	0.006000	0.000399	0.008979	0.004646	0.006581	0.005170	0.002989	0.000826	0.014951	0.000690	0.006053	0.004273	0.003346	0.012117	0.002373	0.002411	0.000742	0.005343	0.012579	0.000561	0.007142	0.001357	0.000898	0.002005	0.011446	0.001138	0.002997	0.009816	0.001682	0.000115	0.003206	0.001409	0.000938	0.003412	0.002359	0.003671	0.008422	0.000009
		0.001505	0.007034	0.000556	0.000747	0.012709	0.000066	0.000066	0.001952	0.000943	0.004097	0.001834	0.000023	0.000029	0.004295	0.000828	0.001602	0.000134	0.002961	0.000538	0.000960	0.001166	0.000578	0.004776	0.001078	0.000631	0.001405	0.001752	0.000034	0.000078	0.004185	0.000146	0.000311	0.001998	0.000004	0.001184	0.003787	0.004431	0.000852	0.002229	0.000500	0.000769	0.002124	0.001998	0.002479	0.001099	0.006055	0.001060	0.004755	0.001512	0.001736	0.000782	0.000675	0.000001	0.001893	0.000854	0.000671	0.000578	0.001933	0.001024	0.006119	0.001373	0.003537	0.001726
		0.001085	0.000351	0.000942	0.001062	0.001568	0.001240	0.001240	0.003864	0.000551	0.000202	0.003611	0.000645	0.000248	0.001117	0.000873	0.000492	0.001924	0.000751	0.013540	0.000384	0.001037	0.001443	0.001340	0.001942	0.000818	0.001563	0.000584	0.000217	0.002315	0.000469	0.001147	0.002074	0.000498	0.000277	0.000371	0.004908	0.001982	0.001236	0.000684	0.001598	0.000382	0.003014	0.000071	0.002532	0.000325	0.000316	0.001494	0.000162	0.000856	0.001504	0.001135	0.002478	0.003457	0.003457	0.000823	0.002251	0.000081	0.002401	0.002086	0.006240	0.000731	0.004734	0.000146
		0.003834	0.001705	0.001927	0.002834	0.001681	0.001136	0.001136	0.004150	0.003857	0.000315	0.000669	0.001258	0.000074	0.000067	0.000767	0.000235	0.003158	0.004432	0.003488	0.000617	0.011969	0.004987	0.000397	0.001168	0.001976	0.007812	0.001410	0.001580	0.011392	0.000311	0.001810	0.002357	0.000124	0.005370	0.004483	0.003273	0.000958	0.000556	0.000544	0.004709	0.001642	0.000466	0.000539	0.001230	0.001288	0.001473	0.001120	0.002447	0.006909	0.001526	0.004591	0.000944	0.005090	0.003955	0.002472	0.002452	0.000854	0.023175	0.005678	0.004326	0.001518	0.006040	0.000294
	SSwithin	0.088137	0.013890	0.057734	0.234331	0.082506	0.125193	0.125193	0.044311	0.049269	0.041433	0.132113	0.012041	0.003462	0.021986	0.007176	0.005182	0.080712	0.049736	0.022828	0.038947	0.041057	0.065615	0.027077	0.073123	0.010162	0.017738	0.066030	0.033352	0.083293	0.140099	0.026693	0.017263	0.009952	0.022355	0.155496	0.038469	0.040750	0.025061	0.050723	0.101653	0.060681	0.072709	0.009877	0.046719	0.027871	0.339035	0.029628	0.016748	0.072785	0.029850	0.026704	0.017321	0.025553	0.013607	0.078553	0.030236	0.012025	0.094001	0.061260	0.038511	0.008918	0.064767	0.004809
	df-within	10	10	10	10	10	10	10	10	10	10	10	10	10	10	10	10	10	10	10	10	10	10	10	10	10	10	10	10	10	10	10	10	10	10	10	10	10	10	10	10	10	10	10	10	10	10	10	10	10	10	10	10	10	10	10	10	10	10	10	10	10	10	10
	MS within LinRegPCR	0.008814	0.001389	0.005773	0.023433	0.008251	0.012519	0.012519	0.004431	0.004927	0.004143	0.013211	0.001204	0.000346	0.002199	0.000718	0.000518	0.008071	0.004974	0.002283	0.003895	0.004106	0.006562	0.002708	0.007312	0.001016	0.001774	0.006603	0.003335	0.008329	0.014010	0.002669	0.001726	0.000995	0.002236	0.015550	0.003847	0.004075	0.002506	0.005072	0.010165	0.006068	0.007271	0.000988	0.004672	0.002787	0.033903	0.002963	0.001675	0.007278	0.002985	0.002670	0.001732	0.002555	0.001361	0.007855	0.003024	0.001203	0.009400	0.006126	0.003851	0.000892	0.006477	0.000481
																																																																
		AHCY	AKR1C1	ARHGEF7	BIRC5	CAMTA1	CAMTA2	CD44	CDCA5	CDH5	CDKN3	CLSTN1	CPSG3	DDC	DPYSL3	ECEL1	ELAVL4	EPB41L3	EPHA5	EPN2	FYN	GNB1	HIVEP2	HMBS	HPRT1	IGSF4	INPP1	MAP2K4	MAP7	MAPT	MCM2	MRPL3	MTSS1	MYCN(4)	NHLH2	NM23A	NRCAM	NTRK1	ODC1	PAICS	PDE4DIP	PIK3R1	PLAGL1	PLAT	PMP22	PRAME	PRDM2	PRKACB	PRKCZ	PTN	PTPRF	PTPRH	PTPRN2	QPCT	SCG2	SDHA(1)	SLC25A5	SLC6A8	SNAPC1	TNFRSF	TYMS	UBC(2)	ULK2	WSB1
	ratio = measure for added or reduced variability	0.999363	0.997942	1.001535	0.999878	0.999839	12.058485	1.000529	0.998864	0.999683	1.001655	0.999713	0.999377	0.997689	1.000606	1.000783	0.995469	1.001209	0.998740	0.999589	1.000692	1.000251	0.999522	1.001954	0.999478	0.998290	1.000782	0.999498	0.998356	0.999602	1.000053	0.999231	1.000213	1.004751	1.000179	1.000640	0.999891	0.998646	1.000473	0.999358	0.999472	0.999509	1.001783	0.998617	1.001669	1.002130	0.999995	0.997344	1.000228	1.001022	1.002286	0.999135	1.000484	1.003238	0.999432	1.001022	1.000356	0.994784	1.000683	1.000174	0.998599	1.004180	1.000426	1.003502
