			AHCY	AKR1C1	ALUsq(Eurogentec)	ARHGEF7	BIRC5	CAMTA1	CAMTA2	CD44	CDCA5	CDH5	CDKN3	CLSTN1	CPSG3	DDC	DPYSL3	ECEL1	ELAVL4	EPB41L3	EPHA5	EPN2	FYN	GNB1	HIVEP2	HMBS	HPRT1	IGSF4	INPP1	MAP2K4	MAP7	MAPT	MCM2	MRPL3	MTSS1	MYCN(4)	NHLH2	NM23A	NRCAM	NTRK1	ODC1	PAICS	PDE4DIP	PIK3R1	PLAGL1	PLAT	PMP22	PRAME	PRDM2	PRKACB_bis	PRKCZ	PTN	PTPRF	PTPRH	PTPRN2	QPCT	SCG2	SDHA(1)	SLC25A5	SLC6A8	SNAPC1	TNFRSF	TYMS	UBC(2)	ULK2	WSB1
		15	2.822e-11	4.554e-11	1.625e-10	6.072e-11	5.570e-11	4.140e-11	7.817e-11	1.955e-11	5.959e-11	1.607e-10	3.076e-12	1.614e-10	7.224e-11	1.616e-10	5.051e-10	1.462e-10	6.316e-11	1.989e-11	3.138e-11	2.270e-11	4.319e-11	2.612e-11	8.232e-11	1.027e-10	1.829e-11	3.585e-11	9.296e-11	9.030e-11	3.967e-11	4.680e-12	3.341e-11	1.364e-10	5.487e-12	1.948e-10	1.580e-11	4.880e-10	3.397e-11	6.276e-11	5.485e-11	1.001e-10	1.579e-10	1.111e-10	1.163e-10	2.843e-11	1.317e-11	2.243e-10	7.181e-11	3.529e-10	6.739e-11	6.797e-11	1.089e-10	5.364e-11	1.079e-11	2.434e-12	1.481e-10	1.039e-10	1.185e-10	4.715e-11	9.840e-11	1.199e-10	2.182e-12	1.789e-10	1.914e-10	1.800e-10
		15	6.805e-11	7.442e-11	1.611e-10	4.566e-11	1.644e-10	7.520e-11	3.824e-11	7.611e-12	3.341e-11	4.860e-11	1.595e-11	1.899e-10	3.389e-11	4.236e-11	2.889e-10	7.934e-11	5.583e-11	9.509e-11	8.137e-11	2.729e-12	2.509e-10	7.300e-11	7.692e-11	4.403e-11	1.814e-11	2.729e-11	7.491e-11	1.665e-10	6.306e-11	1.354e-11	6.970e-11	3.576e-11	9.091e-12	1.727e-10	1.156e-11	8.229e-11	1.246e-10	4.864e-11	1.122e-10	1.871e-11	1.322e-10	5.835e-11	6.306e-11	3.170e-11	5.531e-11	4.366e-11	6.575e-11	1.170e-10	1.451e-11	1.695e-11	4.875e-11	8.242e-11	2.941e-11	7.314e-12	6.310e-11	8.910e-11	4.361e-11	4.034e-11	7.526e-11	5.903e-11	2.275e-12	1.230e-10	1.024e-10	2.015e-10
		15	1.732e-10	9.638e-11	2.039e-10	7.982e-11	7.051e-11	1.193e-10	6.414e-11	5.198e-11	1.953e-11	1.163e-10	8.821e-12	4.707e-11	5.394e-11	5.119e-11	2.301e-10	9.203e-11	5.766e-11	1.710e-10	2.497e-11	1.755e-11	1.012e-10	2.260e-11	6.371e-11	3.709e-11	4.211e-11	4.261e-11	8.219e-11	1.675e-10	9.490e-11	6.449e-12	2.086e-11	1.073e-10	1.538e-11	2.143e-10	1.369e-11	1.218e-10	1.240e-10	5.108e-11	3.450e-11	1.709e-10	8.028e-11	9.038e-11	6.559e-11	3.244e-11	2.816e-11	1.117e-10	3.776e-12	4.806e-10	6.092e-11	8.375e-11	6.351e-11	2.640e-11	2.127e-11	6.001e-12	2.196e-11	1.574e-10	5.122e-11	5.913e-11	4.833e-11	7.815e-11	7.514e-12	9.440e-11	2.849e-10	1.402e-10
		150	6.016e-10	4.485e-10	1.803e-08	7.263e-10	8.213e-10	3.032e-10	3.205e-10	4.666e-10	2.178e-10	2.070e-09	6.029e-11	2.154e-09	1.207e-09	9.815e-10	2.022e-09	6.600e-10	2.045e-09	1.127e-09	1.057e-10	1.540e-10	1.817e-09	3.206e-10	6.970e-10	9.052e-10	3.941e-10	2.617e-10	5.768e-10	6.978e-10	4.025e-10	8.830e-11	8.844e-11	9.062e-10	2.834e-10	9.685e-10	3.365e-10	1.033e-09	1.893e-09	1.017e-09	8.531e-10	4.235e-10	1.162e-09	1.573e-09	1.161e-09	2.758e-10	3.178e-10	1.195e-09	2.225e-10	7.105e-10	6.217e-10	1.362e-09	4.529e-10	7.403e-10	1.234e-10	9.658e-11	1.154e-09	7.995e-10	6.269e-10	1.007e-09	5.417e-10	6.098e-10	4.711e-11	1.731e-09	1.567e-09	1.596e-09
		150	1.257e-09	2.970e-10	9.388e-11	7.127e-10	8.683e-10	5.513e-10	4.783e-10	2.422e-10	8.171e-10	2.380e-09	9.313e-11	1.722e-09	3.063e-10	1.209e-09	2.586e-09	8.407e-10	1.321e-09	3.560e-10	4.750e-10	1.564e-10	1.391e-09	5.230e-10	9.556e-10	9.630e-10	1.506e-10	2.389e-10	6.979e-10	1.638e-09	3.616e-10	1.466e-10	1.880e-10	6.957e-10	2.781e-10	1.235e-09	6.263e-11	9.154e-10	1.191e-09	1.080e-09	7.507e-10	1.145e-10	9.730e-10	2.181e-09	1.157e-09	2.544e-10	2.759e-10	5.128e-10	1.856e-10	6.390e-10	4.378e-10	9.052e-10	4.734e-10	9.965e-10	1.390e-10	4.738e-11	1.136e-09	1.357e-09	9.428e-10	3.564e-10	2.379e-10	3.311e-10	9.791e-11	1.398e-09	1.987e-09	1.393e-09
		150	4.988e-10	3.776e-10	8.920e-11	7.685e-10	8.619e-10	6.052e-10	2.058e-10	6.936e-10	4.703e-10	7.630e-10	1.077e-10	1.935e-09	3.218e-10	8.808e-10	1.914e-09	5.069e-10	1.549e-09	3.405e-10	8.234e-11	1.966e-10	1.509e-09	3.537e-10	9.218e-10	9.900e-10	1.720e-10	1.646e-10	3.299e-10	1.347e-09	3.524e-10	1.679e-10	1.692e-10	7.838e-10	2.753e-10	1.125e-09	1.289e-10	9.447e-10	7.631e-10	3.742e-10	8.090e-10	5.532e-10	1.353e-09	1.728e-09	1.262e-09	2.514e-10	3.822e-10	3.480e-10	2.063e-10	6.823e-10	6.102e-10	3.824e-10	9.984e-10	6.782e-10	9.500e-11	6.017e-11	1.141e-09	9.670e-10	6.802e-10	4.077e-10	2.517e-10	1.365e-09	6.537e-11	5.709e-10	1.319e-09	1.602e-09
		1500	1.401e-08	8.071e-09	2.283e-10	6.937e-09	1.062e-08	5.904e-09	1.251e-08	4.001e-09	3.568e-09	1.236e-08	2.917e-09	1.194e-08	1.012e-08	5.413e-09	7.290e-09	1.251e-08	9.962e-09	9.651e-09	2.860e-09	7.389e-10	8.090e-09	1.967e-09	1.255e-08	1.685e-08	1.673e-09	6.793e-09	2.650e-09	7.746e-09	8.039e-09	1.722e-09	2.383e-09	1.283e-08	1.223e-09	1.245e-08	1.820e-09	1.032e-08	1.341e-08	1.453e-08	1.230e-08	1.928e-09	5.806e-09	1.712e-08	1.356e-08	4.093e-09	4.725e-09	1.061e-08	4.286e-09	1.385e-08	7.880e-09	8.185e-09	9.214e-09	1.243e-08	4.691e-09	1.135e-09	5.192e-09	7.632e-09	1.150e-08	9.040e-09	5.557e-09	5.225e-09	1.251e-09	1.212e-08	8.563e-09	1.418e-08
		1500	1.279e-08	1.075e-08	5.172e-10	6.781e-09	8.148e-09	3.460e-09	1.342e-08	4.036e-09	3.783e-09	1.574e-08	2.090e-09	1.070e-08	8.660e-09	6.114e-09	1.099e-08	1.275e-08	8.040e-09	8.818e-09	3.832e-09	7.064e-10	7.592e-09	2.620e-09	1.936e-08	1.378e-08	2.578e-09	6.278e-09	3.030e-09	1.069e-08	8.371e-09	4.758e-09	2.893e-09	1.776e-08	8.487e-10	1.186e-08	2.229e-09	1.081e-08	1.274e-08	9.082e-09	6.825e-09	1.776e-09	6.529e-09	7.685e-09	1.678e-08	4.459e-09	7.106e-09	1.057e-08	6.112e-09	1.435e-08	2.770e-09	6.503e-09	1.354e-08	1.016e-08	3.135e-09	1.258e-09	4.189e-09	6.687e-09	1.514e-08	1.050e-08	3.999e-09	8.703e-09	6.064e-10	1.265e-08	1.204e-08	1.589e-08
		1500	1.320e-08	2.829e-09	4.909e-10	9.035e-09	1.354e-08	1.140e-08	1.064e-08	4.521e-09	7.178e-09	1.663e-08	2.032e-09	1.025e-08	7.810e-09	5.950e-09	1.254e-08	1.218e-08	8.656e-09	1.044e-08	3.503e-09	7.241e-10	1.044e-08	3.057e-09	8.743e-09	1.056e-08	2.254e-09	9.988e-09	2.169e-09	1.022e-08	9.284e-09	4.599e-09	4.340e-09	1.241e-08	2.458e-09	1.419e-08	3.215e-09	1.555e-08	1.639e-08	8.796e-09	1.417e-08	6.534e-09	6.429e-09	8.343e-09	1.978e-08	4.979e-09	8.565e-09	1.306e-08	1.209e-09	2.127e-08	1.131e-08	1.236e-08	1.066e-08	1.401e-08	4.201e-09	1.330e-09	6.427e-09	9.181e-09	1.997e-08	1.080e-08	5.028e-09	1.148e-08	3.628e-10	1.303e-08	1.340e-08	1.704e-08
		15000	9.664e-08	4.335e-08	9.140e-09	1.137e-07	1.067e-07	5.373e-08	8.948e-08	4.053e-08	3.007e-08	9.641e-08	2.188e-08	9.833e-08	7.043e-08	8.144e-08	1.081e-07	8.595e-08	1.831e-07	5.161e-08	2.061e-08	3.978e-08	1.816e-07	7.507e-08	1.003e-07	8.413e-08	1.663e-08	5.189e-08	7.368e-08	1.149e-07	7.661e-08	3.048e-08	3.790e-08	9.658e-08	3.463e-08	1.481e-07	1.591e-08	1.404e-07	1.169e-07	9.907e-08	1.111e-07	4.122e-08	1.290e-07	2.110e-07	1.437e-07	2.892e-08	4.409e-08	7.797e-08	3.332e-08	2.234e-07	6.237e-08	6.783e-08	9.834e-08	1.157e-07	2.456e-08	9.124e-09	1.312e-07	1.044e-07	1.081e-07	7.061e-08	5.914e-08	6.641e-08	7.483e-09	6.131e-08	7.544e-08	1.226e-07
		15000	9.789e-08	3.875e-08	1.624e-08	1.162e-07	1.093e-07	6.048e-08	6.417e-08	3.777e-08	2.906e-08	1.048e-07	2.541e-08	8.789e-08	7.574e-08	8.297e-08	1.142e-07	9.318e-08	1.909e-07	6.455e-08	1.570e-08	7.291e-09	1.600e-07	8.339e-08	1.744e-07	9.875e-08	1.437e-08	5.515e-08	7.326e-08	7.241e-08	9.441e-08	3.326e-08	3.766e-08	8.885e-08	2.932e-08	1.622e-07	1.293e-08	1.433e-07	1.218e-07	1.232e-07	1.381e-07	5.893e-08	1.350e-07	1.841e-07	1.203e-07	4.170e-08	5.122e-08	8.867e-08	3.176e-08	1.039e-07	7.286e-08	8.793e-08	1.059e-07	1.146e-07	2.366e-08	1.245e-08	3.004e-08	1.175e-07	1.492e-07	7.901e-08	3.334e-08	9.529e-08	9.592e-09	7.503e-08	1.130e-07	1.228e-07
		15000	9.472e-08	5.340e-08	9.131e-09	1.206e-07	8.930e-08	1.227e-07	7.377e-08	4.235e-08	7.567e-08	1.372e-07	4.915e-08	1.559e-07	6.748e-08	6.801e-08	9.529e-08	6.427e-08	2.194e-07	1.098e-07	4.277e-08	1.371e-08	1.813e-07	5.963e-08	1.263e-07	9.731e-08	4.934e-08	4.195e-08	5.254e-08	1.270e-07	7.097e-08	2.644e-08	3.296e-08	7.259e-08	3.813e-08	1.224e-07	1.056e-08	1.433e-07	1.102e-07	8.589e-08	9.752e-08	6.388e-08	1.168e-07	2.257e-07	8.907e-08	5.041e-08	3.750e-08	1.873e-07	2.541e-08	2.427e-07	8.740e-08	7.888e-08	8.467e-08	1.121e-07	3.774e-08	7.356e-09	1.033e-07	1.553e-07	1.206e-07	7.464e-08	8.949e-08	4.903e-08	6.876e-09	1.309e-07	1.334e-07	1.326e-07
		150000	7.752e-07	9.090e-07	7.319e-07	1.005e-06	1.143e-06	9.180e-07	8.679e-07	5.801e-07	8.806e-07	2.016e-06	3.189e-07	1.819e-06	1.207e-06	8.749e-07	1.387e-06	1.483e-06	1.438e-06	6.759e-07	6.259e-07	2.632e-07	1.278e-06	8.570e-07	7.366e-07	1.932e-06	4.848e-07	8.177e-07	6.410e-07	1.267e-06	5.118e-07	2.768e-07	4.431e-07	1.331e-06	2.410e-07	1.900e-06	4.476e-07	1.187e-06	1.622e-06	1.568e-06	1.625e-06	5.919e-07	1.041e-06	1.491e-06	8.829e-07	5.993e-07	8.697e-07	1.918e-06	2.181e-07	2.481e-06	4.811e-07	1.651e-06	1.059e-06	2.004e-06	3.613e-07	2.610e-07	1.322e-06	1.765e-06	1.358e-06	1.710e-06	8.850e-07	1.417e-06	2.188e-07	2.018e-06	2.278e-06	2.157e-06
		150000	1.544e-06	9.706e-07	3.843e-07	1.397e-06	2.063e-06	1.192e-06	1.564e-06	6.527e-07	8.462e-07	2.419e-06	6.233e-07	2.319e-06	1.422e-06	6.821e-07	1.498e-06	1.371e-06	1.180e-06	1.593e-06	6.132e-07	2.118e-07	1.104e-06	5.546e-07	1.327e-06	1.997e-06	4.234e-07	1.280e-06	5.427e-07	1.223e-06	5.924e-07	4.405e-07	5.624e-07	1.339e-06	2.670e-07	1.865e-06	3.001e-07	1.848e-06	1.710e-06	1.509e-06	1.960e-06	1.113e-06	1.339e-06	2.163e-06	1.932e-06	3.971e-07	1.068e-06	1.781e-06	7.156e-07	2.253e-06	5.122e-07	1.526e-06	1.804e-06	1.786e-06	5.916e-07	2.818e-07	9.011e-07	1.416e-06	2.282e-06	1.810e-06	1.051e-06	1.545e-06	2.314e-07	1.862e-06	1.719e-06	2.601e-06
		150000	1.927e-06	1.011e-06	3.655e-07	8.716e-07	1.127e-06	1.290e-06	1.154e-06	6.685e-07	9.690e-07	2.178e-06	3.551e-07	2.388e-06	1.623e-06	9.925e-07	1.386e-06	1.549e-06	1.364e-06	1.713e-06	6.468e-07	3.156e-07	1.186e-06	6.311e-07	9.786e-07	1.767e-06	5.766e-07	7.398e-07	9.714e-07	1.247e-06	7.224e-07	3.028e-07	6.250e-07	1.288e-06	2.065e-07	2.130e-06	5.664e-07	1.380e-06	2.615e-06	1.519e-06	1.875e-06	5.586e-07	9.925e-07	1.739e-06	8.991e-07	7.372e-07	1.060e-06	1.635e-06	7.504e-07	1.525e-06	7.664e-07	1.448e-06	1.904e-06	9.899e-07	6.556e-07	3.921e-07	1.084e-06	1.610e-06	2.303e-06	1.859e-06	1.164e-06	1.307e-06	3.562e-07	2.116e-06	1.577e-06	2.616e-06
																																																																		
																																																																		
		1.1760912590556813	-10.549443	-10.341607	-9.789147	-10.216668	-10.254145	-10.383000	-10.106960	-10.708853	-10.224827	-9.793984	-11.512014	-9.792096	-10.141222	-9.791559	-9.296623	-9.835053	-10.199558	-10.701365	-10.503347	-10.643974	-10.364617	-10.583027	-10.084495	-9.988430	-10.737786	-10.445511	-10.031704	-10.044312	-10.401538	-11.329754	-10.476124	-9.865186	-11.260665	-9.710411	-10.801343	-9.311580	-10.468904	-10.202317	-10.260823	-9.999566	-9.801618	-9.954286	-9.934420	-10.546223	-10.880414	-9.649171	-10.143815	-9.452348	-10.171405	-10.167683	-9.962972	-10.270511	-10.966979	-11.613679	-9.829445	-9.983384	-9.926282	-10.326518	-10.007005	-9.921181	-11.661145	-9.747390	-9.718058	-9.744727
		1.1760912590556813	-10.167172	-10.128310	-9.792904	-10.340464	-9.784098	-10.123782	-10.417482	-11.118558	-10.476124	-10.313364	-10.797239	-9.721475	-10.469928	-10.373044	-9.539252	-10.100508	-10.253132	-10.021865	-10.089536	-11.563996	-9.600499	-10.136677	-10.113961	-10.356251	-10.741363	-10.563996	-10.125460	-9.778586	-10.200246	-10.868381	-10.156767	-10.446602	-11.041388	-9.762708	-10.937042	-10.084653	-9.904482	-10.313006	-9.950007	-10.727926	-9.878769	-10.233959	-10.200246	-10.498941	-10.257196	-10.359916	-10.182104	-9.931814	-10.838333	-10.770830	-10.312025	-10.083967	-10.531505	-11.135845	-10.199971	-10.050122	-10.360414	-10.394264	-10.123436	-10.228927	-11.643019	-9.910095	-9.989700	-9.695725
		1.1760912590556813	-9.761452	-10.016013	-9.690583	-10.097888	-10.151749	-9.923360	-10.192871	-10.284164	-10.709298	-9.934420	-11.054482	-10.327256	-10.268089	-10.290815	-9.638083	-10.036071	-10.239125	-9.767004	-10.602581	-10.755723	-9.994819	-10.645892	-10.195792	-10.430743	-10.375615	-10.370488	-10.085181	-9.775985	-10.022734	-11.190508	-10.680686	-9.969400	-10.813044	-9.668978	-10.863597	-9.914353	-9.906578	-10.291749	-10.462181	-9.767258	-10.095393	-10.043928	-10.183162	-10.488919	-10.550367	-9.951947	-11.422968	-9.318216	-10.215240	-10.077015	-10.197158	-10.578396	-10.672233	-11.221776	-10.658368	-9.802995	-10.290560	-10.228192	-10.315783	-10.107071	-11.124129	-10.025028	-9.545308	-9.853252
		2.1760912590556813	-9.220692	-9.348238	-7.744004	-9.138884	-9.085498	-9.518271	-9.494172	-9.331055	-9.661942	-8.684030	-10.219755	-8.666754	-8.918293	-9.008110	-8.694219	-9.180456	-8.689307	-8.948076	-9.975925	-9.812479	-8.740645	-9.494036	-9.156767	-9.043255	-9.404394	-9.582196	-9.238975	-9.156269	-9.395234	-10.054039	-10.053351	-9.042776	-9.547600	-9.013900	-9.473015	-8.985900	-8.722849	-8.992679	-9.069000	-9.373147	-8.934794	-8.803271	-8.935168	-9.559406	-9.497846	-8.922632	-9.652670	-9.148436	-9.206419	-8.865823	-9.343998	-9.130592	-9.908685	-10.015113	-8.937794	-9.097182	-9.202802	-8.996971	-9.266241	-9.214813	-10.326887	-8.761703	-8.804931	-8.796967
		2.1760912590556813	-8.900665	-9.527244	-10.027427	-9.147093	-9.061330	-9.258612	-9.320300	-9.615826	-9.087725	-8.623423	-10.030910	-8.763967	-9.513853	-8.917574	-8.587371	-9.075359	-8.879097	-9.448550	-9.323306	-9.805763	-8.856673	-9.281498	-9.019724	-9.016374	-9.822175	-9.621784	-9.156207	-8.785686	-9.441772	-9.833866	-9.725842	-9.157578	-9.555799	-8.908333	-10.203218	-9.038389	-8.924088	-8.966576	-9.124534	-9.941195	-9.011887	-8.661344	-8.936667	-9.594483	-9.559248	-9.290052	-9.731422	-9.194499	-9.358724	-9.043255	-9.324772	-9.001523	-9.856985	-10.324405	-8.944622	-8.867420	-9.025580	-9.448062	-9.623606	-9.480041	-10.009173	-8.854493	-8.701802	-8.856049
		2.1760912590556813	-9.302074	-9.422968	-10.049635	-9.114356	-9.064543	-9.218101	-9.686555	-9.158891	-9.327625	-9.117475	-9.967784	-8.713319	-9.492414	-9.055123	-8.718058	-9.295078	-8.809949	-9.467883	-10.084389	-9.706416	-8.821311	-9.451365	-9.035363	-9.004365	-9.764472	-9.783570	-9.481618	-8.870632	-9.452964	-9.774949	-9.771600	-9.105795	-9.560194	-8.948847	-9.889747	-9.024706	-9.117419	-9.426896	-9.092051	-9.257118	-8.868702	-8.762456	-8.898941	-9.599635	-9.417709	-9.458421	-9.685501	-9.166025	-9.214528	-9.417482	-9.000695	-9.168642	-10.022276	-10.220620	-8.942714	-9.014574	-9.167363	-9.389659	-9.599117	-8.864867	-10.184622	-9.243440	-8.879755	-8.795337
		3.1760912590556813	-7.853562	-8.093073	-9.641494	-8.158828	-7.973875	-8.228854	-7.902743	-8.397831	-8.447575	-7.907982	-8.535064	-7.922996	-7.994819	-8.266562	-8.137272	-7.902743	-8.001653	-8.015428	-8.543634	-9.131414	-8.092051	-8.706196	-7.901356	-7.773400	-8.776504	-8.167938	-8.576754	-8.110923	-8.094798	-8.763967	-8.622876	-7.891773	-8.912574	-7.904831	-8.739929	-7.986320	-7.872571	-7.837734	-7.910095	-8.714893	-8.236123	-7.766496	-7.867740	-8.387958	-8.325598	-7.974285	-8.367948	-7.858550	-8.103474	-8.086981	-8.035552	-7.905529	-8.328735	-8.945004	-8.284665	-8.117362	-7.939302	-8.043832	-8.255160	-8.281914	-8.902743	-7.916497	-8.067374	-7.848324
		3.1760912590556813	-7.893129	-7.968592	-9.286341	-8.168706	-8.088949	-8.460924	-7.872247	-8.394049	-8.422164	-7.802995	-8.679854	-7.970616	-8.062482	-8.213675	-7.959002	-7.894490	-8.094744	-8.054630	-8.416574	-9.150949	-8.119644	-8.581699	-7.713095	-7.860751	-8.588717	-8.202179	-8.518557	-7.971022	-8.077223	-8.322576	-8.538652	-7.750557	-9.071246	-7.925915	-8.651890	-7.966174	-7.894831	-8.041819	-8.165897	-8.750557	-8.185153	-8.114356	-7.775208	-8.350763	-8.148375	-7.975925	-8.213817	-7.843148	-8.557520	-8.186886	-7.868381	-7.993106	-8.503762	-8.900319	-8.377890	-8.174769	-7.819874	-7.978811	-8.398049	-8.060331	-9.217241	-7.897909	-7.919374	-7.798876
		3.1760912590556813	-7.879426	-8.548367	-9.309007	-8.044072	-7.868381	-7.943095	-7.973058	-8.344765	-8.143997	-7.779108	-8.692076	-7.989276	-8.107349	-8.225483	-7.901702	-7.914353	-8.062683	-7.981300	-8.455560	-9.140201	-7.981300	-8.514705	-8.058340	-7.976336	-8.647046	-8.000521	-8.663740	-7.990549	-8.032265	-8.337337	-8.362510	-7.906228	-8.609418	-7.848018	-8.492819	-7.808270	-7.785421	-8.055715	-7.848630	-8.184821	-8.191857	-8.078678	-7.703774	-8.302858	-8.067273	-7.884057	-8.917574	-7.672233	-7.946537	-7.907982	-7.972243	-7.853562	-8.376647	-8.876148	-8.191992	-8.037110	-7.699622	-7.966576	-8.298605	-7.940058	-9.440333	-7.885056	-7.872895	-7.768530
		4.176091259055681	-7.014843	-7.363011	-8.039054	-6.944240	-6.971836	-7.269783	-7.048274	-7.392223	-7.521867	-7.015878	-7.659953	-7.007314	-7.152242	-7.089162	-6.966174	-7.065754	-6.737312	-7.287266	-7.685922	-7.400335	-6.740884	-7.124534	-6.998699	-7.075049	-7.779108	-7.284916	-7.132650	-6.939680	-7.115715	-7.515985	-7.421361	-7.015113	-7.460548	-6.829445	-7.798330	-6.852633	-6.932185	-7.004058	-6.954286	-7.384892	-6.889410	-6.675718	-6.842543	-7.538802	-7.355660	-7.108072	-7.477295	-6.650917	-7.205024	-7.168578	-7.007270	-6.936667	-7.609772	-8.039815	-6.882066	-6.981300	-6.966174	-7.151134	-7.228119	-7.177767	-8.125924	-7.212469	-7.122398	-6.911510
		4.176091259055681	-7.009262	-7.411728	-7.789414	-6.934794	-6.961380	-7.218388	-7.192668	-7.422853	-7.536704	-6.979639	-7.594995	-7.056061	-7.120675	-7.081079	-6.942334	-7.030677	-6.719194	-7.190104	-7.804100	-8.137213	-6.795880	-7.078886	-6.758454	-7.005463	-7.842543	-7.258454	-7.135133	-7.140201	-7.024982	-7.478078	-7.424120	-7.051343	-7.532836	-6.789949	-7.888401	-6.843754	-6.914353	-6.909389	-6.859806	-7.229664	-6.869666	-6.734946	-6.919734	-7.379864	-7.290560	-7.052223	-7.498120	-6.983384	-7.137511	-7.055863	-6.975104	-6.940815	-7.625985	-7.904831	-7.522300	-6.929962	-6.826231	-7.102318	-7.477034	-7.020953	-8.018091	-7.124765	-6.946922	-6.910802
		4.176091259055681	-7.023558	-7.272459	-8.039482	-6.918653	-7.049149	-6.911155	-7.132120	-7.373147	-7.121076	-6.862646	-7.308476	-6.807154	-7.170825	-7.167427	-7.020953	-7.191992	-6.658763	-6.959398	-7.368861	-7.862963	-6.741602	-7.224535	-6.898597	-7.011843	-7.306801	-7.377268	-7.279510	-6.896196	-7.148925	-7.577739	-7.482013	-7.139123	-7.418733	-6.912219	-7.976336	-6.843754	-6.957818	-7.066057	-7.010906	-7.194635	-6.932557	-6.646468	-7.050269	-7.297483	-7.425969	-6.727462	-7.594995	-6.614930	-7.058489	-7.103033	-7.072270	-6.950394	-7.423198	-8.133358	-6.985900	-6.808829	-6.918653	-7.127028	-7.048225	-7.309538	-8.162664	-6.883060	-6.874844	-6.877456
		5.176091259055681	-6.110586	-6.041436	-6.135548	-5.997834	-5.941954	-6.037157	-6.061530	-6.236497	-6.055221	-5.695509	-6.496345	-5.740167	-5.918293	-6.058042	-5.857924	-5.828859	-5.842241	-6.170118	-6.203495	-6.579714	-5.893469	-6.067019	-6.132768	-5.713993	-6.314437	-6.087406	-6.193142	-5.897223	-6.290900	-6.557834	-6.353498	-5.875822	-6.617983	-5.721246	-6.349110	-5.925549	-5.789949	-5.804654	-5.789147	-6.227752	-5.982549	-5.826522	-6.054088	-6.222356	-6.060631	-5.717151	-6.661344	-5.605373	-6.317765	-5.782253	-5.975104	-5.698102	-6.442132	-6.583359	-5.878769	-5.753255	-5.867100	-5.767004	-6.053057	-5.848630	-6.659953	-5.695079	-5.642446	-5.666150
		5.176091259055681	-5.811353	-6.012960	-6.415330	-5.854804	-5.685501	-5.923724	-5.805763	-6.185286	-6.072527	-5.616364	-6.205303	-5.634699	-5.847100	-6.166152	-5.824488	-5.862963	-5.928118	-5.797784	-6.212398	-6.674074	-5.957031	-6.256020	-5.877129	-5.699622	-6.373249	-5.892790	-6.265440	-5.912574	-6.227385	-6.356054	-6.249955	-5.873219	-6.573489	-5.729321	-6.522734	-5.733298	-5.767004	-5.821311	-5.707744	-5.953505	-5.873219	-5.664943	-5.713993	-6.401100	-5.971429	-5.749336	-6.145330	-5.647239	-6.290560	-5.816445	-5.743763	-5.748119	-6.227972	-6.550059	-6.045227	-5.848937	-5.641684	-5.742321	-5.978397	-5.811072	-6.635637	-5.730020	-5.764724	-5.584860
		5.176091259055681	-5.715118	-5.995249	-6.437113	-6.059683	-5.948076	-5.889410	-5.937794	-6.174899	-6.013676	-5.661942	-6.449649	-5.621966	-5.789681	-6.003269	-5.858237	-5.809949	-5.865186	-5.766243	-6.189230	-6.500863	-5.925915	-6.199902	-6.009395	-5.752763	-6.239125	-6.130886	-6.012602	-5.904134	-6.141222	-6.518844	-6.204120	-5.890084	-6.685080	-5.671620	-6.246877	-5.860121	-5.582528	-5.818442	-5.726999	-6.252899	-6.003269	-5.759700	-6.046192	-6.132415	-5.974694	-5.786482	-6.124707	-5.816730	-6.115545	-5.839231	-5.720333	-6.004409	-6.183361	-6.406603	-5.964971	-5.793174	-5.637706	-5.730721	-5.934047	-5.883724	-6.448306	-5.674484	-5.802168	-5.582362
																																																																		
		steyx	0.209329	0.204691	0.768508	0.082831	0.128125	0.197890	0.209894	0.209699	0.209092	0.185547	0.200595	0.195175	0.174997	0.157767	0.164347	0.144102	0.170139	0.266977	0.291347	0.299497	0.195199	0.191341	0.131433	0.146811	0.205573	0.183784	0.212793	0.127793	0.154554	0.201448	0.220959	0.161960	0.221170	0.112268	0.228758	0.191017	0.171984	0.126169	0.130473	0.336790	0.140800	0.163364	0.147562	0.102030	0.177956	0.227941	0.351738	0.269579	0.212806	0.211221	0.145222	0.140536	0.197476	0.181863	0.257504	0.124936	0.146318	0.147716	0.209975	0.194225	0.223922	0.181234	0.160786	0.105336
																																																																		
		1.1760912590556813	-10.159356	-10.161977	-9.757545	-10.218340	-10.063331	-10.143380	-10.239104	-10.703858	-10.470083	-10.013923	-11.121245	-9.946942	-10.293080	-10.151806	-9.491319	-9.990544	-10.230605	-10.163411	-10.398488	-10.987898	-9.986645	-10.455199	-10.131416	-10.258475	-10.618255	-10.459999	-10.080782	-9.866294	-10.208173	-11.129548	-10.437859	-10.093729	-11.038366	-9.714032	-10.867327	-9.770195	-10.093322	-10.269024	-10.224337	-10.164917	-9.925260	-10.077391	-10.105943	-10.511361	-10.562659	-9.987011	-10.582962	-9.567460	-10.408326	-10.338509	-10.157385	-10.310958	-10.723572	-11.323767	-10.229261	-9.945501	-10.192419	-10.316325	-10.148741	-10.085726	-11.476098	-9.894171	-9.751022	-9.764568
		2.1760912590556813	-9.141143	-9.432816	-9.273689	-9.133444	-9.070457	-9.331661	-9.500342	-9.368591	-9.359097	-8.808309	-10.072816	-8.714680	-9.308187	-8.993602	-8.666549	-9.183631	-8.792784	-9.288170	-9.794540	-9.774886	-8.806210	-9.408967	-9.070618	-9.021331	-9.663680	-9.662517	-9.292266	-8.937529	-9.429990	-9.887618	-9.850264	-9.102050	-9.554531	-8.957027	-9.855327	-9.016332	-8.921452	-9.128717	-9.095195	-9.523820	-8.938461	-8.742357	-8.923592	-9.584508	-9.491601	-9.223702	-9.689864	-9.169653	-9.259890	-9.108853	-9.223155	-9.100252	-9.929315	-10.186713	-8.941710	-8.993058	-9.131915	-9.278231	-9.496321	-9.186574	-10.173560	-8.953212	-8.795496	-8.816118
		3.1760912590556813	-7.875372	-8.203344	-9.412281	-8.123869	-7.977069	-8.210958	-7.916016	-8.378882	-8.337912	-7.830028	-8.635665	-7.960963	-8.054884	-8.235240	-7.999326	-7.903862	-8.053027	-8.017119	-8.471923	-9.140855	-8.064332	-8.600866	-7.890930	-7.870162	-8.670756	-8.123546	-8.586351	-8.024165	-8.068095	-8.474626	-8.508013	-7.849520	-8.864412	-7.892921	-8.628213	-7.920255	-7.850941	-7.978423	-7.974874	-8.550090	-8.204378	-7.986510	-7.782241	-8.347193	-8.180415	-7.944755	-8.499779	-7.791310	-8.202510	-8.060616	-7.958725	-7.917399	-8.403048	-8.907157	-8.284849	-8.109747	-7.819599	-7.996406	-8.317271	-8.094101	-9.186772	-7.899821	-7.953214	-7.805243
		4.176091259055681	-7.015888	-7.349066	-7.955983	-6.932562	-6.994121	-7.133109	-7.124354	-7.396074	-7.393216	-6.952721	-7.521141	-6.956843	-7.147914	-7.112556	-6.976487	-7.096141	-6.705090	-7.145589	-7.619628	-7.800170	-6.759455	-7.142652	-6.885250	-7.030785	-7.642817	-7.306880	-7.182431	-6.992026	-7.096541	-7.523934	-7.442498	-7.068526	-7.470706	-6.843871	-7.887689	-6.846714	-6.934786	-6.993168	-6.941666	-7.269730	-6.897211	-6.685711	-6.937515	-7.405383	-7.357396	-6.962586	-7.523470	-6.749744	-7.133675	-7.109158	-7.018215	-6.942625	-7.552985	-8.026001	-7.130089	-6.906697	-6.903686	-7.126827	-7.251126	-7.169419	-8.102226	-7.073431	-6.981388	-6.899923
		5.176091259055681	-5.879019	-6.016548	-6.329330	-5.970773	-5.858510	-5.950097	-5.935029	-6.198894	-6.047142	-5.657939	-6.383766	-5.665611	-5.851692	-6.075821	-5.846883	-5.833923	-5.878515	-5.911381	-6.201708	-6.584884	-5.925472	-6.174314	-6.006431	-5.722126	-6.308937	-6.037027	-6.157061	-5.904643	-6.219836	-6.477577	-6.269191	-5.879709	-6.625517	-5.707396	-6.372907	-5.839656	-5.713160	-5.814802	-5.741296	-6.144719	-5.953013	-5.750389	-5.938091	-6.251957	-6.002251	-5.750990	-6.310460	-5.689781	-6.241290	-5.812643	-5.813067	-5.816877	-6.284488	-6.513341	-5.962989	-5.798455	-5.715497	-5.746682	-5.988500	-5.847809	-6.581298	-5.699861	-5.736446	-5.611124
x-mean	3.176091																																																																	
SSx	27.857143																																																																	
n	3.000000																																																																	
alpha	0.950000																																																																	
t	6.205347																																																																	
			0.144562	0.141359	0.530729	0.057203	0.088483	0.136662	0.144952	0.144817	0.144398	0.128138	0.138530	0.134787	0.120852	0.108954	0.113497	0.099516	0.117497	0.184374	0.201203	0.206831	0.134803	0.132139	0.090767	0.101387	0.141968	0.126921	0.146954	0.088254	0.106734	0.139119	0.152593	0.111849	0.152739	0.077532	0.157980	0.131916	0.118771	0.087132	0.090104	0.232586	0.097236	0.112819	0.101906	0.070461	0.122895	0.157415	0.242909	0.186170	0.146963	0.145868	0.100290	0.097053	0.136376	0.125594	0.177831	0.086280	0.101047	0.102012	0.145008	0.134131	0.154640	0.125159	0.111038	0.072745
			0.127198	0.124379	0.466979	0.050332	0.077855	0.120246	0.127541	0.127422	0.127054	0.112746	0.121890	0.118597	0.106336	0.095866	0.099864	0.087563	0.103384	0.162227	0.177035	0.181987	0.118611	0.116267	0.079864	0.089209	0.124915	0.111675	0.129302	0.077653	0.093914	0.122408	0.134264	0.098414	0.134392	0.068219	0.139003	0.116070	0.104505	0.076666	0.079281	0.204648	0.085556	0.099267	0.089665	0.061998	0.108134	0.138507	0.213731	0.163808	0.129310	0.128347	0.088243	0.085396	0.119995	0.110508	0.156470	0.075917	0.088909	0.089759	0.127590	0.118020	0.136065	0.110126	0.097701	0.064007
			0.120856	0.118178	0.443698	0.047822	0.073973	0.114252	0.121182	0.121070	0.120719	0.107125	0.115814	0.112684	0.101034	0.091087	0.094886	0.083197	0.098230	0.154140	0.168209	0.172915	0.112698	0.110471	0.075883	0.084761	0.118688	0.106108	0.122856	0.073782	0.089232	0.116306	0.127571	0.093508	0.127693	0.064818	0.132074	0.110284	0.099295	0.072844	0.075328	0.194446	0.081291	0.094318	0.085195	0.058907	0.102743	0.131602	0.203076	0.155642	0.122864	0.121948	0.083844	0.081138	0.114013	0.104998	0.148670	0.072132	0.084477	0.085284	0.121229	0.112136	0.129281	0.104635	0.092830	0.060816
			0.127198	0.124379	0.466979	0.050332	0.077855	0.120246	0.127541	0.127422	0.127054	0.112746	0.121890	0.118597	0.106336	0.095866	0.099864	0.087563	0.103384	0.162227	0.177035	0.181987	0.118611	0.116267	0.079864	0.089209	0.124915	0.111675	0.129302	0.077653	0.093914	0.122408	0.134264	0.098414	0.134392	0.068219	0.139003	0.116070	0.104505	0.076666	0.079281	0.204648	0.085556	0.099267	0.089665	0.061998	0.108134	0.138507	0.213731	0.163808	0.129310	0.128347	0.088243	0.085396	0.119995	0.110508	0.156470	0.075917	0.088909	0.089759	0.127590	0.118020	0.136065	0.110126	0.097701	0.064007
			0.144562	0.141359	0.530729	0.057203	0.088483	0.136662	0.144952	0.144817	0.144398	0.128138	0.138530	0.134787	0.120852	0.108954	0.113497	0.099516	0.117497	0.184374	0.201203	0.206831	0.134803	0.132139	0.090767	0.101387	0.141968	0.126921	0.146954	0.088254	0.106734	0.139119	0.152593	0.111849	0.152739	0.077532	0.157980	0.131916	0.118771	0.087132	0.090104	0.232586	0.097236	0.112819	0.101906	0.070461	0.122895	0.157415	0.242909	0.186170	0.146963	0.145868	0.100290	0.097053	0.136376	0.125594	0.177831	0.086280	0.101047	0.102012	0.145008	0.134131	0.154640	0.125159	0.111038	0.072745
																																																																		
		log(upper)																																																																
			-9.262298	-9.284798	-6.464188	-9.863378	-9.514263	-9.295347	-9.339627	-9.805217	-9.574041	-9.218783	-10.261617	-9.110542	-9.543151	-9.475711	-8.787029	-9.373010	-9.501494	-9.019309	-9.149954	-9.704437	-9.150143	-9.635227	-9.568175	-9.629333	-9.737293	-9.672411	-9.168882	-9.318650	-9.545849	-10.266266	-9.490964	-9.399668	-10.090567	-9.232919	-9.887009	-8.951613	-9.356305	-9.728342	-9.665212	-8.721640	-9.321878	-9.377311	-9.473582	-10.074124	-9.800050	-9.010195	-9.075630	-8.412208	-9.496367	-9.433347	-9.535053	-9.708708	-9.877310	-10.544415	-9.125758	-9.410102	-9.565388	-9.683304	-9.248917	-9.253397	-10.516505	-9.117513	-9.061991	-9.313163
			-8.351838	-8.661002	-6.375922	-8.821119	-8.587342	-8.585491	-8.708908	-8.577892	-8.570686	-8.108680	-9.316445	-7.978746	-8.648337	-8.398718	-8.046856	-8.640274	-8.151252	-8.281494	-8.695977	-8.645591	-8.070186	-8.687488	-8.575032	-8.467761	-8.888537	-8.969532	-8.489902	-8.455666	-8.847223	-9.128032	-9.017108	-8.491357	-8.720579	-8.533704	-8.992762	-8.296075	-8.272964	-8.652981	-8.603230	-8.253905	-8.407556	-8.126369	-8.367188	-9.199790	-8.820595	-8.364218	-8.363589	-8.153168	-8.457474	-8.312416	-8.675576	-8.570343	-9.184704	-9.500974	-7.970757	-8.521970	-8.580202	-8.721247	-8.704582	-8.454221	-9.329231	-8.269844	-8.189229	-8.418934
			-7.125417	-7.470007	-6.658978	-7.827114	-7.518039	-7.501987	-7.164038	-7.627602	-7.588805	-7.165278	-7.917001	-7.261718	-7.427930	-7.670013	-7.410527	-7.387593	-7.443477	-7.060630	-7.428127	-8.067859	-7.365001	-7.915356	-7.420051	-7.344189	-7.934256	-7.465109	-7.823987	-7.566324	-7.514382	-7.752908	-7.716392	-7.269273	-8.072036	-7.490702	-7.808650	-7.235906	-7.234782	-7.526403	-7.507436	-7.343486	-7.699940	-7.401232	-7.253576	-7.981655	-7.542861	-7.128121	-7.239624	-6.825500	-7.440098	-7.303885	-7.438445	-7.413907	-7.695558	-8.255605	-7.362302	-7.662144	-7.295391	-7.467190	-7.565003	-7.398259	-8.384536	-7.250522	-7.377172	-7.427861
			-6.226582	-6.577252	-5.058216	-6.620237	-6.511007	-6.386939	-6.332920	-6.605376	-6.604804	-6.253092	-6.764770	-6.220909	-6.488064	-6.517672	-6.356794	-6.552784	-6.063557	-6.138913	-6.521064	-6.670875	-6.023432	-6.421173	-6.389664	-6.477214	-6.867674	-6.613895	-6.380066	-6.510163	-6.513774	-6.764348	-6.609342	-6.457834	-6.636754	-6.420548	-7.025124	-6.126457	-6.286297	-6.517432	-6.449701	-5.999816	-6.366306	-6.069723	-6.381112	-7.020665	-6.686390	-6.103102	-6.197194	-5.733258	-6.331258	-6.312721	-6.470635	-6.412716	-6.808374	-7.340263	-6.159136	-6.435608	-6.351973	-6.569843	-6.459387	-6.437067	-7.257897	-6.390064	-6.375121	-6.502739
			-4.981961	-5.139370	-3.035974	-5.615811	-5.309443	-5.102064	-5.035552	-5.300253	-5.151100	-4.862799	-5.524138	-4.829210	-5.101763	-5.399727	-5.142592	-5.216390	-5.149404	-4.767279	-4.953174	-5.301423	-5.088969	-5.354342	-5.443190	-5.092985	-5.427975	-5.249439	-5.245161	-5.356999	-5.557512	-5.614296	-5.322296	-5.185647	-5.677718	-5.226283	-5.392589	-5.021073	-4.976143	-5.274121	-5.182171	-4.701441	-5.349631	-5.050309	-5.305730	-5.814720	-5.239642	-4.774174	-4.803128	-4.534529	-5.329331	-4.907480	-5.190735	-5.214626	-5.438226	-5.733988	-4.859486	-5.263056	-5.088466	-5.113661	-5.088676	-5.015479	-5.621706	-4.923204	-5.047415	-5.159719
		log(lower)																																																																
			-11.056413	-11.039155	-13.050901	-10.573302	-10.612398	-10.991414	-11.138581	-11.602500	-11.366124	-10.809062	-11.980873	-10.783343	-11.043009	-10.827900	-10.195610	-10.608077	-10.959716	-11.307514	-11.647022	-12.271359	-10.823148	-11.275170	-10.694657	-10.887616	-11.499217	-11.247586	-10.992682	-10.413939	-10.870496	-11.992829	-11.384753	-10.787790	-11.986165	-10.195145	-11.847645	-10.588778	-10.830339	-10.809706	-10.783463	-11.608194	-10.528642	-10.777470	-10.738304	-10.948598	-11.325268	-10.963827	-12.090295	-10.722711	-11.320284	-11.243672	-10.779717	-10.913209	-11.569834	-12.103119	-11.332764	-10.480900	-10.819449	-10.949346	-11.048565	-10.918056	-12.435691	-10.670828	-10.440053	-10.215973
			-9.930449	-10.204631	-12.171456	-9.445770	-9.553572	-10.077831	-10.291776	-10.159290	-10.147509	-9.507939	-10.829188	-9.450614	-9.968036	-9.588486	-9.286243	-9.726988	-9.434316	-10.294845	-10.893104	-10.904182	-9.542234	-10.130445	-9.566204	-9.574902	-10.438823	-10.355502	-10.094631	-9.419392	-10.012757	-10.647204	-10.683421	-9.712742	-10.388483	-9.380350	-10.717891	-9.736588	-9.569941	-9.604454	-9.587160	-10.793734	-9.469366	-9.358345	-9.479995	-9.969225	-10.162608	-10.083185	-11.016140	-10.186139	-10.062307	-9.905291	-9.770734	-9.630162	-10.673927	-10.872451	-9.912663	-9.464147	-9.683628	-9.835215	-10.288061	-9.918926	-11.017890	-9.636579	-9.401763	-9.213301
			-8.625328	-8.936680	-12.165583	-8.420623	-8.436098	-8.919928	-8.667994	-9.130161	-9.087018	-8.494778	-9.354328	-8.660208	-8.681837	-8.800466	-8.588125	-8.420130	-8.662576	-8.973608	-9.515719	-10.213851	-8.763662	-9.286376	-8.361809	-8.396135	-9.407255	-8.781983	-9.348715	-8.482005	-8.621809	-9.196344	-9.299633	-8.429766	-9.656789	-8.295140	-9.447775	-8.604604	-8.467100	-8.430442	-8.442313	-9.756695	-8.708815	-8.571789	-8.310906	-8.712731	-8.817970	-8.761390	-9.759935	-8.757120	-8.964923	-8.817348	-8.479006	-8.420891	-9.110538	-9.558709	-9.207396	-8.557350	-8.343808	-8.525622	-9.069539	-8.789943	-9.989008	-8.549120	-8.529256	-8.182626
			-7.805193	-8.120880	-10.853750	-7.244887	-7.477236	-7.879279	-7.915788	-8.186773	-8.181627	-7.652350	-8.277513	-7.692777	-7.807764	-7.707440	-7.596180	-7.639498	-7.346622	-8.152265	-8.718191	-8.929465	-7.495479	-7.864130	-7.380836	-7.584356	-8.417960	-7.999865	-7.984796	-7.473889	-7.679307	-8.283520	-8.275654	-7.679218	-8.304658	-7.267194	-8.750254	-7.566970	-7.583274	-7.468905	-7.433631	-8.539645	-7.428117	-7.301699	-7.493919	-7.790101	-8.028403	-7.822070	-8.849746	-7.766230	-7.936091	-7.905595	-7.565794	-7.472535	-8.297596	-8.711740	-8.101042	-7.377785	-7.455399	-7.683811	-8.042866	-7.901771	-8.946556	-7.756799	-7.587655	-7.297106
			-6.776077	-6.893727	-9.622686	-6.325736	-6.407578	-6.798131	-6.834506	-7.097535	-6.943183	-6.453078	-7.243394	-6.502011	-6.601621	-6.751915	-6.551173	-6.451457	-6.607626	-7.055484	-7.450242	-7.868345	-6.761974	-6.994285	-6.569672	-6.351268	-7.189899	-6.824615	-7.068961	-6.452288	-6.882159	-7.340859	-7.216086	-6.573770	-7.573316	-6.188509	-7.353225	-6.658239	-6.450177	-6.355484	-6.300422	-7.587996	-6.556395	-6.450468	-6.570452	-6.689194	-6.764860	-6.727806	-7.817793	-6.845032	-7.153248	-6.717806	-6.435399	-6.419127	-7.130750	-7.292693	-7.066492	-6.333854	-6.342527	-6.379703	-6.888324	-6.680138	-7.540891	-6.476519	-6.425478	-6.062529
																																																																		
		upper																																																																
			5.466e-10	5.190e-10	3.434e-07	1.370e-10	3.060e-10	5.066e-10	4.575e-10	1.566e-10	2.667e-10	6.042e-10	5.475e-11	7.753e-10	2.863e-10	3.344e-10	1.633e-09	4.236e-10	3.151e-10	9.565e-10	7.080e-10	1.975e-10	7.077e-10	2.316e-10	2.703e-10	2.348e-10	1.831e-10	2.126e-10	6.778e-10	4.801e-10	2.845e-10	5.417e-11	3.229e-10	3.984e-10	8.118e-11	5.849e-10	1.297e-10	1.118e-09	4.402e-10	1.869e-10	2.162e-10	1.898e-09	4.766e-10	4.195e-10	3.361e-10	8.431e-11	1.585e-10	9.768e-10	8.402e-10	3.871e-09	3.189e-10	3.687e-10	2.917e-10	1.956e-10	1.326e-10	2.855e-11	7.486e-10	3.890e-10	2.720e-10	2.073e-10	5.637e-10	5.580e-10	3.044e-11	7.629e-10	8.670e-10	4.862e-10
			4.448e-09	2.183e-09	4.208e-07	1.510e-09	2.586e-09	2.597e-09	1.955e-09	2.643e-09	2.687e-09	7.786e-09	4.826e-10	1.050e-08	2.247e-09	3.993e-09	8.977e-09	2.289e-09	7.059e-09	5.230e-09	2.014e-09	2.262e-09	8.508e-09	2.054e-09	2.661e-09	3.406e-09	1.293e-09	1.073e-09	3.237e-09	3.502e-09	1.422e-09	7.447e-10	9.614e-10	3.226e-09	1.903e-09	2.926e-09	1.017e-09	5.057e-09	5.334e-09	2.223e-09	2.493e-09	5.573e-09	3.912e-09	7.475e-09	4.294e-09	6.313e-10	1.511e-09	4.323e-09	4.329e-09	7.028e-09	3.488e-09	4.871e-09	2.111e-09	2.689e-09	6.536e-10	3.155e-10	1.070e-08	3.006e-09	2.629e-09	1.900e-09	1.974e-09	3.514e-09	4.686e-10	5.372e-09	6.468e-09	3.811e-09
			7.492e-08	3.388e-08	2.193e-07	1.489e-08	3.034e-08	3.148e-08	6.854e-08	2.357e-08	2.577e-08	6.835e-08	1.211e-08	5.474e-08	3.733e-08	2.138e-08	3.886e-08	4.096e-08	3.602e-08	8.697e-08	3.731e-08	8.553e-09	4.315e-08	1.215e-08	3.801e-08	4.527e-08	1.163e-08	3.427e-08	1.500e-08	2.714e-08	3.059e-08	1.766e-08	1.921e-08	5.379e-08	8.472e-09	3.231e-08	1.554e-08	5.809e-08	5.824e-08	2.976e-08	3.109e-08	4.534e-08	1.996e-08	3.970e-08	5.577e-08	1.043e-08	2.865e-08	7.445e-08	5.759e-08	1.495e-07	3.630e-08	4.967e-08	3.644e-08	3.856e-08	2.016e-08	5.551e-09	4.342e-08	2.177e-08	5.065e-08	3.410e-08	2.723e-08	3.997e-08	4.125e-09	5.617e-08	4.196e-08	3.734e-08
			5.935e-07	2.647e-07	8.745e-06	2.398e-07	3.083e-07	4.103e-07	4.646e-07	2.481e-07	2.484e-07	5.584e-07	1.719e-07	6.013e-07	3.250e-07	3.036e-07	4.398e-07	2.800e-07	8.639e-07	7.263e-07	3.013e-07	2.134e-07	9.475e-07	3.792e-07	4.077e-07	3.333e-07	1.356e-07	2.433e-07	4.168e-07	3.089e-07	3.064e-07	1.720e-07	2.458e-07	3.485e-07	2.308e-07	3.797e-07	9.438e-08	7.474e-07	5.173e-07	3.038e-07	3.551e-07	1.000e-06	4.302e-07	8.517e-07	4.158e-07	9.535e-08	2.059e-07	7.887e-07	6.350e-07	1.848e-06	4.664e-07	4.867e-07	3.383e-07	3.866e-07	1.555e-07	4.568e-08	6.932e-07	3.668e-07	4.447e-07	2.693e-07	3.472e-07	3.655e-07	5.522e-08	4.073e-07	4.216e-07	3.142e-07
			1.042e-05	7.255e-06	9.205e-04	2.422e-06	4.904e-06	7.906e-06	9.214e-06	5.009e-06	7.062e-06	1.372e-05	2.991e-06	1.482e-05	7.911e-06	3.984e-06	7.201e-06	6.076e-06	7.089e-06	1.709e-05	1.114e-05	4.995e-06	8.148e-06	4.422e-06	3.604e-06	8.073e-06	3.733e-06	5.631e-06	5.686e-06	4.395e-06	2.770e-06	2.431e-06	4.761e-06	6.522e-06	2.100e-06	5.939e-06	4.050e-06	9.526e-06	1.056e-05	5.320e-06	6.574e-06	1.989e-05	4.471e-06	8.906e-06	4.946e-06	1.532e-06	5.759e-06	1.682e-05	1.574e-05	2.921e-05	4.685e-06	1.237e-05	6.446e-06	6.101e-06	3.646e-06	1.845e-06	1.382e-05	5.457e-06	8.157e-06	7.697e-06	8.153e-06	9.650e-06	2.389e-06	1.193e-05	8.966e-06	6.923e-06
		lower																																																																
			8.782e-12	9.138e-12	8.894e-14	2.671e-11	2.441e-11	1.020e-11	7.268e-12	2.497e-12	4.304e-12	1.552e-11	1.045e-12	1.647e-11	9.057e-12	1.486e-11	6.374e-11	2.466e-11	1.097e-11	4.926e-12	2.254e-12	5.354e-13	1.503e-11	5.307e-12	2.020e-11	1.295e-11	3.168e-12	5.655e-12	1.017e-11	3.855e-11	1.347e-11	1.017e-12	4.123e-12	1.630e-11	1.032e-12	6.380e-11	1.420e-12	2.578e-11	1.478e-11	1.550e-11	1.646e-11	2.465e-12	2.960e-11	1.669e-11	1.827e-11	1.126e-11	4.729e-12	1.087e-11	8.123e-13	1.894e-11	4.783e-12	5.706e-12	1.661e-11	1.221e-11	2.693e-12	7.886e-13	4.648e-12	3.304e-11	1.515e-11	1.124e-11	8.942e-12	1.208e-11	3.667e-13	2.134e-11	3.630e-11	6.082e-11
			1.174e-10	6.243e-11	6.738e-13	3.583e-10	2.795e-10	8.359e-11	5.108e-11	6.930e-11	7.120e-11	3.105e-10	1.482e-11	3.543e-10	1.076e-10	2.579e-10	5.173e-10	1.875e-10	3.679e-10	5.072e-11	1.279e-11	1.247e-11	2.869e-10	7.406e-11	2.715e-10	2.661e-10	3.641e-11	4.411e-11	8.042e-11	3.807e-10	9.711e-11	2.253e-11	2.073e-11	1.938e-10	4.088e-11	4.165e-10	1.915e-11	1.834e-10	2.692e-10	2.486e-10	2.587e-10	1.608e-11	3.393e-10	4.382e-10	3.311e-10	1.073e-10	6.877e-11	8.257e-11	9.635e-12	6.514e-11	8.663e-11	1.244e-10	1.695e-10	2.343e-10	2.119e-11	1.341e-11	1.223e-10	3.434e-10	2.072e-10	1.461e-10	5.152e-11	1.205e-10	9.596e-12	2.309e-10	3.965e-10	6.119e-10
			2.370e-09	1.157e-09	6.830e-13	3.796e-09	3.664e-09	1.202e-09	2.148e-09	7.410e-10	8.184e-10	3.201e-09	4.423e-10	2.187e-09	2.080e-09	1.583e-09	2.582e-09	3.801e-09	2.175e-09	1.063e-09	3.050e-10	6.112e-11	1.723e-09	5.172e-10	4.347e-09	4.017e-09	3.915e-10	1.652e-09	4.480e-10	3.296e-09	2.389e-09	6.363e-10	5.016e-10	3.717e-09	2.204e-10	5.068e-09	3.566e-10	2.485e-09	3.411e-09	3.712e-09	3.611e-09	1.751e-10	1.955e-09	2.680e-09	4.888e-09	1.938e-09	1.521e-09	1.732e-09	1.738e-10	1.749e-09	1.084e-09	1.523e-09	3.319e-09	3.794e-09	7.753e-10	2.762e-10	6.203e-10	2.771e-09	4.531e-09	2.981e-09	8.520e-10	1.622e-09	1.026e-10	2.824e-09	2.956e-09	6.567e-09
			1.566e-08	7.570e-09	1.400e-11	5.690e-08	3.332e-08	1.320e-08	1.214e-08	6.505e-09	6.582e-09	2.227e-08	5.278e-09	2.029e-08	1.557e-08	1.961e-08	2.534e-08	2.294e-08	4.502e-08	7.043e-09	1.913e-09	1.176e-09	3.195e-08	1.367e-08	4.161e-08	2.604e-08	3.820e-09	1.000e-08	1.036e-08	3.358e-08	2.093e-08	5.206e-09	5.301e-09	2.093e-08	4.958e-09	5.405e-08	1.777e-09	2.710e-08	2.611e-08	3.397e-08	3.684e-08	2.886e-09	3.732e-08	4.992e-08	3.207e-08	1.621e-08	9.367e-09	1.506e-08	1.413e-09	1.713e-08	1.159e-08	1.243e-08	2.718e-08	3.369e-08	5.040e-09	1.942e-09	7.924e-09	4.190e-08	3.504e-08	2.071e-08	9.060e-09	1.254e-08	1.131e-09	1.751e-08	2.584e-08	5.045e-08
			1.675e-07	1.277e-07	2.384e-10	4.724e-07	3.912e-07	1.592e-07	1.464e-07	7.988e-08	1.140e-07	3.523e-07	5.710e-08	3.148e-07	2.503e-07	1.770e-07	2.811e-07	3.536e-07	2.468e-07	8.801e-08	3.546e-08	1.354e-08	1.730e-07	1.013e-07	2.694e-07	4.454e-07	6.458e-08	1.498e-07	8.532e-08	3.529e-07	1.312e-07	4.562e-08	6.080e-08	2.668e-07	2.671e-08	6.479e-07	4.434e-08	2.197e-07	3.547e-07	4.411e-07	5.007e-07	2.582e-08	2.777e-07	3.544e-07	2.689e-07	2.046e-07	1.718e-07	1.872e-07	1.521e-08	1.429e-07	7.027e-08	1.915e-07	3.669e-07	3.810e-07	7.400e-08	5.097e-08	8.580e-08	4.636e-07	4.544e-07	4.172e-07	1.293e-07	2.089e-07	2.878e-08	3.338e-07	3.754e-07	8.659e-07
		mean																																																																
			6.929e-11	6.887e-11	1.748e-10	6.049e-11	8.643e-11	7.188e-11	5.766e-11	1.978e-11	3.388e-11	9.685e-11	7.564e-12	1.130e-10	5.092e-11	7.050e-11	3.226e-10	1.022e-10	5.880e-11	6.864e-11	3.995e-11	1.028e-11	1.031e-10	3.506e-11	7.389e-11	5.515e-11	2.408e-11	3.467e-11	8.303e-11	1.361e-10	6.192e-11	7.421e-12	3.649e-11	8.059e-11	9.154e-12	1.932e-10	1.357e-11	1.697e-10	8.066e-11	5.382e-11	5.966e-11	6.840e-11	1.188e-10	8.368e-11	7.835e-11	3.081e-11	2.737e-11	1.030e-10	2.612e-11	2.707e-10	3.905e-11	4.587e-11	6.960e-11	4.887e-11	1.890e-11	4.745e-12	5.898e-11	1.134e-10	6.421e-11	4.827e-11	7.100e-11	8.209e-11	3.341e-12	1.276e-10	1.774e-10	1.720e-10
			7.225e-10	3.691e-10	5.325e-10	7.355e-10	8.502e-10	4.659e-10	3.160e-10	4.280e-10	4.374e-10	1.555e-09	8.456e-11	1.929e-09	4.918e-10	1.015e-09	2.155e-09	6.552e-10	1.611e-09	5.150e-10	1.605e-10	1.679e-10	1.562e-09	3.900e-10	8.499e-10	9.521e-10	2.169e-10	2.175e-10	5.102e-10	1.155e-09	3.715e-10	1.295e-10	1.412e-10	7.906e-10	2.789e-10	1.104e-09	1.395e-10	9.631e-10	1.198e-09	7.435e-10	8.032e-10	2.994e-10	1.152e-09	1.810e-09	1.192e-09	2.603e-10	3.224e-10	5.974e-10	2.042e-10	6.766e-10	5.497e-10	7.783e-10	5.982e-10	7.939e-10	1.177e-10	6.506e-11	1.144e-09	1.016e-09	7.380e-10	5.269e-10	3.189e-10	6.508e-10	6.706e-11	1.114e-09	1.601e-09	1.527e-09
			1.332e-08	6.261e-09	3.870e-10	7.518e-09	1.054e-08	6.152e-09	1.213e-08	4.179e-09	4.593e-09	1.479e-08	2.314e-09	1.094e-08	8.813e-09	5.818e-09	1.002e-08	1.248e-08	8.851e-09	9.613e-09	3.373e-09	7.230e-10	8.623e-09	2.507e-09	1.285e-08	1.348e-08	2.134e-09	7.524e-09	2.592e-09	9.459e-09	8.549e-09	3.353e-09	3.104e-09	1.414e-08	1.366e-09	1.280e-08	2.354e-09	1.202e-08	1.409e-08	1.051e-08	1.060e-08	2.818e-09	6.246e-09	1.032e-08	1.651e-08	4.496e-09	6.601e-09	1.136e-08	3.164e-09	1.617e-08	6.273e-09	8.697e-09	1.100e-08	1.209e-08	3.953e-09	1.238e-09	5.190e-09	7.767e-09	1.515e-08	1.008e-08	4.816e-09	8.052e-09	6.505e-10	1.259e-08	1.114e-08	1.566e-08
			9.641e-08	4.476e-08	1.107e-08	1.168e-07	1.014e-07	7.360e-08	7.510e-08	4.017e-08	4.044e-08	1.115e-07	3.012e-08	1.104e-07	7.114e-08	7.717e-08	1.056e-07	8.014e-08	1.972e-07	7.152e-08	2.401e-08	1.584e-08	1.740e-07	7.200e-08	1.302e-07	9.316e-08	2.276e-08	4.933e-08	6.570e-08	1.019e-07	8.007e-08	2.993e-08	3.610e-08	8.540e-08	3.383e-08	1.433e-07	1.295e-08	1.423e-07	1.162e-07	1.016e-07	1.144e-07	5.374e-08	1.267e-07	2.062e-07	1.155e-07	3.932e-08	4.391e-08	1.090e-07	2.996e-08	1.779e-07	7.351e-08	7.778e-08	9.589e-08	1.141e-07	2.799e-08	9.419e-09	7.412e-08	1.240e-07	1.248e-07	7.467e-08	5.609e-08	6.770e-08	7.903e-09	8.444e-08	1.044e-07	1.259e-07
			1.321e-06	9.626e-07	4.685e-07	1.070e-06	1.385e-06	1.122e-06	1.161e-06	6.326e-07	8.971e-07	2.198e-06	4.133e-07	2.160e-06	1.407e-06	8.398e-07	1.423e-06	1.466e-06	1.323e-06	1.226e-06	6.285e-07	2.601e-07	1.187e-06	6.694e-07	9.853e-07	1.896e-06	4.910e-07	9.183e-07	6.965e-07	1.246e-06	6.028e-07	3.330e-07	5.380e-07	1.319e-06	2.369e-07	1.962e-06	4.237e-07	1.447e-06	1.936e-06	1.532e-06	1.814e-06	7.166e-07	1.114e-06	1.777e-06	1.153e-06	5.598e-07	9.948e-07	1.774e-06	4.893e-07	2.043e-06	5.737e-07	1.539e-06	1.538e-06	1.524e-06	5.194e-07	3.067e-07	1.089e-06	1.591e-06	1.925e-06	1.792e-06	1.027e-06	1.420e-06	2.622e-07	1.996e-06	1.835e-06	2.448e-06
		fold up																																																																
			7.889648	7.536655	1964.971192	2.264447	3.540522	7.047476	7.933722	7.918468	7.871215	6.239349	7.238154	6.861204	5.622494	4.743451	5.061631	4.145085	5.359337	13.934851	17.722869	19.207072	6.862816	6.606497	3.657978	4.257370	7.602597	6.131798	8.163941	3.528941	4.595400	7.299300	8.849008	4.943801	8.867457	3.027702	9.556916	6.585408	5.457793	3.472816	3.623477	27.750902	4.012194	5.012790	4.289051	2.736764	5.789074	9.480168	32.161203	14.297213	8.165041	8.038275	4.191142	4.001754	7.018788	6.016615	12.691204	3.430829	4.236727	4.295570	7.940065	6.797191	9.111565	5.979398	4.886877	2.827516
			6.156098	5.913087	790.254726	2.052698	3.041689	5.574040	6.186346	6.175880	6.143441	5.007596	5.706524	5.444202	4.569299	3.934448	4.165748	3.494274	4.380586	10.154904	12.547681	13.467757	5.445327	5.265971	3.130301	3.577426	5.958586	4.931566	6.344025	3.032933	3.826192	5.748919	6.810142	4.080302	6.822633	2.650471	7.287266	5.251178	4.451317	2.990450	3.104309	18.617208	3.395512	4.130360	3.600839	2.425032	4.688205	7.235749	21.197058	10.386894	6.344778	6.258023	3.528413	3.387737	5.554071	4.849964	9.353045	2.958614	3.562159	3.605654	6.190698	5.399484	6.987619	4.823557	4.038934	2.495649
			5.622838	5.411733	566.633653	1.980407	2.877595	5.116473	5.649086	5.640005	5.611854	4.621150	5.231950	5.003168	4.235976	3.674740	3.879707	3.282983	4.069578	9.046680	11.061039	11.830295	5.004150	4.847413	2.957190	3.357168	5.451291	4.554461	5.785807	2.869724	3.578604	5.268876	6.188995	3.804056	6.199781	2.524753	6.600282	4.834473	4.131987	2.831517	2.933854	16.091794	3.194756	3.848385	3.378041	2.320267	4.340646	6.555940	18.203533	9.242937	5.786459	5.711257	3.313451	3.187804	5.099055	4.482825	8.366568	2.802869	3.343553	3.382332	5.652862	4.964114	6.342146	4.459631	3.767403	2.384418
			6.156098	5.913087	790.254726	2.052698	3.041689	5.574040	6.186346	6.175880	6.143441	5.007596	5.706524	5.444202	4.569299	3.934448	4.165748	3.494274	4.380586	10.154904	12.547681	13.467757	5.445327	5.265971	3.130301	3.577426	5.958586	4.931566	6.344025	3.032933	3.826192	5.748919	6.810142	4.080302	6.822633	2.650471	7.287266	5.251178	4.451317	2.990450	3.104309	18.617208	3.395512	4.130360	3.600839	2.425032	4.688205	7.235749	21.197058	10.386894	6.344778	6.258023	3.528413	3.387737	5.554071	4.849964	9.353045	2.958614	3.562159	3.605654	6.190698	5.399484	6.987619	4.823557	4.038934	2.495649
			7.889648	7.536655	1964.971192	2.264447	3.540522	7.047476	7.933722	7.918468	7.871215	6.239349	7.238154	6.861204	5.622494	4.743451	5.061631	4.145085	5.359337	13.934851	17.722869	19.207072	6.862816	6.606497	3.657978	4.257370	7.602597	6.131798	8.163941	3.528941	4.595400	7.299300	8.849008	4.943801	8.867457	3.027702	9.556916	6.585408	5.457793	3.472816	3.623477	27.750902	4.012194	5.012790	4.289051	2.736764	5.789074	9.480168	32.161203	14.297213	8.165041	8.038275	4.191142	4.001754	7.018788	6.016615	12.691204	3.430829	4.236727	4.295570	7.940065	6.797191	9.111565	5.979398	4.886877	2.827516
		fold down																																																																
			7.889648	7.536655	1964.971192	2.264447	3.540522	7.047476	7.933722	7.918468	7.871215	6.239349	7.238154	6.861204	5.622494	4.743451	5.061631	4.145085	5.359337	13.934851	17.722869	19.207072	6.862816	6.606497	3.657978	4.257370	7.602597	6.131798	8.163941	3.528941	4.595400	7.299300	8.849008	4.943801	8.867457	3.027702	9.556916	6.585408	5.457793	3.472816	3.623477	27.750902	4.012194	5.012790	4.289051	2.736764	5.789074	9.480168	32.161203	14.297213	8.165041	8.038275	4.191142	4.001754	7.018788	6.016615	12.691204	3.430829	4.236727	4.295570	7.940065	6.797191	9.111565	5.979398	4.886877	2.827516
			6.156098	5.913087	790.254726	2.052698	3.041689	5.574040	6.186346	6.175880	6.143441	5.007596	5.706524	5.444202	4.569299	3.934448	4.165748	3.494274	4.380586	10.154904	12.547681	13.467757	5.445327	5.265971	3.130301	3.577426	5.958586	4.931566	6.344025	3.032933	3.826192	5.748919	6.810142	4.080302	6.822633	2.650471	7.287266	5.251178	4.451317	2.990450	3.104309	18.617208	3.395512	4.130360	3.600839	2.425032	4.688205	7.235749	21.197058	10.386894	6.344778	6.258023	3.528413	3.387737	5.554071	4.849964	9.353045	2.958614	3.562159	3.605654	6.190698	5.399484	6.987619	4.823557	4.038934	2.495649
			5.622838	5.411733	566.633653	1.980407	2.877595	5.116473	5.649086	5.640005	5.611854	4.621150	5.231950	5.003168	4.235976	3.674740	3.879707	3.282983	4.069578	9.046680	11.061039	11.830295	5.004150	4.847413	2.957190	3.357168	5.451291	4.554461	5.785807	2.869724	3.578604	5.268876	6.188995	3.804056	6.199781	2.524753	6.600282	4.834473	4.131987	2.831517	2.933854	16.091794	3.194756	3.848385	3.378041	2.320267	4.340646	6.555940	18.203533	9.242937	5.786459	5.711257	3.313451	3.187804	5.099055	4.482825	8.366568	2.802869	3.343553	3.382332	5.652862	4.964114	6.342146	4.459631	3.767403	2.384418
			6.156098	5.913087	790.254726	2.052698	3.041689	5.574040	6.186346	6.175880	6.143441	5.007596	5.706524	5.444202	4.569299	3.934448	4.165748	3.494274	4.380586	10.154904	12.547681	13.467757	5.445327	5.265971	3.130301	3.577426	5.958586	4.931566	6.344025	3.032933	3.826192	5.748919	6.810142	4.080302	6.822633	2.650471	7.287266	5.251178	4.451317	2.990450	3.104309	18.617208	3.395512	4.130360	3.600839	2.425032	4.688205	7.235749	21.197058	10.386894	6.344778	6.258023	3.528413	3.387737	5.554071	4.849964	9.353045	2.958614	3.562159	3.605654	6.190698	5.399484	6.987619	4.823557	4.038934	2.495649
			7.889648	7.536655	1964.971192	2.264447	3.540522	7.047476	7.933722	7.918468	7.871215	6.239349	7.238154	6.861204	5.622494	4.743451	5.061631	4.145085	5.359337	13.934851	17.722869	19.207072	6.862816	6.606497	3.657978	4.257370	7.602597	6.131798	8.163941	3.528941	4.595400	7.299300	8.849008	4.943801	8.867457	3.027702	9.556916	6.585408	5.457793	3.472816	3.623477	27.750902	4.012194	5.012790	4.289051	2.736764	5.789074	9.480168	32.161203	14.297213	8.165041	8.038275	4.191142	4.001754	7.018788	6.016615	12.691204	3.430829	4.236727	4.295570	7.940065	6.797191	9.111565	5.979398	4.886877	2.827516
																																																																		
			AHCY	AKR1C1	ALUsq(Eurogentec)	ARHGEF7	BIRC5	CAMTA1	CAMTA2	CD44	CDCA5	CDH5	CDKN3	CLSTN1	CPSG3	DDC	DPYSL3	ECEL1	ELAVL4	EPB41L3	EPHA5	EPN2	FYN	GNB1	HIVEP2	HMBS	HPRT1	IGSF4	INPP1	MAP2K4	MAP7	MAPT	MCM2	MRPL3	MTSS1	MYCN(4)	NHLH2	NM23A	NRCAM	NTRK1	ODC1	PAICS	PDE4DIP	PIK3R1	PLAGL1	PLAT	PMP22	PRAME	PRDM2	PRKACB_bis	PRKCZ	PTN	PTPRF	PTPRH	PTPRN2	QPCT	SCG2	SDHA(1)	SLC25A5	SLC6A8	SNAPC1	TNFRSF	TYMS	UBC(2)	ULK2	WSB1
		detectable difference	6.676308	6.401245	1064.412065	2.119658	3.196530	6.018325	6.710581	6.698721	6.661970	5.380931	6.167832	5.871957	4.889924	4.182506	4.439696	3.694961	4.679152	11.261834	14.047472	15.125219	5.873224	5.671290	3.293872	3.786862	6.452707	5.295616	6.889357	3.186918	4.062363	6.215707	7.418983	4.344609	7.433198	2.768333	7.962794	5.654648	4.758105	3.140300	3.265306	21.212778	3.585935	4.400304	3.812756	2.522839	5.022930	7.903998	24.292616	11.530731	6.890211	6.791823	3.732680	3.577357	5.995803	5.204112	10.334556	3.105385	3.769981	3.818082	6.715512	5.821582	7.621073	5.174516	4.298606	2.599632
