		AHCY	AKR1C1	ALUsq(Eurogentec)	ARHGEF7	BIRC5	CAMTA1	CAMTA2	CD44	CDCA5	CDH5	CDKN3	CLSTN1	CPSG3	DDC	DPYSL3	ECEL1	ELAVL4	EPB41L3	EPHA5	EPN2	FYN	GNB1	HIVEP2	HMBS	HPRT1	IGSF4	INPP1	MAP2K4	MAP7	MAPT	MCM2	MRPL3	MTSS1	MYCN(4)	NHLH2	NM23A	NRCAM	NTRK1	ODC1	PAICS	PDE4DIP	PIK3R1	PLAGL1	PLAT	PMP22	PRAME	PRDM2	PRKACB	PRKCZ	PTN	PTPRF	PTPRH	PTPRN2	QPCT	SCG2	SDHA(1)	SLC25A5	SLC6A8	SNAPC1	TNFRSF	TYMS	UBC(2)	ULK2	WSB1
	15	1.050e-09	3.038e-09	4.268e-08	1.937e-09	2.603e-09	5.639e-10	1.111e-09	4.507e-09	7.020e-10	2.188e-09	9.551e-10	2.194e-09	1.404e-09	3.368e-09	4.891e-09	2.551e-09	1.414e-09	1.102e-09	1.704e-09	1.906e-09	1.454e-09	6.903e-10	1.468e-09	3.361e-09	9.776e-10	2.009e-09	2.660e-09	8.563e-10	2.352e-09	1.553e-09	2.307e-09	3.008e-09	7.261e-10	2.341e-09	5.638e-10	3.879e-09	1.327e-09	1.606e-09	1.178e-09	1.233e-09	4.849e-09	2.526e-09	2.751e-09	1.601e-09	4.726e-10	3.317e-09	2.348e-09	4.823e-09	1.346e-09	1.626e-09	1.555e-09	1.121e-09	6.902e-10	1.326e-09	3.260e-09	3.144e-09	1.810e-09	1.516e-09	1.024e-09	2.574e-09	1.402e-09	2.773e-09	1.768e-09	3.572e-09
	15	1.711e-09	2.698e-09	7.165e-08	2.162e-09	1.622e-09	1.227e-09	1.666e-09	1.814e-09	6.508e-10	1.003e-09	6.113e-10	3.384e-09	1.108e-09	2.547e-09	4.029e-09	1.911e-09	1.472e-09	1.106e-09	2.348e-09	7.800e-10	2.436e-09	1.473e-09	2.612e-09	1.990e-09	1.290e-09	1.351e-09	1.019e-09	1.501e-09	1.337e-09	8.489e-10	2.394e-09	1.423e-09	8.132e-10	2.882e-09	8.494e-10	3.107e-09	9.655e-10	7.767e-10	1.809e-09	9.651e-10	2.342e-09	1.188e-09	1.102e-09	2.121e-09	9.816e-10	2.399e-09	1.686e-09	2.717e-09	1.007e-09	8.488e-10	2.663e-09	1.162e-09	1.143e-09	1.853e-09	2.462e-09	1.518e-09	3.172e-09	1.955e-09	1.073e-09	1.133e-09	5.760e-10	2.222e-09	1.521e-09	4.314e-09
	15	2.080e-09	2.800e-09	9.779e-08	2.381e-09	1.981e-09	1.446e-09	7.815e-10	3.911e-09	1.195e-09	2.090e-09	2.209e-09	2.103e-09	1.665e-09	1.716e-09	2.219e-09	1.843e-09	1.255e-09	3.189e-09	4.009e-10	8.141e-10	1.290e-09	1.066e-09	9.011e-10	2.456e-09	1.026e-09	2.143e-09	2.079e-09	1.557e-09	8.832e-10	1.626e-09	8.878e-10	1.834e-09	4.947e-10	2.250e-09	8.266e-10	2.137e-09	1.847e-09	1.329e-09	1.503e-09	1.833e-09	1.240e-09	1.198e-09	1.107e-09	1.322e-09	9.096e-10	1.489e-09	2.235e-10	4.833e-09	9.962e-10	9.694e-10	2.861e-09	2.003e-09	9.717e-10	1.398e-09	2.193e-09	3.200e-09	2.676e-09	1.522e-09	1.605e-09	2.151e-09	1.230e-09	1.193e-09	1.927e-09	1.957e-09
	150	8.542e-09	2.376e-08	1.443e-06	1.240e-08	8.766e-09	6.665e-09	1.013e-08	2.419e-08	9.631e-09	2.030e-08	6.729e-09	2.058e-08	1.276e-08	1.513e-08	2.540e-08	1.472e-08	2.454e-08	1.516e-08	1.125e-08	6.912e-09	1.634e-08	9.269e-09	1.256e-08	1.640e-08	1.098e-08	1.153e-08	1.335e-08	1.520e-08	8.326e-09	1.247e-08	4.843e-09	1.635e-08	6.853e-09	1.789e-08	5.805e-09	1.570e-08	1.299e-08	2.013e-08	1.039e-08	6.951e-09	1.229e-08	1.260e-08	1.435e-08	1.146e-08	1.040e-08	1.086e-08	6.916e-09	2.715e-08	1.092e-08	1.435e-08	2.331e-08	1.717e-08	1.061e-08	1.492e-08	9.567e-09	1.275e-08	1.012e-08	1.082e-08	1.414e-08	1.142e-08	6.008e-09	2.320e-08	1.896e-08	2.928e-08
	150	1.274e-08	1.640e-08	1.317e-07	1.115e-08	1.518e-08	1.110e-08	1.011e-08	1.497e-08	1.305e-08	3.067e-08	9.803e-09	1.399e-08	1.366e-08	1.613e-08	1.439e-08	1.575e-08	1.485e-08	1.279e-08	1.012e-08	8.004e-09	1.232e-08	1.216e-08	1.592e-08	1.974e-08	6.441e-09	1.200e-08	1.160e-08	1.297e-08	1.291e-08	1.181e-08	7.590e-09	2.021e-08	5.212e-09	2.234e-08	6.167e-09	1.549e-08	1.657e-08	1.819e-08	1.571e-08	5.555e-09	1.377e-08	2.288e-08	1.666e-08	7.474e-09	1.485e-08	1.270e-08	7.401e-09	2.443e-08	7.274e-09	1.101e-08	1.687e-08	2.109e-08	1.187e-08	9.195e-09	1.100e-08	1.595e-08	1.492e-08	8.453e-09	1.635e-08	1.134e-08	7.498e-09	1.338e-08	1.738e-08	2.816e-08
	150	1.094e-08	1.664e-08	1.026e-07	1.031e-08	3.018e-08	9.052e-09	7.270e-09	1.860e-08	9.338e-09	2.148e-08	8.394e-09	1.589e-08	1.059e-08	1.324e-08	1.196e-08	1.206e-08	1.839e-08	9.653e-09	1.326e-08	8.458e-09	1.227e-08	7.166e-09	1.284e-08	2.559e-08	6.282e-09	1.056e-08	1.008e-08	1.165e-08	1.015e-08	1.079e-08	9.471e-09	1.252e-08	4.327e-09	1.926e-08	3.835e-09	1.280e-08	1.599e-08	1.257e-08	1.166e-08	5.464e-09	1.239e-08	1.071e-08	1.304e-08	1.233e-08	9.676e-09	9.392e-09	3.246e-09	1.929e-08	4.882e-09	1.246e-08	1.806e-08	1.590e-08	7.434e-09	1.046e-08	1.303e-08	1.422e-08	1.533e-08	1.020e-08	1.745e-08	1.309e-08	5.441e-09	2.702e-08	1.737e-08	1.889e-08
	1500	1.193e-07	1.266e-07	1.303e-07	1.227e-07	1.133e-07	5.812e-08	1.186e-07	3.508e-07	4.464e-08	1.329e-07	8.914e-08	1.435e-07	2.021e-07	1.347e-07	7.623e-08	1.446e-07	1.339e-07	1.113e-07	5.195e-08	7.317e-08	1.112e-07	9.165e-08	8.110e-08	3.279e-07	1.083e-07	1.450e-07	8.874e-08	1.536e-07	9.349e-08	8.730e-08	7.269e-08	9.664e-08	5.039e-08	2.129e-07	4.785e-08	7.682e-08	1.458e-07	1.601e-07	1.131e-07	5.484e-08	1.138e-07	8.756e-08	1.333e-07	8.277e-08	7.660e-08	2.019e-07	6.131e-08	1.780e-07	6.402e-08	1.191e-07	7.655e-08	1.404e-07	1.126e-07	7.642e-08	9.277e-08	2.137e-07	1.397e-07	1.053e-07	1.266e-07	9.136e-08	5.934e-08	2.298e-07	1.579e-07	1.239e-07
	1500	8.342e-08	1.446e-07	8.181e-08	1.344e-07	7.526e-08	6.563e-08	8.138e-08	1.848e-07	5.243e-08	1.584e-07	8.084e-08	1.415e-07	1.340e-07	8.715e-08	9.041e-08	1.292e-07	1.390e-07	7.411e-08	9.271e-08	7.261e-08	1.302e-07	9.186e-08	1.315e-07	3.033e-07	8.661e-08	1.117e-07	8.414e-08	8.190e-08	1.030e-07	8.086e-08	9.018e-08	1.415e-07	5.780e-08	1.318e-07	4.466e-08	9.688e-08	9.588e-08	1.156e-07	9.473e-08	8.303e-08	1.153e-07	9.544e-08	1.157e-07	6.545e-08	9.085e-08	1.479e-07	7.187e-08	1.226e-07	1.012e-07	8.443e-08	9.184e-08	1.269e-07	5.440e-08	6.487e-08	1.001e-07	1.839e-07	1.089e-07	9.264e-08	1.383e-07	9.027e-08	6.297e-08	1.501e-07	1.289e-07	1.357e-07
	1500	9.427e-08	1.199e-07	4.403e-07	1.967e-07	1.138e-07	8.365e-08	1.348e-07	1.699e-07	5.068e-08	1.814e-07	9.803e-08	1.864e-07	1.419e-07	1.468e-07	1.872e-07	1.417e-07	1.439e-07	7.367e-08	1.130e-07	9.219e-08	1.537e-07	1.053e-07	9.526e-08	2.068e-07	8.565e-08	1.216e-07	1.105e-07	1.747e-07	1.132e-07	6.748e-08	9.392e-08	1.072e-07	5.863e-08	2.087e-07	4.758e-08	1.130e-07	1.076e-07	1.300e-07	1.505e-07	6.696e-08	7.714e-08	1.177e-07	1.288e-07	1.237e-07	1.084e-07	1.777e-07	5.276e-08	1.438e-07	1.185e-07	8.694e-08	9.149e-08	1.363e-07	1.320e-07	1.106e-07	1.335e-07	1.583e-07	1.340e-07	1.005e-07	1.079e-07	9.962e-08	6.480e-08	1.967e-07	1.377e-07	1.505e-07
	15000	7.565e-07	8.490e-07	5.114e-07	5.207e-07	7.294e-07	7.433e-07	6.853e-07	1.046e-06	6.723e-07	1.056e-06	8.782e-07	1.184e-06	7.045e-07	1.000e-06	1.079e-06	1.077e-06	7.151e-07	7.020e-07	4.734e-07	5.675e-07	6.070e-07	7.846e-07	5.550e-07	1.006e-06	9.083e-07	9.770e-07	5.896e-07	9.268e-07	4.919e-07	6.798e-07	7.469e-07	8.203e-07	6.901e-07	8.753e-07	3.602e-07	7.425e-07	9.405e-07	8.207e-07	4.543e-07	3.484e-07	7.403e-07	1.909e-06	1.414e-06	3.621e-07	6.461e-07	7.806e-07	3.764e-07	1.037e-06	7.180e-07	7.893e-07	9.196e-07	7.079e-07	5.637e-07	8.969e-07	1.074e-06	1.334e-06	1.073e-06	1.072e-06	6.274e-07	9.744e-07	5.565e-07	9.446e-07	1.065e-06	1.096e-06
	15000	7.253e-07	1.248e-06	2.413e-07	8.023e-07	1.093e-06	7.309e-07	6.368e-07	8.903e-07	6.842e-07	1.211e-06	8.649e-07	1.006e-06	9.576e-07	9.382e-07	9.890e-07	1.362e-06	1.076e-06	7.453e-07	4.838e-07	3.376e-07	7.881e-07	7.188e-07	1.511e-06	1.171e-06	7.812e-07	1.381e-06	4.887e-07	7.873e-07	1.045e-06	8.637e-07	6.004e-07	8.499e-07	4.843e-07	9.097e-07	3.035e-07	1.131e-06	5.345e-07	1.392e-06	1.130e-06	6.003e-07	1.208e-06	9.678e-07	8.599e-07	1.004e-06	6.469e-07	1.205e-06	5.943e-07	1.576e-06	8.166e-07	8.292e-07	1.179e-06	1.042e-06	4.835e-07	9.149e-07	6.590e-07	1.504e-06	8.243e-07	1.099e-06	3.492e-07	8.301e-07	4.778e-07	1.338e-06	6.413e-07	9.049e-07
	15000	9.922e-07	9.006e-07	2.578e-07	1.088e-06	7.238e-07	6.227e-07	5.308e-07	7.869e-07	7.200e-07	1.496e-06	7.199e-07	9.487e-07	9.211e-07	1.033e-06	1.193e-06	7.546e-07	1.381e-06	8.259e-07	5.275e-07	4.052e-07	9.418e-07	6.006e-07	7.715e-07	9.760e-07	5.679e-07	1.080e-06	8.489e-07	1.023e-06	6.041e-07	9.121e-07	5.632e-07	7.528e-07	7.201e-07	1.231e-06	3.788e-07	1.136e-06	1.092e-06	1.059e-06	1.115e-06	7.751e-07	7.818e-07	1.039e-06	1.130e-06	5.333e-07	8.070e-07	1.277e-06	4.889e-07	1.883e-06	9.362e-07	1.200e-06	8.409e-07	1.007e-06	5.801e-07	1.168e-06	8.010e-07	1.290e-06	1.210e-06	1.052e-06	8.009e-07	1.061e-06	8.087e-07	8.998e-07	8.366e-07	9.971e-07
	150000	6.619e-06	6.199e-06	3.216e-06	8.244e-06	7.847e-06	6.228e-06	7.997e-06	6.350e-06	5.673e-06	9.173e-06	5.569e-06	8.820e-06	6.249e-06	8.716e-06	9.833e-06	8.739e-06	7.348e-06	7.821e-06	4.305e-06	4.594e-06	9.469e-06	4.713e-06	4.401e-06	1.185e-05	4.829e-06	9.730e-06	4.449e-06	8.919e-06	5.416e-06	5.424e-06	5.952e-06	8.485e-06	1.802e-06	9.571e-06	2.373e-06	7.257e-06	7.091e-06	8.345e-06	7.907e-06	6.480e-06	7.551e-06	7.014e-06	7.830e-06	4.716e-06	5.311e-06	8.038e-06	4.556e-06	1.432e-05	4.674e-06	7.536e-06	5.602e-06	1.006e-05	5.359e-06	7.545e-06	6.826e-06	7.062e-06	8.405e-06	5.748e-06	6.998e-06	5.689e-06	3.930e-06	1.087e-05	1.018e-05	8.703e-06
	150000	8.038e-06	7.346e-06	2.881e-06	8.130e-06	9.106e-06	5.850e-06	7.337e-06	1.160e-05	7.217e-06	1.165e-05	7.208e-06	9.579e-06	9.997e-06	9.797e-06	7.976e-06	9.654e-06	8.691e-06	6.529e-06	7.564e-06	5.447e-06	9.074e-06	4.782e-06	8.705e-06	1.721e-05	6.159e-06	8.751e-06	5.507e-06	9.677e-06	6.592e-06	7.106e-06	8.077e-06	1.042e-05	4.076e-06	1.349e-05	2.309e-06	8.666e-06	8.967e-06	9.323e-06	7.031e-06	6.789e-06	8.632e-06	1.299e-05	8.027e-06	4.898e-06	8.420e-06	1.187e-05	5.026e-06	1.210e-05	5.717e-06	1.131e-05	1.095e-05	9.281e-06	7.325e-06	5.634e-06	1.001e-05	1.428e-05	9.903e-06	1.129e-05	4.233e-06	1.070e-05	4.294e-06	1.234e-05	1.243e-05	1.004e-05
	150000	6.740e-06	8.144e-06	2.999e-06	7.794e-06	1.029e-05	8.473e-06	9.714e-06	1.370e-05	6.188e-06	1.198e-05	7.944e-06	1.072e-05	5.901e-06	9.745e-06	7.366e-06	1.016e-05	8.908e-06	8.170e-06	4.943e-06	4.058e-06	7.718e-06	5.158e-06	7.692e-06	8.571e-06	5.325e-06	7.991e-06	4.850e-06	7.723e-06	5.612e-06	6.747e-06	7.763e-06	9.908e-06	4.162e-06	1.410e-05	2.718e-06	8.843e-06	8.211e-06	8.870e-06	7.248e-06	4.897e-06	8.470e-06	7.077e-06	9.009e-06	7.018e-06	9.221e-06	8.004e-06	5.367e-06	1.233e-05	6.056e-06	8.686e-06	1.056e-05	8.657e-06	7.282e-06	5.918e-06	9.656e-06	7.846e-06	6.947e-06	1.050e-05	8.119e-06	8.594e-06	3.798e-06	1.149e-05	9.136e-06	1.310e-05
																																																																	
																																																																	
	mean(max)	mean(max)	mean(max)	mean(max)	mean(max)	mean(max)	mean(max)	mean(max)	mean(max)	mean(max)	mean(max)	mean(max)	mean(max)	mean(max)	mean(max)	mean(max)	mean(max)	mean(max)	mean(max)	mean(max)	mean(max)	mean(max)	mean(max)	mean(max)	mean(max)	mean(max)	mean(max)	mean(max)	mean(max)	mean(max)	mean(max)	mean(max)	mean(max)	mean(max)	mean(max)	mean(max)	mean(max)	mean(max)	mean(max)	mean(max)	mean(max)	mean(max)	mean(max)	mean(max)	mean(max)	mean(max)	mean(max)	mean(max)	mean(max)	mean(max)	mean(max)	mean(max)	mean(max)	mean(max)	mean(max)	mean(max)	mean(max)	mean(max)	mean(max)	mean(max)	mean(max)	mean(max)	mean(max)	mean(max)	mean(max)
	150000	7.132e-06	7.230e-06	3.032e-06	8.056e-06	9.081e-06	6.850e-06	8.349e-06	1.055e-05	6.359e-06	1.093e-05	6.907e-06	9.706e-06	7.382e-06	9.419e-06	8.392e-06	9.518e-06	8.316e-06	7.507e-06	5.604e-06	4.700e-06	8.754e-06	4.884e-06	6.933e-06	1.254e-05	5.438e-06	8.824e-06	4.935e-06	8.773e-06	5.873e-06	6.426e-06	7.264e-06	9.604e-06	3.347e-06	1.239e-05	2.467e-06	8.255e-06	8.090e-06	8.846e-06	7.395e-06	6.055e-06	8.218e-06	9.027e-06	8.289e-06	5.544e-06	7.651e-06	9.304e-06	4.983e-06	1.292e-05	5.482e-06	9.177e-06	9.037e-06	9.333e-06	6.655e-06	6.366e-06	8.831e-06	9.729e-06	8.418e-06	9.179e-06	6.450e-06	8.328e-06	4.007e-06	1.157e-05	1.058e-05	1.061e-05
																																																																	
																																																																	
	0.0001	0.000147	0.000420	0.014077	0.000240	0.000287	0.000082	0.000133	0.000427	0.000110	0.000200	0.000138	0.000226	0.000190	0.000358	0.000583	0.000268	0.000170	0.000147	0.000304	0.000406	0.000166	0.000141	0.000212	0.000268	0.000180	0.000228	0.000539	0.000098	0.000400	0.000242	0.000318	0.000313	0.000217	0.000189	0.000229	0.000470	0.000164	0.000182	0.000159	0.000204	0.000590	0.000280	0.000332	0.000289	0.000062	0.000357	0.000471	0.000373	0.000246	0.000177	0.000172	0.000120	0.000104	0.000208	0.000369	0.000323	0.000215	0.000165	0.000159	0.000309	0.000350	0.000240	0.000167	0.000337
	0.0001	0.000240	0.000373	0.023631	0.000268	0.000179	0.000179	0.000200	0.000172	0.000102	0.000092	0.000089	0.000349	0.000150	0.000270	0.000480	0.000201	0.000177	0.000147	0.000419	0.000166	0.000278	0.000302	0.000377	0.000159	0.000237	0.000153	0.000206	0.000171	0.000228	0.000132	0.000330	0.000148	0.000243	0.000233	0.000344	0.000376	0.000119	0.000088	0.000245	0.000159	0.000285	0.000132	0.000133	0.000383	0.000128	0.000258	0.000338	0.000210	0.000184	0.000092	0.000295	0.000125	0.000172	0.000291	0.000279	0.000156	0.000377	0.000213	0.000166	0.000136	0.000144	0.000192	0.000144	0.000406
	0.0001	0.000292	0.000387	0.032253	0.000296	0.000218	0.000211	0.000094	0.000371	0.000188	0.000191	0.000320	0.000217	0.000226	0.000182	0.000264	0.000194	0.000151	0.000425	0.000072	0.000173	0.000147	0.000218	0.000130	0.000196	0.000189	0.000243	0.000421	0.000177	0.000150	0.000253	0.000122	0.000191	0.000148	0.000182	0.000335	0.000259	0.000228	0.000150	0.000203	0.000303	0.000151	0.000133	0.000134	0.000238	0.000119	0.000160	0.000045	0.000374	0.000182	0.000106	0.000317	0.000215	0.000146	0.000220	0.000248	0.000329	0.000318	0.000166	0.000249	0.000258	0.000307	0.000103	0.000182	0.000184
	0.001	0.001198	0.003286	0.475923	0.001539	0.000965	0.000973	0.001213	0.002293	0.001514	0.001857	0.000974	0.002120	0.001728	0.001606	0.003027	0.001547	0.002951	0.002020	0.002007	0.001471	0.001867	0.001898	0.001812	0.001307	0.002019	0.001307	0.002705	0.001733	0.001418	0.001941	0.000667	0.001702	0.002048	0.001444	0.002353	0.001902	0.001606	0.002276	0.001405	0.001148	0.001496	0.001396	0.001731	0.002067	0.001359	0.001167	0.001388	0.002102	0.001992	0.001564	0.002579	0.001840	0.001594	0.002344	0.001083	0.001310	0.001202	0.001179	0.002192	0.001371	0.001499	0.002006	0.001792	0.002759
	0.001	0.001786	0.002268	0.043437	0.001384	0.001672	0.001620	0.001211	0.001419	0.002052	0.002805	0.001419	0.001441	0.001850	0.001712	0.001715	0.001655	0.001786	0.001704	0.001806	0.001703	0.001407	0.002490	0.002296	0.001574	0.001185	0.001360	0.002350	0.001478	0.002198	0.001838	0.001045	0.002104	0.001557	0.001804	0.002500	0.001876	0.002048	0.002056	0.002124	0.000917	0.001676	0.002535	0.002010	0.001348	0.001941	0.001365	0.001485	0.001891	0.001327	0.001200	0.001867	0.002260	0.001784	0.001444	0.001246	0.001639	0.001772	0.000921	0.002535	0.001362	0.001871	0.001157	0.001642	0.002653
	0.001	0.001534	0.002302	0.033839	0.001280	0.003323	0.001321	0.000871	0.001763	0.001468	0.001964	0.001215	0.001637	0.001435	0.001406	0.001425	0.001267	0.002211	0.001286	0.002366	0.001800	0.001402	0.001467	0.001852	0.002040	0.001155	0.001197	0.002042	0.001328	0.001728	0.001679	0.001304	0.001304	0.001293	0.001555	0.001555	0.001551	0.001977	0.001421	0.001577	0.000902	0.001508	0.001186	0.001573	0.002224	0.001265	0.001009	0.000651	0.001493	0.000890	0.001358	0.001998	0.001704	0.001117	0.001643	0.001476	0.001462	0.001821	0.001111	0.002705	0.001572	0.001358	0.002336	0.001641	0.001780
	0.01	0.016727	0.017511	0.042975	0.015231	0.012477	0.008484	0.014205	0.033251	0.007020	0.012154	0.012906	0.014784	0.027376	0.014300	0.009084	0.015193	0.016102	0.014827	0.009270	0.015569	0.012703	0.018764	0.011698	0.026141	0.019917	0.016432	0.017981	0.017508	0.015918	0.013586	0.010007	0.010062	0.015057	0.017187	0.019399	0.009305	0.018023	0.018099	0.015293	0.009056	0.013848	0.009700	0.016082	0.014930	0.010012	0.021700	0.012304	0.013781	0.011678	0.012978	0.008470	0.015044	0.016919	0.012005	0.010505	0.021965	0.016595	0.011471	0.019628	0.010971	0.014808	0.019867	0.014922	0.011673
	0.01	0.011696	0.020001	0.026982	0.016683	0.008288	0.009581	0.009747	0.017517	0.008245	0.014486	0.011704	0.014578	0.018151	0.009252	0.010774	0.013575	0.016715	0.009873	0.016544	0.015450	0.014874	0.018807	0.018968	0.024180	0.015928	0.012659	0.017048	0.009335	0.017537	0.012584	0.012415	0.014733	0.017271	0.010640	0.018105	0.011735	0.011852	0.013068	0.012809	0.013712	0.014031	0.010573	0.013959	0.011806	0.011875	0.015896	0.014423	0.009492	0.018459	0.009200	0.010162	0.013597	0.008174	0.010191	0.011335	0.018902	0.012936	0.010092	0.021442	0.010840	0.015714	0.012977	0.012181	0.012785
	0.01	0.013217	0.016584	0.145218	0.024417	0.012532	0.012211	0.016145	0.016104	0.007969	0.016590	0.014193	0.019204	0.019222	0.015585	0.022308	0.014888	0.017305	0.009814	0.020164	0.019616	0.017558	0.021559	0.013741	0.016486	0.015751	0.013781	0.022390	0.019913	0.019274	0.010502	0.012930	0.011162	0.017519	0.016848	0.019289	0.013688	0.013301	0.014696	0.020351	0.011058	0.009387	0.013039	0.015539	0.022312	0.014169	0.019099	0.010588	0.011133	0.021615	0.009473	0.010124	0.014605	0.019834	0.017374	0.015118	0.016270	0.015918	0.010949	0.016729	0.011963	0.016170	0.017006	0.013013	0.014179
	0.1	0.106066	0.117433	0.168668	0.064635	0.080322	0.108506	0.082078	0.099147	0.105719	0.096577	0.127146	0.121982	0.095431	0.106165	0.128580	0.113158	0.085994	0.093517	0.084475	0.120753	0.069342	0.160636	0.080056	0.080200	0.167039	0.110721	0.119465	0.105642	0.083751	0.105794	0.102822	0.085409	0.206205	0.070663	0.146027	0.089942	0.116259	0.092776	0.061431	0.057536	0.090086	0.211477	0.170594	0.065314	0.084450	0.083899	0.075537	0.080284	0.130966	0.086005	0.101756	0.075852	0.084699	0.140896	0.121622	0.137111	0.127460	0.116784	0.097271	0.117008	0.138870	0.081666	0.100643	0.103257
	0.1	0.101692	0.172622	0.079584	0.099590	0.120361	0.106696	0.076270	0.084389	0.107590	0.110752	0.125221	0.103644	0.129715	0.099604	0.117855	0.143102	0.129394	0.099285	0.086331	0.071835	0.090031	0.147164	0.217954	0.093354	0.143665	0.156505	0.099021	0.089741	0.177923	0.134414	0.082654	0.088491	0.144711	0.073440	0.123041	0.137002	0.066072	0.157359	0.152799	0.099136	0.147000	0.107212	0.103744	0.181097	0.084555	0.129514	0.119266	0.122013	0.148951	0.090353	0.130459	0.111651	0.072649	0.143724	0.074626	0.154584	0.097917	0.119725	0.054140	0.099680	0.119231	0.115677	0.060603	0.085253
	0.1	0.139113	0.124570	0.085026	0.135055	0.079705	0.090901	0.063574	0.074588	0.113219	0.136817	0.104228	0.097740	0.124771	0.109668	0.142165	0.079284	0.166072	0.110022	0.094129	0.086219	0.107589	0.122965	0.111285	0.077808	0.104438	0.122393	0.172005	0.116608	0.102855	0.141946	0.077533	0.078381	0.215169	0.099378	0.153568	0.137608	0.134987	0.119715	0.150771	0.128003	0.095136	0.115099	0.136331	0.096194	0.105481	0.137253	0.098114	0.145781	0.170767	0.130757	0.093047	0.107901	0.087163	0.183484	0.090707	0.132589	0.143734	0.114605	0.124171	0.127407	0.201805	0.077793	0.079059	0.093939
	1.0	0.928027	0.857439	1.060686	1.023337	0.864112	0.909153	0.957801	0.601896	0.892075	0.838917	0.806283	0.908685	0.846480	0.925331	1.171758	0.918187	0.883633	1.041874	0.768201	0.977516	1.081718	0.964922	0.634821	0.944700	0.888065	1.102675	0.901459	1.016642	0.922134	0.844115	0.819383	0.883455	0.538446	0.772665	0.962027	0.879068	0.876550	0.943364	1.069188	1.070131	0.918874	0.777002	0.944663	0.850649	0.694188	0.863929	0.914309	1.108645	0.852557	0.821154	0.619873	1.077934	0.805219	1.185265	0.772988	0.725846	0.998416	0.626189	1.084961	0.683145	0.980702	0.939769	0.962011	0.819929
	1.0	1.126980	1.016091	0.950198	1.009186	1.002753	0.853973	0.878753	1.099526	1.134867	1.065451	1.043579	0.986881	1.354179	1.040095	0.950467	1.014324	1.045136	0.869760	1.349750	1.159018	1.036594	0.979049	1.255650	1.372007	1.132655	0.991727	1.115831	1.103043	1.122361	1.105877	1.111922	1.084927	1.217928	1.089045	0.936081	1.049746	1.108451	1.053923	0.950735	1.121160	1.050420	1.439016	0.968431	0.883478	1.100558	1.275795	1.008629	0.936774	1.042804	1.232384	1.211641	0.994464	1.100621	0.885060	1.133550	1.467726	1.176361	1.229937	0.656279	1.284874	1.071536	1.066859	1.174636	0.945891
	1.0	0.944992	1.126470	0.989116	0.967478	1.133135	1.236874	1.163446	1.298578	0.973058	1.095631	1.150138	1.104434	0.799341	1.034574	0.877776	1.067489	1.071231	1.088366	0.882049	0.863465	0.881688	1.056029	1.109530	0.683293	0.979280	0.905598	0.982710	0.880315	0.955505	1.050008	1.068695	1.031618	1.243625	1.138290	1.101892	1.071186	1.014999	1.002713	0.980078	0.808709	1.030706	0.783981	1.086906	1.265873	1.205254	0.860275	1.077062	0.954581	1.104639	0.946462	1.168486	0.927602	1.094160	0.929675	1.093462	0.806427	0.825223	1.143874	1.258760	1.031982	0.947762	0.993372	0.863353	1.234180
																																																																	
scaled(min)	0.0001	0.000226	0.000394	0.023320	0.000268	0.000228	0.000158	0.000142	0.000323	0.000134	0.000161	0.000182	0.000264	0.000189	0.000270	0.000442	0.000221	0.000166	0.000240	0.000265	0.000248	0.000197	0.000220	0.000239	0.000207	0.000202	0.000208	0.000389	0.000149	0.000259	0.000209	0.000256	0.000217	0.000203	0.000201	0.000303	0.000368	0.000171	0.000140	0.000202	0.000222	0.000342	0.000181	0.000199	0.000303	0.000103	0.000258	0.000285	0.000319	0.000204	0.000125	0.000261	0.000153	0.000140	0.000240	0.000299	0.000269	0.000303	0.000181	0.000191	0.000234	0.000267	0.000178	0.000164	0.000309
scaled(max)	1.0	1.000000	1.000000	1.000000	1.000000	1.000000	1.000000	1.000000	1.000000	1.000000	1.000000	1.000000	1.000000	1.000000	1.000000	1.000000	1.000000	1.000000	1.000000	1.000000	1.000000	1.000000	1.000000	1.000000	1.000000	1.000000	1.000000	1.000000	1.000000	1.000000	1.000000	1.000000	1.000000	1.000000	1.000000	1.000000	1.000000	1.000000	1.000000	1.000000	1.000000	1.000000	1.000000	1.000000	1.000000	1.000000	1.000000	1.000000	1.000000	1.000000	1.000000	1.000000	1.000000	1.000000	1.000000	1.000000	1.000000	1.000000	1.000000	1.000000	1.000000	1.000000	1.000000	1.000000	1.000000
ratio	Bias as ratio mean	4419.95	2540.89	42.88	3729.63	4389.78	6348.98	7038.92	3093.24	7488.03	6211.51	5488.43	3791.04	5302.13	3703.05	2260.08	4528.63	6024.39	4172.69	3775.52	4028.17	5069.69	4537.52	4175.38	4820.16	4952.94	4810.47	2571.38	6723.81	3853.72	4785.87	3899.23	4599.04	4936.09	4972.70	3303.87	2714.68	5862.79	7149.82	4941.20	4506.46	2924.09	5513.23	5013.31	3297.38	9709.79	3873.98	3511.22	3131.82	4910.72	7993.73	3829.92	6532.43	7118.26	4172.38	3347.06	3712.54	3297.86	5515.32	5226.90	4264.77	3747.51	5607.63	6086.27	3235.09
																																																																	
	take log																																																																
	-4.0	-3.832042	-3.376531	-1.851505	-3.618990	-3.542660	-4.084510	-3.875938	-3.369365	-3.957074	-3.698745	-3.859241	-3.645819	-3.720827	-3.446648	-3.234451	-3.571820	-3.769448	-3.833266	-3.517029	-3.391944	-3.779626	-3.849767	-3.674174	-3.571956	-3.745251	-3.642686	-3.268435	-4.010522	-3.397447	-3.616747	-3.498128	-3.504189	-3.663616	-3.723565	-3.640985	-3.328015	-3.785060	-3.741001	-3.797812	-3.691175	-3.229096	-3.553110	-3.478994	-3.539432	-4.209206	-3.447924	-3.326793	-3.427833	-3.609920	-3.751596	-3.764310	-3.920400	-3.984195	-3.681300	-3.432776	-3.490601	-3.667548	-3.782112	-3.799260	-3.509915	-3.456107	-3.620258	-3.777085	-3.472981
	-4.0	-3.619982	-3.428076	-1.626513	-3.571264	-3.748083	-3.746867	-3.699977	-3.764615	-3.989964	-4.037491	-4.053035	-3.457625	-3.823654	-3.567991	-3.318651	-3.697270	-3.751989	-3.831692	-3.377800	-3.779972	-3.555513	-3.520603	-3.423927	-3.799571	-3.624823	-3.815010	-3.685142	-3.766767	-3.642753	-3.879062	-3.482052	-3.829262	-3.614415	-3.633272	-3.462998	-3.424393	-3.923178	-4.056494	-3.611519	-3.797566	-3.545162	-3.880727	-3.876303	-3.417283	-3.891765	-3.588639	-3.470633	-3.677061	-3.735936	-4.033911	-3.530669	-3.904800	-3.765124	-3.535968	-3.554705	-3.806811	-3.423893	-3.671664	-3.778960	-3.866293	-3.842433	-3.716464	-3.842439	-3.391013
	-4.0	-3.535168	-3.411960	-1.491435	-3.529360	-3.661249	-3.675543	-4.028723	-3.430965	-3.726044	-3.718646	-3.495094	-3.664216	-3.646779	-3.739503	-3.577691	-3.713005	-3.821253	-3.371793	-4.145462	-3.761389	-3.831600	-3.661048	-3.886127	-3.708196	-3.724265	-3.614643	-3.375462	-3.750860	-3.822826	-3.596798	-3.912861	-3.719068	-3.830271	-3.740784	-3.474815	-3.586930	-3.641464	-3.823222	-3.691999	-3.518976	-3.821327	-3.877087	-3.874337	-3.622592	-3.924849	-3.795775	-4.348213	-3.426934	-3.740619	-3.976213	-3.499522	-3.668325	-3.835638	-3.658337	-3.604955	-3.482933	-3.497740	-3.780396	-3.604085	-3.587883	-3.512950	-3.986568	-3.739686	-3.734302
	-3.0	-2.921672	-2.483272	-0.322463	-2.812698	-3.015332	-3.011912	-2.916042	-2.639617	-2.819740	-2.731296	-3.011339	-2.673610	-2.762343	-2.794181	-2.519015	-2.810623	-2.530023	-2.694748	-2.697346	-2.832463	-2.728938	-2.721772	-2.741911	-2.883581	-2.694810	-2.883836	-2.567835	-2.761305	-2.848448	-2.712052	-3.176061	-2.768949	-2.688732	-2.840356	-2.628308	-2.720835	-2.794321	-2.642903	-2.852342	-2.940091	-2.825197	-2.855173	-2.761633	-2.684639	-2.866666	-2.932840	-2.857636	-2.677381	-2.700743	-2.805865	-2.588498	-2.735235	-2.797454	-2.630075	-2.965218	-2.882573	-2.920046	-2.928584	-2.659110	-2.862857	-2.824126	-2.697720	-2.746729	-2.559322
	-3.0	-2.748062	-2.644274	-1.362143	-2.858845	-2.776862	-2.790389	-2.916901	-2.848031	-2.687801	-2.552079	-2.847930	-2.841237	-2.732743	-2.766386	-2.765787	-2.781250	-2.748171	-2.768577	-2.743318	-2.768760	-2.851579	-2.603872	-2.638957	-2.803077	-2.926459	-2.866484	-2.628859	-2.830208	-2.657958	-2.735668	-2.980934	-2.676901	-2.807608	-2.743883	-2.602037	-2.726683	-2.688608	-2.686914	-2.672782	-3.037454	-2.775815	-2.596087	-2.696810	-2.870270	-2.711973	-2.864866	-2.828200	-2.723227	-2.877192	-2.920929	-2.728925	-2.645929	-2.748719	-2.840292	-2.904601	-2.785322	-2.751457	-3.035800	-2.596042	-2.865910	-2.727910	-2.936752	-2.784518	-2.576260
	-3.0	-2.814214	-2.637965	-1.470582	-2.892861	-2.478414	-2.878967	-3.060117	-2.753740	-2.833158	-2.706758	-2.915320	-2.785931	-2.843298	-2.852132	-2.846117	-2.897183	-2.655315	-2.890785	-2.625955	-2.744799	-2.853345	-2.833528	-2.732335	-2.690354	-2.937315	-2.922002	-2.689856	-2.876822	-2.762419	-2.774897	-2.884780	-2.884863	-2.888426	-2.808310	-2.808345	-2.809525	-2.704082	-2.847412	-2.802259	-3.044627	-2.821677	-2.925754	-2.803207	-2.652860	-2.898003	-2.995912	-3.186142	-2.825818	-3.050368	-2.867198	-2.699323	-2.768609	-2.951947	-2.784312	-2.831049	-2.835183	-2.739684	-2.954211	-2.567764	-2.803584	-2.867177	-2.631523	-2.784768	-2.749661
	-2.0	-1.776591	-1.756685	-1.366785	-1.817275	-1.903904	-2.071386	-1.847567	-1.478193	-2.153687	-1.915267	-1.889217	-1.830203	-1.562627	-1.844653	-2.041722	-1.818362	-1.793116	-1.828952	-2.032913	-1.807734	-1.896085	-1.726673	-1.931879	-1.582683	-1.700784	-1.784297	-1.745197	-1.756757	-1.798119	-1.866904	-1.999701	-1.997310	-1.822268	-1.764790	-1.712229	-2.031260	-1.744173	-1.742356	-1.815495	-2.043041	-1.858606	-2.013238	-1.793655	-1.825950	-1.999471	-1.663533	-1.909960	-1.860730	-1.932650	-1.886805	-2.072095	-1.822639	-1.771631	-1.920637	-1.978586	-1.658279	-1.780030	-1.940383	-1.707126	-1.959767	-1.829508	-1.701858	-1.826186	-1.932821
	-2.0	-1.931961	-1.698950	-1.568923	-1.777720	-2.081569	-2.018609	-2.011134	-1.756550	-2.083832	-1.839037	-1.931663	-1.836299	-1.741089	-2.033753	-1.967632	-1.867268	-1.776882	-2.005570	-1.781372	-1.811071	-1.827579	-1.725679	-1.721975	-1.616552	-1.797845	-1.897612	-1.768314	-2.029864	-1.756047	-1.900184	-1.906066	-1.831711	-1.762685	-1.973051	-1.742192	-1.930500	-1.926203	-1.883789	-1.892470	-1.862903	-1.852919	-1.975813	-1.855151	-1.927914	-1.925374	-1.798702	-1.840943	-2.022660	-1.733785	-2.036220	-1.993008	-1.866544	-2.087571	-1.991800	-1.945559	-1.723501	-1.888198	-1.996013	-1.668738	-1.964980	-1.803722	-1.886828	-1.914315	-1.893313
	-2.0	-1.878858	-1.780299	-0.837981	-1.612315	-1.901991	-1.913246	-1.791962	-1.793059	-2.098575	-1.780155	-1.847930	-1.716609	-1.716211	-1.807294	-1.651542	-1.827161	-1.761836	-2.008156	-1.695420	-1.707383	-1.755516	-1.666377	-1.861990	-1.782874	-1.802685	-1.860732	-1.649954	-1.700855	-1.715038	-1.978743	-1.888418	-1.952272	-1.756493	-1.773444	-1.714686	-1.863656	-1.876118	-1.832804	-1.691421	-1.956323	-2.027469	-1.884767	-1.808569	-1.651454	-1.848670	-1.718982	-1.975186	-1.953392	-1.665247	-2.023497	-1.994667	-1.835510	-1.702596	-1.760089	-1.820512	-1.788602	-1.798121	-1.960645	-1.776538	-1.922177	-1.791280	-1.769404	-1.885634	-1.848356
	-1.0	-0.974423	-0.930211	-0.772968	-1.189532	-1.095168	-0.964548	-1.085771	-1.003721	-0.975848	-1.015128	-0.895696	-0.913703	-1.020313	-0.974020	-0.890827	-0.946315	-1.065530	-1.029110	-1.073270	-0.918101	-1.159001	-0.794157	-1.096607	-1.095827	-0.777183	-0.955771	-0.922759	-0.976162	-1.077008	-0.975537	-0.987913	-1.068495	-0.685700	-1.150809	-0.835567	-1.046038	-0.934572	-1.032563	-1.211615	-1.240060	-1.045341	-0.674738	-0.768035	-1.184995	-1.073400	-1.076241	-1.121841	-1.095372	-0.882841	-1.065474	-0.992441	-1.120034	-1.072122	-0.851100	-0.914989	-0.862927	-0.894626	-0.932616	-1.012015	-0.931786	-0.857390	-1.087960	-0.997218	-0.986082
	-1.0	-0.992714	-0.762904	-1.099172	-1.001783	-0.919514	-0.971854	-1.117649	-1.073716	-0.968229	-0.955648	-0.902324	-0.984457	-0.887010	-1.001725	-0.928652	-0.844353	-0.888085	-1.003116	-1.063832	-1.143665	-1.045609	-0.832197	-0.661636	-1.029868	-0.842650	-0.805472	-1.004274	-1.047008	-0.749768	-0.871555	-1.082735	-1.053099	-0.839498	-1.134068	-0.909952	-0.863272	-1.179983	-0.803108	-0.815879	-1.003770	-0.832682	-0.969758	-0.984037	-0.742090	-1.072862	-0.887683	-0.923485	-0.913594	-0.826956	-1.044057	-0.884526	-0.952138	-1.138773	-0.842470	-1.127108	-0.810835	-1.009141	-0.921813	-1.266485	-1.001393	-0.923609	-0.936752	-1.217507	-1.069292
	-1.0	-0.856632	-0.904586	-1.070446	-0.869491	-1.098515	-1.041433	-1.196721	-1.127333	-0.946079	-0.863861	-0.982017	-1.009926	-0.903887	-0.959920	-0.847208	-1.100814	-0.779703	-0.958520	-1.026276	-1.064398	-0.968231	-0.910220	-0.953564	-1.108975	-0.981141	-0.912242	-0.764460	-0.933272	-0.987776	-0.847876	-1.110513	-1.105788	-0.667220	-1.002708	-0.813700	-0.861356	-0.869708	-0.921851	-0.821683	-0.892780	-1.021653	-0.938928	-0.865406	-1.016852	-0.976826	-0.862479	-1.008271	-0.836300	-0.767597	-0.883535	-1.031296	-0.966976	-1.059667	-0.736401	-1.042361	-0.877493	-0.842441	-0.940795	-0.905981	-0.894808	-0.695068	-1.109062	-1.102050	-1.027154
	0.0	-0.032439	-0.066797	0.025587	0.010019	-0.063430	-0.041363	-0.018725	-0.220479	-0.049599	-0.076281	-0.093512	-0.041587	-0.072383	-0.033703	0.068838	-0.037069	-0.053728	0.017815	-0.114525	-0.009876	0.034114	-0.015508	-0.197349	-0.024706	-0.051555	0.042447	-0.045054	0.007168	-0.035206	-0.073599	-0.086513	-0.053815	-0.268858	-0.112009	-0.016813	-0.055977	-0.057223	-0.025321	0.029054	0.029437	-0.036744	-0.109578	-0.024723	-0.070249	-0.158523	-0.063522	-0.038907	0.044793	-0.069277	-0.085576	-0.207697	0.032592	-0.094086	0.073815	-0.111827	-0.139155	-0.000688	-0.203294	0.035414	-0.165487	-0.008463	-0.026979	-0.016820	-0.086224
	0.0	0.051916	0.006933	-0.022186	0.003971	0.001194	-0.068556	-0.056133	0.041206	0.054945	0.027534	0.018525	-0.005735	0.131676	0.017073	-0.022063	0.006177	0.019173	-0.060600	0.130253	0.064090	0.015609	-0.009196	0.098868	0.137356	0.054098	-0.003608	0.047599	0.042593	0.050133	0.043707	0.046074	0.035400	0.085622	0.037046	-0.028687	0.021084	0.044717	0.022809	-0.021941	0.049668	0.021363	0.158066	-0.013931	-0.053804	0.041613	0.105781	0.003732	-0.028365	0.018203	0.090746	0.083374	-0.002411	0.041638	-0.053027	0.054441	0.166645	0.070541	0.089883	-0.182911	0.108860	0.030007	0.028107	0.069903	-0.024159
	0.0	-0.024572	0.051719	-0.004753	-0.014359	0.054282	0.092326	0.065746	0.113468	-0.011861	0.039665	0.060750	0.043140	-0.097268	0.014762	-0.056617	0.028363	0.029883	0.036775	-0.054508	-0.063755	-0.054685	0.023676	0.045139	-0.165393	-0.009093	-0.043064	-0.007575	-0.055362	-0.019767	0.021193	0.028854	0.013519	0.094690	0.056253	0.042139	0.029865	0.006465	0.001177	-0.008740	-0.092208	0.013135	-0.105694	0.036192	0.102390	0.081079	-0.065363	0.032241	-0.020187	0.043220	-0.023897	0.067624	-0.032638	0.039081	-0.031669	0.038804	-0.093435	-0.083429	0.058378	0.099943	0.013672	-0.023301	-0.002888	-0.063812	0.091379
SSx	30																																																																
		AHCY	AKR1C1	ALUsq(Eurogentec)	ARHGEF7	BIRC5	CAMTA1	CAMTA2	CD44	CDCA5	CDH5	CDKN3	CLSTN1	CPSG3	DDC	DPYSL3	ECEL1	ELAVL4	EPB41L3	EPHA5	EPN2	FYN	GNB1	HIVEP2	HMBS	HPRT1	IGSF4	INPP1	MAP2K4	MAP7	MAPT	MCM2	MRPL3	MTSS1	MYCN(4)	NHLH2	NM23A	NRCAM	NTRK1	ODC1	PAICS	PDE4DIP	PIK3R1	PLAGL1	PLAT	PMP22	PRAME	PRDM2	PRKACB	PRKCZ	PTN	PTPRF	PTPRH	PTPRN2	QPCT	SCG2	SDHA(1)	SLC25A5	SLC6A8	SNAPC1	TNFRSF	TYMS	UBC(2)	ULK2	WSB1
	slope = bias	0.920812	0.852822	0.338293	0.898070	0.901516	0.956070	0.956132	0.867830	0.959456	0.934903	0.959361	0.897322	0.927791	0.899386	0.856871	0.918557	0.929208	0.914161	0.896875	0.902246	0.919486	0.922779	0.908772	0.906543	0.937773	0.937836	0.861436	0.951900	0.905688	0.923182	0.920784	0.906619	0.941062	0.908759	0.887678	0.871833	0.929669	0.955282	0.922587	0.929160	0.890323	0.943368	0.936617	0.879304	0.977784	0.919523	0.936793	0.881243	0.943605	0.969564	0.886136	0.936425	0.945691	0.918472	0.892137	0.912687	0.893873	0.949388	0.896931	0.918221	0.918754	0.925843	0.923207	0.865377
	correlation = R	0.998001	0.998875	0.774853	0.996050	0.994557	0.997007	0.996601	0.991980	0.996432	0.996257	0.996225	0.998396	0.996685	0.997607	0.992683	0.998573	0.997144	0.995703	0.990048	0.996072	0.997492	0.997497	0.994209	0.994226	0.997707	0.998424	0.996664	0.997273	0.996144	0.998175	0.993045	0.997060	0.995344	0.997378	0.998676	0.995753	0.996989	0.996678	0.996719	0.994895	0.993866	0.994803	0.997165	0.995042	0.996371	0.994765	0.985496	0.996135	0.996520	0.997942	0.995098	0.997431	0.996066	0.997515	0.995563	0.995747	0.997310	0.997668	0.993653	0.996968	0.996732	0.995635	0.997768	0.996188
																																																																	
	Sres	0.088575	0.061504	0.419255	0.121625	0.143477	0.112630	0.120058	0.167981	0.123450	0.123232	0.126986	0.077308	0.115047	0.094685	0.158331	0.074634	0.106915	0.129161	0.193661	0.121840	0.099109	0.099373	0.149221	0.148630	0.096645	0.080078	0.107160	0.107009	0.121180	0.084832	0.165838	0.105841	0.138440	0.100174	0.069452	0.122452	0.109851	0.118585	0.113813	0.143178	0.150492	0.146675	0.107372	0.133511	0.126890	0.143491	0.245053	0.118041	0.119908	0.094639	0.133786	0.102172	0.127801	0.098551	0.128097	0.128281	0.099808	0.098673	0.154250	0.108876	0.113105	0.131839	0.093865	0.115110
	Sxx	30	30	30	30	30	30	30	30	30	30	30	30	30	30	30	30	30	30	30	30	30	30	30	30	30	30	30	30	30	30	30	30	30	30	30	30	30	30	30	30	30	30	30	30	30	30	30	30	30	30	30	30	30	30	30	30	30	30	30	30	30	30	30	30
	se of slope	0.016171	0.011229	0.076545	0.022206	0.026195	0.020563	0.021920	0.030669	0.022539	0.022499	0.023184	0.014114	0.021005	0.017287	0.028907	0.013626	0.019520	0.023581	0.035358	0.022245	0.018095	0.018143	0.027244	0.027136	0.017645	0.014620	0.019565	0.019537	0.022124	0.015488	0.030278	0.019324	0.025276	0.018289	0.012680	0.022357	0.020056	0.021651	0.020779	0.026141	0.027476	0.026779	0.019603	0.024376	0.023167	0.026198	0.044740	0.021551	0.021892	0.017279	0.024426	0.018654	0.023333	0.017993	0.023387	0.023421	0.018222	0.018015	0.028162	0.019878	0.020650	0.024070	0.017137	0.021016
expected slope	1																																																																
	t	4.896742	13.106964	8.644665	4.590314	3.759621	2.136357	2.001305	4.309577	1.798866	2.893319	1.752885	7.274715	3.437753	5.820200	4.951338	5.976945	3.626682	3.640092	2.916620	4.394459	4.449571	4.256225	3.348564	3.443996	3.526652	4.251959	7.082355	2.462011	4.262807	4.959781	2.616298	4.832430	2.331821	4.988777	8.858094	5.732851	3.506735	2.065429	3.725464	2.709976	3.991737	2.114811	3.233271	4.951496	0.958944	3.071907	1.412750	5.510435	2.576033	1.761500	4.661620	3.408110	2.327539	4.531115	4.612052	3.727986	5.823997	2.809385	3.659854	4.114045	3.934438	3.080850	4.481051	6.405739
	p (slope = 1)	2.9178e-04	7.2025e-09	9.4776e-07	5.0654e-04	2.3834e-03	5.2241e-02	6.6684e-02	8.4809e-04	9.5286e-02	1.2568e-02	1.0316e-01	6.2288e-06	4.4106e-03	5.9722e-05	2.6481e-04	4.6163e-05	3.0711e-03	2.9934e-03	1.2018e-02	7.2502e-04	6.5514e-04	9.3631e-04	5.2351e-03	4.3581e-03	3.7191e-03	9.4376e-04	8.2641e-06	2.8561e-02	9.2493e-04	2.6087e-04	2.1336e-02	3.2727e-04	3.6439e-02	2.4782e-04	7.2057e-07	6.9040e-05	3.8638e-03	5.9419e-02	2.5436e-03	1.7851e-02	1.5358e-03	5.4331e-02	6.5353e-03	2.6473e-04	3.5508e-01	8.9161e-03	1.8122e-01	1.0035e-04	2.3029e-02	1.0164e-01	4.4505e-04	4.6690e-03	3.6731e-02	5.6426e-04	4.8692e-04	2.5314e-03	5.9348e-05	1.4762e-02	2.8826e-03	1.2206e-03	1.7111e-03	8.7639e-03	6.1838e-04	2.3223e-05
																																																																	
	Derivation from regression																																																																
	is independent of scaling																																																																
	ncount	15	15	15	15	15	15	15	15	15	15	15	15	15	15	15	15	15	15	15	15	15	15	15	15	15	15	15	15	15	15	15	15	15	15	15	15	15	15	15	15	15	15	15	15	15	15	15	15	15	15	15	15	15	15	15	15	15	15	15	15	15	15	15	15
	ngroups	5	5	5	5	5	5	5	5	5	5	5	5	5	5	5	5	5	5	5	5	5	5	5	5	5	5	5	5	5	5	5	5	5	5	5	5	5	5	5	5	5	5	5	5	5	5	5	5	5	5	5	5	5	5	5	5	5	5	5	5	5	5	5	5
																																																																	
	var	1.824204	1.562023	0.408453	1.742012	1.760683	1.970499	1.972361	1.640049	1.986770	1.887053	1.987201	1.730948	1.856855	1.741672	1.596624	1.813201	1.860814	1.806258	1.758509	1.758174	1.820808	1.833859	1.790392	1.781558	1.893140	1.890673	1.600817	1.952303	1.771359	1.832965	1.842345	1.771742	1.915506	1.778983	1.692992	1.642694	1.863243	1.968553	1.835958	1.869045	1.719620	1.926996	1.890530	1.673356	2.063656	1.830952	1.936293	1.677059	1.921331	2.022718	1.699272	1.888749	1.931592	1.816713	1.720756	1.800277	1.721412	1.940480	1.745991	1.817715	1.820683	1.852964	1.834562	1.617039
	SStotal	25.538861	21.868329	5.718342	24.388171	24.649557	27.586980	27.613055	22.960688	27.814787	26.418738	27.820812	24.233273	25.995975	24.383407	22.352736	25.384815	26.051400	25.287607	24.619128	24.614436	25.491319	25.674026	25.065483	24.941816	26.503963	26.469427	22.411433	27.332246	24.799031	25.661510	25.792836	24.804385	26.817080	24.905766	23.701887	22.997722	26.085408	27.559744	25.703406	26.166627	24.074675	26.977944	26.467424	23.426990	28.891180	25.633335	27.108098	23.478824	26.898630	28.318053	23.789802	26.442480	27.042285	25.433982	24.090578	25.203879	24.099764	27.166718	24.443873	25.448008	25.489559	25.941502	25.683863	22.638552
																																																																	
	variance per concentration	0.023383	0.000695	0.033086	0.002011	0.010634	0.047724	0.027063	0.045223	0.020685	0.036135	0.080243	0.013073	0.007890	0.021651	0.032001	0.005986	0.001298	0.070745	0.167270	0.047900	0.021525	0.027282	0.053529	0.013120	0.004139	0.011771	0.046834	0.021182	0.045591	0.024813	0.059643	0.027331	0.012798	0.003335	0.009905	0.017124	0.019843	0.026785	0.008730	0.019764	0.087817	0.035384	0.052359	0.010665	0.030454	0.030618	0.305689	0.020780	0.005497	0.022247	0.020945	0.019951	0.012506	0.006104	0.007840	0.034158	0.015609	0.004004	0.011514	0.035100	0.043506	0.036066	0.002705	0.032142
		0.007677	0.008315	0.401812	0.001619	0.072370	0.012432	0.006878	0.010892	0.006453	0.009441	0.006744	0.007296	0.003275	0.001914	0.029058	0.003633	0.011985	0.009803	0.003497	0.002053	0.005087	0.013189	0.003235	0.009421	0.018765	0.000807	0.003722	0.003377	0.009100	0.001008	0.022028	0.010860	0.010090	0.002414	0.012611	0.002460	0.003260	0.011587	0.008586	0.003410	0.000759	0.030131	0.002875	0.013789	0.009920	0.004295	0.039484	0.005777	0.030560	0.003315	0.005480	0.004023	0.011257	0.011852	0.004514	0.002365	0.010182	0.003135	0.002187	0.001235	0.005084	0.025781	0.000479	0.011097
		0.006236	0.001751	0.142462	0.011822	0.010636	0.006483	0.012980	0.029659	0.001356	0.004589	0.001753	0.004544	0.009343	0.014740	0.042940	0.000680	0.000245	0.010552	0.030760	0.003472	0.004941	0.001192	0.011425	0.011481	0.003305	0.003340	0.003936	0.030993	0.001726	0.003298	0.003577	0.007331	0.001319	0.013882	0.000277	0.007119	0.008842	0.005131	0.010290	0.008116	0.009836	0.004366	0.001029	0.019546	0.005686	0.004617	0.004506	0.006601	0.019291	0.006862	0.002042	0.000509	0.042132	0.014088	0.006952	0.004246	0.003357	0.000793	0.002985	0.000545	0.000380	0.008761	0.002021	0.001786
		0.005455	0.008120	0.032621	0.025863	0.010485	0.001801	0.003263	0.003842	0.000239	0.005807	0.002308	0.002486	0.005268	0.000452	0.001661	0.016673	0.020822	0.001275	0.000618	0.013094	0.009206	0.003501	0.049147	0.001797	0.010844	0.005981	0.014869	0.003299	0.028616	0.004612	0.004132	0.000734	0.008946	0.006578	0.002546	0.011252	0.026784	0.013168	0.051448	0.031459	0.013583	0.026297	0.011702	0.049989	0.003092	0.013647	0.009905	0.017689	0.003321	0.009888	0.005783	0.008639	0.001809	0.004080	0.011400	0.001228	0.007271	0.000091	0.034327	0.002929	0.013827	0.008833	0.012141	0.001731
		0.002171	0.003581	0.000584	0.000161	0.003475	0.007416	0.003898	0.030870	0.002803	0.004061	0.006355	0.001809	0.015779	0.000822	0.004199	0.001107	0.002070	0.002665	0.016276	0.004120	0.002195	0.000443	0.024905	0.022952	0.002826	0.001832	0.002172	0.002460	0.002068	0.003875	0.005198	0.002162	0.042984	0.008483	0.001439	0.002231	0.002652	0.000581	0.000701	0.005889	0.000989	0.023536	0.001057	0.009079	0.016503	0.009659	0.001282	0.001607	0.003489	0.008006	0.026795	0.001066	0.006027	0.004612	0.008430	0.027208	0.005938	0.025903	0.021973	0.019404	0.000757	0.000763	0.004601	0.008124
	SS per concentration	0.046766	0.001391	0.066173	0.004022	0.021267	0.095448	0.054126	0.090447	0.041370	0.072269	0.160486	0.026145	0.015780	0.043301	0.064002	0.011973	0.002595	0.141489	0.334539	0.095800	0.043051	0.054563	0.107059	0.026240	0.008277	0.023543	0.093667	0.042365	0.091183	0.049627	0.119286	0.054663	0.025596	0.006669	0.019811	0.034248	0.039687	0.053570	0.017460	0.039528	0.175634	0.070769	0.104718	0.021329	0.060907	0.061235	0.611379	0.041560	0.010995	0.044495	0.041890	0.039902	0.025011	0.012208	0.015679	0.068315	0.031219	0.008008	0.023029	0.070199	0.087012	0.072131	0.005409	0.064285
		0.015355	0.016631	0.803624	0.003238	0.144740	0.024864	0.013756	0.021784	0.012906	0.018882	0.013488	0.014591	0.006551	0.003828	0.058115	0.007265	0.023970	0.019605	0.006995	0.004106	0.010174	0.026377	0.006470	0.018841	0.037529	0.001613	0.007445	0.006755	0.018200	0.002015	0.044055	0.021719	0.020180	0.004828	0.025222	0.004921	0.006519	0.023173	0.017172	0.006820	0.001518	0.060262	0.005750	0.027579	0.019840	0.008590	0.078968	0.011554	0.061121	0.006630	0.010959	0.008047	0.022515	0.023705	0.009028	0.004730	0.020364	0.006270	0.004374	0.002469	0.010169	0.051561	0.000958	0.022195
		0.012473	0.003503	0.284923	0.023644	0.021272	0.012965	0.025961	0.059319	0.002712	0.009178	0.003506	0.009089	0.018685	0.029479	0.085881	0.001359	0.000489	0.021105	0.061521	0.006944	0.009882	0.002384	0.022850	0.022962	0.006609	0.006681	0.007872	0.061987	0.003451	0.006596	0.007154	0.014662	0.002638	0.027763	0.000553	0.014237	0.017684	0.010261	0.020580	0.016232	0.019672	0.008732	0.002058	0.039092	0.011372	0.009233	0.009013	0.013202	0.038583	0.013724	0.004084	0.001019	0.084263	0.028177	0.013905	0.008492	0.006714	0.001585	0.005971	0.001091	0.000760	0.017521	0.004041	0.003572
		0.010909	0.016241	0.065242	0.051726	0.020969	0.003602	0.006526	0.007685	0.000478	0.011615	0.004615	0.004971	0.010537	0.000905	0.003322	0.033346	0.041643	0.002549	0.001236	0.026188	0.018413	0.007002	0.098295	0.003594	0.021688	0.011961	0.029738	0.006598	0.057232	0.009223	0.008265	0.001468	0.017892	0.013157	0.005092	0.022505	0.053568	0.026336	0.102896	0.062918	0.027165	0.052595	0.023404	0.099977	0.006183	0.027295	0.019811	0.035378	0.006643	0.019776	0.011566	0.017279	0.003618	0.008160	0.022800	0.002456	0.014542	0.000181	0.068654	0.005858	0.027655	0.017667	0.024282	0.003462
		0.004343	0.007163	0.001169	0.000322	0.006950	0.014832	0.007796	0.061740	0.005606	0.008123	0.012711	0.003618	0.031558	0.001644	0.008399	0.002215	0.004140	0.005330	0.032552	0.008239	0.004390	0.000885	0.049811	0.045905	0.005653	0.003663	0.004344	0.004920	0.004136	0.007751	0.010395	0.004324	0.085968	0.016966	0.002878	0.004462	0.005304	0.001162	0.001401	0.011778	0.001977	0.047072	0.002113	0.018157	0.033007	0.019319	0.002564	0.003214	0.006978	0.016012	0.053591	0.002131	0.012054	0.009224	0.016860	0.054415	0.011875	0.051806	0.043946	0.038809	0.001514	0.001525	0.009203	0.016248
	SSwithin	0.089845	0.044927	1.221131	0.082952	0.215199	0.151711	0.108166	0.240974	0.063071	0.120067	0.194806	0.058414	0.083111	0.079157	0.219719	0.056158	0.072838	0.190079	0.436843	0.141278	0.085909	0.091212	0.284484	0.117542	0.079757	0.047462	0.143066	0.122624	0.174201	0.075212	0.189155	0.096836	0.152274	0.069384	0.053556	0.080373	0.122762	0.114503	0.159508	0.137277	0.225966	0.239430	0.138043	0.206134	0.131309	0.125673	0.721735	0.104907	0.124319	0.100636	0.122090	0.068377	0.147461	0.081473	0.078272	0.138409	0.084713	0.067850	0.145973	0.118425	0.127110	0.160406	0.043894	0.109762
	SSbetween	25.449016	21.823402	4.497210	24.305219	24.434358	27.435270	27.504888	22.719714	27.751715	26.298671	27.626006	24.174859	25.912864	24.304250	22.133018	25.328657	25.978562	25.097528	24.182285	24.473158	25.405410	25.582814	24.780999	24.824274	26.424206	26.421965	22.268367	27.209622	24.624830	25.586298	25.603681	24.707549	26.664805	24.836382	23.648331	22.917350	25.962646	27.445241	25.543898	26.029350	23.848709	26.738514	26.329381	23.220856	28.759871	25.507662	26.386363	23.373917	26.774311	28.217417	23.667712	26.374103	26.894824	25.352509	24.012305	25.065470	24.015051	27.098867	24.297900	25.329583	25.362449	25.781096	25.639969	22.528790
																																																																	
	stexy	0.088575	0.061504	0.419255	0.121625	0.143477	0.112630	0.120058	0.167981	0.123450	0.123232	0.126986	0.077308	0.115047	0.094685	0.158331	0.074634	0.106915	0.129161	0.193661	0.121840	0.099109	0.099373	0.149221	0.148630	0.096645	0.080078	0.107160	0.107009	0.121180	0.084832	0.165838	0.105841	0.138440	0.100174	0.069452	0.122452	0.109851	0.118585	0.113813	0.143178	0.150492	0.146675	0.107372	0.133511	0.126890	0.143491	0.245053	0.118041	0.119908	0.094639	0.133786	0.102172	0.127801	0.098551	0.128097	0.128281	0.099808	0.098673	0.154250	0.108876	0.113105	0.131839	0.093865	0.115110
	SSres	0.101991	0.049175	2.285068	0.192304	0.267612	0.164910	0.187381	0.366828	0.198117	0.197420	0.209630	0.077695	0.172065	0.116548	0.325892	0.072413	0.148600	0.216873	0.487561	0.192983	0.127695	0.128376	0.289468	0.287183	0.121422	0.083363	0.149283	0.148861	0.190900	0.093554	0.357531	0.145629	0.249153	0.130452	0.062706	0.194928	0.156874	0.182811	0.168395	0.266499	0.294423	0.279674	0.149873	0.231728	0.209313	0.267666	0.780663	0.181138	0.186914	0.116434	0.232682	0.135708	0.212330	0.126261	0.213314	0.213929	0.129502	0.126574	0.309309	0.154102	0.166305	0.225960	0.114538	0.172253
	SSregression	25.436869	21.819154	3.433273	24.195867	24.381944	27.422070	27.425673	22.593861	27.616669	26.221317	27.611182	24.155578	25.823910	24.266859	22.026844	25.312402	25.902800	25.070734	24.131566	24.421453	25.363624	25.545650	24.776015	24.654633	26.382541	26.386064	22.262150	27.183385	24.608131	25.567955	25.435305	24.658756	26.567927	24.775314	23.639180	22.802794	25.928534	27.376933	25.535011	25.900127	23.780252	26.698269	26.317551	23.195262	28.681866	25.365668	26.327435	23.297686	26.711716	28.201619	23.557120	26.306772	26.829955	25.307721	23.877264	24.989950	23.970262	27.040144	24.134565	25.293906	25.323254	25.715542	25.569325	22.466299
	SSderivation	0.012146	0.004248	1.063937	0.109352	0.052413	0.013200	0.079215	0.125853	0.135046	0.077353	0.014824	0.019281	0.088954	0.037391	0.106174	0.016255	0.075762	0.026794	0.050719	0.051705	0.041786	0.037164	0.004984	0.169641	0.041665	0.035900	0.006217	0.026237	0.016699	0.018342	0.168376	0.048793	0.096878	0.061069	0.009151	0.114555	0.034113	0.068308	0.008887	0.129222	0.068457	0.040244	0.011830	0.025593	0.078004	0.141993	0.058928	0.076231	0.062595	0.015798	0.110592	0.067331	0.064868	0.044788	0.135042	0.075520	0.044788	0.058724	0.163336	0.035677	0.039195	0.065554	0.070644	0.062492
																																																																	
16		SS	SS	SS	SS	SS	SS	SS	SS	SS	SS	SS	SS	SS	SS	SS	SS	SS	SS	SS	SS	SS	SS	SS	SS	SS	SS	SS	SS	SS	SS	SS	SS	SS	SS	SS	SS	SS	SS	SS	SS	SS	SS	SS	SS	SS	SS	SS	SS	SS	SS	SS	SS	SS	SS	SS	SS	SS	SS	SS	SS	SS	SS	SS	SS
	between	25.449016	21.823402	4.497210	24.305219	24.434358	27.435270	27.504888	22.719714	27.751715	26.298671	27.626006	24.174859	25.912864	24.304250	22.133018	25.328657	25.978562	25.097528	24.182285	24.473158	25.405410	25.582814	24.780999	24.824274	26.424206	26.421965	22.268367	27.209622	24.624830	25.586298	25.603681	24.707549	26.664805	24.836382	23.648331	22.917350	25.962646	27.445241	25.543898	26.029350	23.848709	26.738514	26.329381	23.220856	28.759871	25.507662	26.386363	23.373917	26.774311	28.217417	23.667712	26.374103	26.894824	25.352509	24.012305	25.065470	24.015051	27.098867	24.297900	25.329583	25.362449	25.781096	25.639969	22.528790
	regression	25.436869	21.819154	3.433273	24.195867	24.381944	27.422070	27.425673	22.593861	27.616669	26.221317	27.611182	24.155578	25.823910	24.266859	22.026844	25.312402	25.902800	25.070734	24.131566	24.421453	25.363624	25.545650	24.776015	24.654633	26.382541	26.386064	22.262150	27.183385	24.608131	25.567955	25.435305	24.658756	26.567927	24.775314	23.639180	22.802794	25.928534	27.376933	25.535011	25.900127	23.780252	26.698269	26.317551	23.195262	28.681866	25.365668	26.327435	23.297686	26.711716	28.201619	23.557120	26.306772	26.829955	25.307721	23.877264	24.989950	23.970262	27.040144	24.134565	25.293906	25.323254	25.715542	25.569325	22.466299
	derivation	0.012146	0.004248	1.063937	0.109352	0.052413	0.013200	0.079215	0.125853	0.135046	0.077353	0.014824	0.019281	0.088954	0.037391	0.106174	0.016255	0.075762	0.026794	0.050719	0.051705	0.041786	0.037164	0.004984	0.169641	0.041665	0.035900	0.006217	0.026237	0.016699	0.018342	0.168376	0.048793	0.096878	0.061069	0.009151	0.114555	0.034113	0.068308	0.008887	0.129222	0.068457	0.040244	0.011830	0.025593	0.078004	0.141993	0.058928	0.076231	0.062595	0.015798	0.110592	0.067331	0.064868	0.044788	0.135042	0.075520	0.044788	0.058724	0.163336	0.035677	0.039195	0.065554	0.070644	0.062492
	within	0.089845	0.044927	1.221131	0.082952	0.215199	0.151711	0.108166	0.240974	0.063071	0.120067	0.194806	0.058414	0.083111	0.079157	0.219719	0.056158	0.072838	0.190079	0.436843	0.141278	0.085909	0.091212	0.284484	0.117542	0.079757	0.047462	0.143066	0.122624	0.174201	0.075212	0.189155	0.096836	0.152274	0.069384	0.053556	0.080373	0.122762	0.114503	0.159508	0.137277	0.225966	0.239430	0.138043	0.206134	0.131309	0.125673	0.721735	0.104907	0.124319	0.100636	0.122090	0.068377	0.147461	0.081473	0.078272	0.138409	0.084713	0.067850	0.145973	0.118425	0.127110	0.160406	0.043894	0.109762
																																																																	
		df	df	df	df	df	df	df	df	df	df	df	df	df	df	df	df	df	df	df	df	df	df	df	df	df	df	df	df	df	df	df	df	df	df	df	df	df	df	df	df	df	df	df	df	df	df	df	df	df	df	df	df	df	df	df	df	df	df	df	df	df	df	df	df
	between	4	4	4	4	4	4	4	4	4	4	4	4	4	4	4	4	4	4	4	4	4	4	4	4	4	4	4	4	4	4	4	4	4	4	4	4	4	4	4	4	4	4	4	4	4	4	4	4	4	4	4	4	4	4	4	4	4	4	4	4	4	4	4	4
	regression	1	1	1	1	1	1	1	1	1	1	1	1	1	1	1	1	1	1	1	1	1	1	1	1	1	1	1	1	1	1	1	1	1	1	1	1	1	1	1	1	1	1	1	1	1	1	1	1	1	1	1	1	1	1	1	1	1	1	1	1	1	1	1	1
	derivation	3	3	3	3	3	3	3	3	3	3	3	3	3	3	3	3	3	3	3	3	3	3	3	3	3	3	3	3	3	3	3	3	3	3	3	3	3	3	3	3	3	3	3	3	3	3	3	3	3	3	3	3	3	3	3	3	3	3	3	3	3	3	3	3
	within	10	10	10	10	10	10	10	10	10	10	10	10	10	10	10	10	10	10	10	10	10	10	10	10	10	10	10	10	10	10	10	10	10	10	10	10	10	10	10	10	10	10	10	10	10	10	10	10	10	10	10	10	10	10	10	10	10	10	10	10	10	10	10	10
																																																																	
		MS	MS	MS	MS	MS	MS	MS	MS	MS	MS	MS	MS	MS	MS	MS	MS	MS	MS	MS	MS	MS	MS	MS	MS	MS	MS	MS	MS	MS	MS	MS	MS	MS	MS	MS	MS	MS	MS	MS	MS	MS	MS	MS	MS	MS	MS	MS	MS	MS	MS	MS	MS	MS	MS	MS	MS	MS	MS	MS	MS	MS	MS	MS	MS
	between	6.362254	5.455850	1.124303	6.076305	6.108589	6.858817	6.876222	5.679928	6.937929	6.574668	6.906501	6.043715	6.478216	6.076062	5.533254	6.332164	6.494641	6.274382	6.045571	6.118290	6.351352	6.395703	6.195250	6.206069	6.606052	6.605491	5.567092	6.802406	6.156207	6.396574	6.400920	6.176887	6.666201	6.209096	5.912083	5.729337	6.490662	6.861310	6.385975	6.507337	5.962177	6.684628	6.582345	5.805214	7.189968	6.376915	6.596591	5.843479	6.693578	7.054354	5.916928	6.593526	6.723706	6.338127	6.003076	6.266368	6.003763	6.774717	6.074475	6.332396	6.340612	6.445274	6.409992	5.632198
	regression	25.436869	21.819154	3.433273	24.195867	24.381944	27.422070	27.425673	22.593861	27.616669	26.221317	27.611182	24.155578	25.823910	24.266859	22.026844	25.312402	25.902800	25.070734	24.131566	24.421453	25.363624	25.545650	24.776015	24.654633	26.382541	26.386064	22.262150	27.183385	24.608131	25.567955	25.435305	24.658756	26.567927	24.775314	23.639180	22.802794	25.928534	27.376933	25.535011	25.900127	23.780252	26.698269	26.317551	23.195262	28.681866	25.365668	26.327435	23.297686	26.711716	28.201619	23.557120	26.306772	26.829955	25.307721	23.877264	24.989950	23.970262	27.040144	24.134565	25.293906	25.323254	25.715542	25.569325	22.466299
	Linearity: MS derivation	0.004049	0.001416	0.354646	0.036451	0.017471	0.004400	0.026405	0.041951	0.045015	0.025784	0.004941	0.006427	0.029651	0.012464	0.035391	0.005418	0.025254	0.008931	0.016906	0.017235	0.013929	0.012388	0.001661	0.056547	0.013888	0.011967	0.002072	0.008746	0.005566	0.006114	0.056125	0.016264	0.032293	0.020356	0.003050	0.038185	0.011371	0.022769	0.002962	0.043074	0.022819	0.013415	0.003943	0.008531	0.026001	0.047331	0.019643	0.025410	0.020865	0.005266	0.036864	0.022444	0.021623	0.014929	0.045014	0.025173	0.014929	0.019575	0.054445	0.011892	0.013065	0.021851	0.023548	0.020831
	Reproducibility: MS within	0.008984	0.004493	0.122113	0.008295	0.021520	0.015171	0.010817	0.024097	0.006307	0.012007	0.019481	0.005841	0.008311	0.007916	0.021972	0.005616	0.007284	0.019008	0.043684	0.014128	0.008591	0.009121	0.028448	0.011754	0.007976	0.004746	0.014307	0.012262	0.017420	0.007521	0.018915	0.009684	0.015227	0.006938	0.005356	0.008037	0.012276	0.011450	0.015951	0.013728	0.022597	0.023943	0.013804	0.020613	0.013131	0.012567	0.072174	0.010491	0.012432	0.010064	0.012209	0.006838	0.014746	0.008147	0.007827	0.013841	0.008471	0.006785	0.014597	0.011843	0.012711	0.016041	0.004389	0.010976
