		AHCY	AKR1C1	ARHGEF7	BIRC5	CAMTA1	CAMTA2	CD44	CDCA5	CDKN3	CHD5	CLSTN1	CPSG3	DDC	DPYSL3	ECEL1	ELAVL4	EPB41L3	EPHA5	EPN2	FYN	GNB1	HIVEP2	HMBS	HPRT1	IGSF4	INPP1	MAP2K4	MAP7	MAPT	MCM2	MRPL3	MTSS1	MYCN	NHLH2	NM23A	NRCAM	NTRK1	ODC1	PAICS	PDE4DIP	PIK3R1	PLAGL1	PLAT	PMP22	PRAME	PRDM2	PRKACB	PRKCZ	PTN	PTPRF	PTPRH	PTPRN2	QPCT	SCG2	SDHA	SLC25A5	SLC6A8	SNAPC1	TNFRSF	TYMS	UBC	ULK2	WSB1
	15	4.373e+00	2.124e+01	1.002e+01	5.694e+00	4.777e+00	2.466e+00	3.613e+00	3.855e+00	3.537e+00	1.878e+01	1.740e+01	8.026e+00	8.277e+00	6.161e+00	7.185e+00	1.036e+01	1.595e+00	5.567e+00	9.379e-01	8.287e+00	3.549e+00	1.033e+01	4.872e+00	1.867e+00	2.344e+00	6.444e+00	1.073e+01	2.914e+00	6.438e+00	7.948e+00	1.435e+01	8.536e-01	2.948e+01	1.876e+00	3.352e+01	3.283e+00	1.931e+01	4.428e+00	5.835e+00	1.308e+01	8.381e+00	7.407e+00	3.319e+00	1.786e+00	2.870e+01	6.981e+00	3.299e+01	6.023e+00	1.050e+01	9.010e+00	5.221e+00	3.551e+00	4.375e+00	5.432e+00	1.381e+01	2.000e+01	8.565e+00	9.485e+00	9.849e+00	1.534e+00	2.248e+00	4.849e+00	1.718e+01
	15	8.854e+00	2.681e+01	4.600e+00	4.469e+01	1.516e+00	9.459e+00	2.000e+00	3.128e+00	3.642e+00	9.421e+00	1.959e+01	1.217e+01	7.511e+00	5.808e+00	7.948e+00	1.197e+01	1.131e+01	5.784e+00	1.000e+00	1.686e+01	4.652e+00	1.195e+01	6.290e+00	3.697e+00	1.116e+01	8.742e+00	1.645e+01	6.070e+00	3.506e+00	6.628e+00	1.463e+01	1.152e+00	3.616e+01	1.766e+00	9.937e+00	1.187e+01	1.205e+01	1.131e+01	1.805e+00	1.395e+01	9.176e+00	7.145e+00	5.462e+00	8.287e+00	7.606e+00	5.992e+00	2.617e+01	5.150e+00	5.385e+00	6.582e+00	4.355e+00	2.528e+00	2.399e+00	1.234e+00	5.804e+00	2.914e+01	1.205e+01	4.108e+00	7.140e+00	1.267e+00	1.366e+01	7.865e+00	7.473e+00
	15	1.610e+01	1.564e+01	1.045e+01	1.208e+01	1.442e+00	7.386e+00	5.332e+00	1.634e+01	5.906e+00	1.137e+01	5.934e+00	8.714e+00	4.143e+00	8.670e+00	6.241e+00	1.412e+01	1.019e+01	3.703e+00	8.275e-01	1.252e+01	2.837e+00	6.874e+00	6.518e+00	7.805e+00	4.036e+00	9.741e+00	1.629e+01	8.372e+00	6.696e+00	1.809e+00	1.252e+01	2.025e+00	2.331e+01	2.791e+00	1.744e+01	1.060e+01	1.482e+01	3.213e+00	4.111e+00	6.895e+00	9.172e+00	6.249e+00	6.365e+00	3.279e+00	7.957e+00	3.000e+00	2.827e+01	1.178e+01	4.450e+00	4.907e+00	2.918e+00	2.119e+00	3.234e+00	6.091e+00	2.103e+01	2.128e+01	7.520e+00	1.844e+00	1.037e+01	6.424e+00	5.731e+00	1.733e+01	1.691e+01
	150	5.898e+01	8.105e+01	7.331e+01	3.089e+01	4.857e+01	2.758e+01	7.559e+01	1.025e+02	1.780e+01	1.248e+02	1.624e+02	6.988e+01	8.487e+01	1.001e+02	7.883e+01	1.217e+02	4.802e+01	7.312e+00	1.700e+01	2.031e+02	3.920e+01	1.463e+02	1.406e+02	4.437e+01	1.550e+01	6.837e+01	1.362e+02	3.956e+01	1.972e+01	3.184e+01	1.185e+02	3.378e+01	1.662e+02	2.133e+01	1.082e+02	9.712e+01	9.817e+01	7.452e+01	5.947e+01	1.092e+02	1.390e+02	1.148e+02	3.867e+01	1.065e+01	5.317e+01	3.661e+01	1.510e+02	4.812e+01	5.874e+01	5.869e+01	9.101e+01	7.506e+01	2.387e+01	7.680e+01	1.447e+02	9.817e+01	1.670e+02	4.125e+01	1.381e+02	5.194e+01	7.075e+01	8.645e+01	9.806e+01
	150	7.516e+01	1.559e+02	1.033e+02	6.524e+01	3.002e+01	4.051e+01	5.554e+01	7.500e+01	6.749e+01	2.144e+02	1.311e+02	1.426e+02	8.508e+01	1.431e+02	4.791e+01	1.027e+02	4.178e+01	1.094e+01	1.339e+01	2.004e+02	4.372e+01	8.445e+01	8.561e+01	5.477e+01	1.183e+02	7.169e+01	7.839e+01	5.481e+01	7.319e+01	3.099e+01	1.278e+02	1.818e+01	2.578e+02	3.599e+01	1.114e+02	4.083e+01	1.275e+02	1.071e+02	6.672e+01	1.718e+02	1.818e+02	1.239e+02	3.366e+01	4.591e+01	7.415e+01	3.529e+01	9.297e+01	7.433e+01	2.056e+02	6.029e+01	4.807e+01	8.139e+01	7.131e+01	8.290e+01	2.426e+02	1.009e+02	1.094e+02	9.490e+01	1.330e+02	9.548e+01	1.415e+02	1.262e+02	9.851e+01
	150	6.991e+01	2.509e+02	7.610e+01	1.049e+02	3.619e+01	5.386e+01	3.829e+01	8.519e+01	4.341e+01	2.037e+02	1.936e+02	4.338e+01	6.332e+01	1.903e+02	1.299e+02	1.921e+02	4.660e+01	8.857e+01	1.937e+01	1.748e+02	1.240e+01	6.977e+01	1.148e+02	8.249e+01	4.307e+01	7.096e+01	1.637e+02	5.904e+01	1.717e+01	9.070e+01	1.136e+02	2.936e+01	1.730e+02	3.616e+01	1.209e+02	8.201e+01	1.570e+02	7.987e+01	6.555e+01	1.190e+02	1.395e+02	7.283e+01	7.164e+01	8.083e+01	5.205e+01	3.002e+01	3.009e+02	5.653e+01	8.489e+01	1.752e+02	9.405e+01	2.202e+01	2.763e+01	6.611e+01	2.152e+02	1.113e+02	1.372e+02	2.803e+01	1.491e+02	4.978e+01	5.852e+01	1.386e+02	1.698e+02
	1500	1.373e+03	1.172e+03	1.372e+03	1.492e+03	6.165e+02	1.280e+03	7.703e+02	4.826e+02	3.557e+02	2.315e+03	1.917e+03	9.851e+02	8.249e+02	1.450e+03	9.184e+02	1.406e+03	7.317e+02	4.929e+02	2.921e+02	1.421e+03	1.173e+03	1.476e+03	2.072e+03	9.616e+02	9.013e+02	1.273e+03	1.121e+03	9.463e+02	4.702e+02	9.196e+02	1.847e+03	2.196e+02	2.111e+03	1.920e+02	1.367e+03	1.115e+03	1.700e+03	1.223e+03	9.349e+02	1.156e+03	1.215e+03	1.575e+03	5.637e+02	6.615e+02	1.637e+03	7.409e+02	2.665e+03	1.475e+03	6.568e+02	1.328e+03	1.194e+03	5.754e+02	4.424e+02	7.764e+02	2.801e+03	1.749e+03	1.417e+03	4.696e+02	3.697e+02	4.585e+02	9.105e+02	1.271e+03	3.525e+03
	1500	1.015e+03	1.600e+03	1.164e+03	1.799e+03	3.529e+02	1.607e+03	9.711e+02	6.295e+02	2.734e+02	1.918e+03	1.380e+03	9.697e+02	9.887e+02	1.199e+03	1.235e+03	1.309e+03	8.892e+02	4.046e+02	5.805e+01	1.153e+03	3.468e+02	1.512e+03	1.717e+03	1.150e+03	7.500e+02	3.935e+02	9.181e+02	1.010e+03	4.793e+02	6.040e+02	2.476e+03	2.733e+02	1.886e+03	3.256e+02	1.540e+03	1.882e+03	2.079e+03	1.370e+03	7.196e+02	1.131e+03	1.231e+03	1.207e+03	7.775e+02	6.825e+02	1.428e+03	6.090e+02	2.761e+03	4.314e+02	7.545e+02	1.374e+03	7.607e+02	7.087e+02	8.495e+02	1.388e+03	7.098e+02	1.440e+03	9.654e+02	3.697e+02	1.271e+03	6.292e+02	1.444e+03	1.294e+03	3.038e+03
	1500	1.314e+03	3.009e+03	1.377e+03	2.059e+03	8.527e+02	1.169e+03	6.491e+02	6.545e+02	7.541e+02	2.011e+03	7.470e+02	8.598e+02	1.493e+03	1.278e+03	1.266e+03	1.462e+03	8.180e+02	4.160e+02	3.346e+02	1.196e+03	3.900e+02	8.267e+02	1.615e+03	1.398e+03	1.217e+03	9.310e+02	1.299e+03	7.901e+02	6.116e+02	5.774e+02	1.383e+03	4.885e+02	1.800e+03	2.779e+02	1.262e+03	1.576e+03	1.418e+03	1.673e+03	8.950e+02	1.309e+03	1.230e+03	4.955e+02	5.334e+02	4.970e+02	1.224e+03	7.565e+02	2.638e+03	1.099e+03	1.181e+03	1.361e+03	1.144e+03	5.656e+02	5.920e+02	1.617e+03	2.305e+03	1.461e+03	1.127e+03	6.327e+02	1.156e+03	2.003e+02	1.483e+03	1.971e+03	1.915e+03
	15000	9.405e+03	2.026e+04	1.413e+04	1.440e+04	6.219e+03	8.986e+03	1.014e+04	9.893e+03	6.219e+03	1.464e+04	1.194e+04	9.831e+03	1.413e+04	1.230e+04	7.979e+03	1.928e+04	6.112e+03	1.807e+03	1.907e+03	1.696e+04	7.409e+03	1.435e+04	1.264e+04	6.266e+03	8.274e+03	7.096e+03	1.872e+04	8.099e+03	3.764e+03	9.063e+03	1.430e+04	4.874e+03	2.255e+04	7.070e+03	1.033e+04	1.437e+04	1.281e+04	1.624e+04	7.175e+03	1.803e+04	1.766e+04	1.160e+04	5.018e+03	5.174e+03	1.070e+04	3.292e+03	1.809e+04	9.164e+03	9.290e+03	1.468e+04	1.304e+04	3.035e+03	4.015e+03	1.656e+04	1.880e+04	1.469e+04	1.050e+04	6.703e+03	9.564e+03	1.960e+03	8.246e+03	1.054e+04	1.913e+04
	15000	7.046e+03	2.266e+04	1.145e+04	1.381e+04	6.218e+03	7.345e+03	1.100e+04	1.525e+04	5.487e+03	2.217e+04	1.086e+04	1.151e+04	1.433e+04	2.671e+04	1.231e+04	1.959e+04	9.089e+03	9.753e+03	3.769e+03	1.765e+04	7.243e+03	1.035e+04	1.873e+04	8.409e+03	8.349e+03	9.195e+03	1.764e+04	9.309e+03	2.967e+03	1.033e+04	1.403e+04	3.706e+03	2.622e+04	6.771e+03	1.280e+04	1.054e+04	1.358e+04	1.417e+04	6.050e+03	1.778e+04	1.942e+04	1.140e+04	4.182e+03	6.135e+03	1.116e+04	3.554e+03	1.606e+04	1.345e+04	6.679e+03	1.297e+04	9.642e+03	4.123e+03	5.144e+03	1.077e+04	1.857e+04	1.772e+04	8.546e+03	6.148e+03	1.086e+04	2.971e+03	7.834e+03	1.548e+04	1.883e+04
	15000	1.374e+04	3.135e+04	1.222e+04	9.953e+03	4.580e+03	9.332e+03	6.696e+03	1.004e+04	6.614e+03	1.443e+04	2.168e+04	7.949e+03	1.032e+04	1.729e+04	9.491e+03	2.290e+04	6.667e+03	7.513e+03	4.122e+02	2.004e+04	6.614e+03	1.233e+04	2.020e+04	7.116e+03	7.232e+03	9.596e+03	1.106e+04	7.018e+03	3.533e+03	7.095e+03	1.708e+04	3.746e+03	2.199e+04	6.400e+03	1.340e+04	1.521e+04	1.195e+04	1.585e+04	5.711e+03	1.706e+04	2.464e+04	1.274e+04	5.074e+03	6.518e+03	1.011e+04	3.788e+03	2.265e+04	1.093e+04	5.805e+03	1.063e+04	1.748e+04	9.423e+03	3.457e+03	1.053e+04	1.710e+04	1.511e+04	1.139e+04	1.025e+04	1.274e+04	2.947e+03	9.703e+03	8.734e+03	2.136e+04
	150000	7.319e+04	1.550e+05	1.286e+05	1.206e+05	1.150e+05	1.748e+05	1.309e+05	9.983e+04	1.101e+05	1.678e+05	1.687e+05	1.338e+05	1.183e+05	1.735e+05	2.394e+05	1.434e+05	1.167e+05	6.152e+04	2.399e+04	1.423e+05	8.234e+04	1.411e+05	1.858e+05	6.086e+04	1.841e+05	9.442e+04	1.979e+05	7.649e+04	4.294e+04	6.048e+04	1.889e+05	7.599e+04	2.763e+05	5.025e+04	1.466e+05	1.459e+05	1.042e+05	1.715e+05	1.065e+05	1.344e+05	1.747e+05	1.455e+05	6.283e+04	8.653e+04	1.653e+05	1.093e+05	3.137e+05	8.936e+04	1.360e+05	1.606e+05	1.423e+05	7.448e+04	7.943e+04	1.206e+05	1.688e+05	1.365e+05	1.932e+05	7.146e+04	1.594e+05	5.212e+04	1.614e+05	2.047e+05	2.408e+05
	150000	1.591e+05	1.857e+05	2.657e+05	1.907e+05	1.208e+05	1.661e+05	1.012e+05	1.092e+05	1.192e+05	2.332e+05	2.003e+05	1.451e+05	1.019e+05	2.082e+05	1.927e+05	1.878e+05	1.493e+05	5.177e+04	1.752e+04	1.476e+05	5.854e+04	1.814e+05	2.686e+05	5.416e+04	1.075e+05	7.623e+04	2.788e+05	1.379e+05	7.549e+04	6.874e+04	1.674e+05	3.743e+04	3.002e+05	3.761e+04	2.328e+05	2.276e+05	1.371e+05	2.961e+05	1.100e+05	2.450e+05	2.554e+05	1.993e+05	4.595e+04	8.500e+04	2.002e+05	9.072e+04	3.314e+05	7.592e+04	1.618e+05	1.981e+05	1.673e+05	8.184e+04	7.999e+04	2.356e+05	1.660e+05	1.940e+05	1.860e+05	1.378e+05	1.485e+05	6.233e+04	1.423e+05	2.325e+05	2.519e+05
	150000	1.667e+05	1.645e+05	9.159e+04	1.985e+05	1.121e+05	1.857e+05	1.105e+05	8.419e+04	1.130e+05	2.864e+05	2.183e+05	1.610e+05	1.401e+05	1.844e+05	2.018e+05	1.876e+05	1.581e+05	4.914e+04	3.499e+04	1.428e+05	6.025e+04	1.826e+05	2.004e+05	6.619e+04	1.747e+05	8.743e+04	1.821e+05	9.767e+04	8.831e+04	5.520e+04	2.004e+05	5.687e+04	2.349e+05	5.553e+04	1.919e+05	2.543e+05	1.868e+05	2.851e+05	1.081e+05	1.409e+05	2.012e+05	1.686e+05	6.387e+04	1.113e+05	1.820e+05	8.466e+04	1.893e+05	1.117e+05	1.121e+05	1.745e+05	1.547e+05	8.189e+04	8.396e+04	1.772e+05	1.738e+05	2.374e+05	2.275e+05	1.008e+05	1.725e+05	8.250e+04	1.476e+05	2.609e+05	2.232e+05
																																																																
																																																																
	mean(max)	mean(max)	mean(max)	mean(max)	mean(max)	mean(max)	mean(max)	mean(max)	mean(max)	mean(max)	mean(max)	mean(max)	mean(max)	mean(max)	mean(max)	mean(max)	mean(max)	mean(max)	mean(max)	mean(max)	mean(max)	mean(max)	mean(max)	mean(max)	mean(max)	mean(max)	mean(max)	mean(max)	mean(max)	mean(max)	mean(max)	mean(max)	mean(max)	mean(max)	mean(max)	mean(max)	mean(max)	mean(max)	mean(max)	mean(max)	mean(max)	mean(max)	mean(max)	mean(max)	mean(max)	mean(max)	mean(max)	mean(max)	mean(max)	mean(max)	mean(max)	mean(max)	mean(max)	mean(max)	mean(max)	mean(max)	mean(max)	mean(max)	mean(max)	mean(max)	mean(max)	mean(max)	mean(max)	mean(max)
	150000	1.330e+05	1.684e+05	1.620e+05	1.699e+05	1.160e+05	1.755e+05	1.142e+05	9.774e+04	1.141e+05	2.291e+05	1.958e+05	1.466e+05	1.201e+05	1.887e+05	2.113e+05	1.729e+05	1.414e+05	5.414e+04	2.550e+04	1.442e+05	6.704e+04	1.684e+05	2.183e+05	6.040e+04	1.554e+05	8.603e+04	2.196e+05	1.040e+05	6.891e+04	6.147e+04	1.856e+05	5.676e+04	2.705e+05	4.780e+04	1.904e+05	2.093e+05	1.427e+05	2.509e+05	1.082e+05	1.734e+05	2.104e+05	1.711e+05	5.755e+04	9.428e+04	1.825e+05	9.489e+04	2.781e+05	9.233e+04	1.366e+05	1.777e+05	1.548e+05	7.940e+04	8.113e+04	1.778e+05	1.695e+05	1.893e+05	2.022e+05	1.034e+05	1.601e+05	6.565e+04	1.504e+05	2.327e+05	2.386e+05
																																																																
																																																																
	0.0001	0.000033	0.000126	0.000062	0.000034	0.000041	0.000014	0.000032	0.000039	0.000031	0.000082	0.000089	0.000055	0.000069	0.000033	0.000034	0.000060	0.000011	0.000103	0.000037	0.000057	0.000053	0.000061	0.000022	0.000031	0.000015	0.000075	0.000049	0.000028	0.000093	0.000129	0.000077	0.000015	0.000109	0.000039	0.000176	0.000016	0.000135	0.000018	0.000054	0.000075	0.000040	0.000043	0.000058	0.000019	0.000157	0.000074	0.000119	0.000065	0.000077	0.000051	0.000034	0.000045	0.000054	0.000031	0.000081	0.000106	0.000042	0.000092	0.000062	0.000023	0.000015	0.000021	0.000072
	0.0001	0.000067	0.000159	0.000028	0.000263	0.000013	0.000054	0.000018	0.000032	0.000032	0.000041	0.000100	0.000083	0.000063	0.000031	0.000038	0.000069	0.000080	0.000107	0.000039	0.000117	0.000069	0.000071	0.000029	0.000061	0.000072	0.000102	0.000075	0.000058	0.000051	0.000108	0.000079	0.000020	0.000134	0.000037	0.000052	0.000057	0.000084	0.000045	0.000017	0.000080	0.000044	0.000042	0.000095	0.000088	0.000042	0.000063	0.000094	0.000056	0.000039	0.000037	0.000028	0.000032	0.000030	0.000007	0.000034	0.000154	0.000060	0.000040	0.000045	0.000019	0.000091	0.000034	0.000031
	0.0001	0.000121	0.000093	0.000065	0.000071	0.000012	0.000042	0.000047	0.000167	0.000052	0.000050	0.000030	0.000059	0.000034	0.000046	0.000030	0.000082	0.000072	0.000068	0.000032	0.000087	0.000042	0.000041	0.000030	0.000129	0.000026	0.000113	0.000074	0.000080	0.000097	0.000029	0.000067	0.000036	0.000086	0.000058	0.000092	0.000051	0.000104	0.000013	0.000038	0.000040	0.000044	0.000037	0.000111	0.000035	0.000044	0.000032	0.000102	0.000128	0.000033	0.000028	0.000019	0.000027	0.000040	0.000034	0.000124	0.000112	0.000037	0.000018	0.000065	0.000098	0.000038	0.000074	0.000071
	0.001	0.000443	0.000481	0.000453	0.000182	0.000419	0.000157	0.000662	0.001049	0.000156	0.000545	0.000830	0.000477	0.000707	0.000530	0.000373	0.000704	0.000340	0.000135	0.000667	0.001408	0.000585	0.000869	0.000644	0.000735	0.000100	0.000795	0.000620	0.000380	0.000286	0.000518	0.000639	0.000595	0.000614	0.000446	0.000568	0.000464	0.000688	0.000297	0.000550	0.000630	0.000661	0.000671	0.000672	0.000113	0.000291	0.000386	0.000543	0.000521	0.000430	0.000330	0.000588	0.000945	0.000294	0.000432	0.000854	0.000519	0.000826	0.000399	0.000862	0.000791	0.000470	0.000372	0.000411
	0.001	0.000565	0.000926	0.000638	0.000384	0.000259	0.000231	0.000486	0.000767	0.000591	0.000936	0.000670	0.000972	0.000708	0.000758	0.000227	0.000594	0.000296	0.000202	0.000525	0.001389	0.000652	0.000502	0.000392	0.000907	0.000761	0.000833	0.000357	0.000527	0.001062	0.000504	0.000689	0.000320	0.000953	0.000753	0.000585	0.000195	0.000893	0.000427	0.000617	0.000991	0.000864	0.000724	0.000585	0.000487	0.000406	0.000372	0.000334	0.000805	0.001505	0.000339	0.000311	0.001025	0.000879	0.000466	0.001431	0.000533	0.000541	0.000918	0.000831	0.001454	0.000941	0.000542	0.000413
	0.001	0.000526	0.001490	0.000470	0.000617	0.000312	0.000307	0.000335	0.000872	0.000380	0.000889	0.000989	0.000296	0.000527	0.001008	0.000615	0.001111	0.000330	0.001636	0.000760	0.001212	0.000185	0.000414	0.000526	0.001366	0.000277	0.000825	0.000745	0.000568	0.000249	0.001475	0.000612	0.000517	0.000640	0.000757	0.000635	0.000392	0.001100	0.000318	0.000606	0.000686	0.000663	0.000426	0.001245	0.000857	0.000285	0.000316	0.001082	0.000612	0.000621	0.000986	0.000608	0.000277	0.000341	0.000372	0.001269	0.000588	0.000678	0.000271	0.000931	0.000758	0.000389	0.000596	0.000712
	0.01	0.010324	0.006960	0.008471	0.008780	0.005316	0.007292	0.006745	0.004938	0.003117	0.010103	0.009792	0.006718	0.006868	0.007684	0.004346	0.008130	0.005176	0.009104	0.011455	0.009852	0.017496	0.008767	0.009493	0.015920	0.005799	0.014798	0.005105	0.009097	0.006823	0.014959	0.009953	0.003869	0.007805	0.004017	0.007178	0.005328	0.011913	0.004874	0.008640	0.006665	0.005774	0.009203	0.009795	0.007017	0.008970	0.007808	0.009582	0.015976	0.004807	0.007472	0.007715	0.007247	0.005453	0.004367	0.016522	0.009239	0.007007	0.004544	0.002309	0.006984	0.006053	0.005462	0.014772
	0.01	0.007632	0.009501	0.007187	0.010587	0.003043	0.009155	0.008504	0.006441	0.002396	0.008371	0.007049	0.006613	0.008232	0.006354	0.005845	0.007569	0.006290	0.007473	0.002276	0.007994	0.005173	0.008980	0.007867	0.019039	0.004825	0.004574	0.004181	0.009710	0.006955	0.009825	0.013343	0.004815	0.006973	0.006812	0.008087	0.008993	0.014569	0.005460	0.006651	0.006521	0.005850	0.007053	0.013510	0.007239	0.007825	0.006418	0.009927	0.004673	0.005522	0.007731	0.004915	0.008925	0.010471	0.007807	0.004187	0.007607	0.004774	0.003577	0.007937	0.009584	0.009599	0.005561	0.012731
	0.01	0.009880	0.017868	0.008502	0.012117	0.007353	0.006660	0.005684	0.006696	0.006609	0.008777	0.003816	0.005864	0.012431	0.006773	0.005991	0.008454	0.005786	0.007683	0.013122	0.008292	0.005817	0.004910	0.007399	0.023144	0.007830	0.010822	0.005915	0.007596	0.008875	0.009393	0.007453	0.008606	0.006655	0.005814	0.006627	0.007531	0.009937	0.006668	0.008272	0.007548	0.005845	0.002895	0.009268	0.005272	0.006707	0.007972	0.009485	0.011903	0.008644	0.007658	0.007392	0.007123	0.007297	0.009094	0.013596	0.007718	0.005573	0.006122	0.007219	0.003051	0.009858	0.008470	0.008025
	0.1	0.070716	0.120309	0.087242	0.084739	0.053627	0.051193	0.088792	0.101218	0.054505	0.063893	0.060991	0.067045	0.117652	0.065183	0.037761	0.111488	0.043235	0.033374	0.074784	0.117587	0.110511	0.085231	0.057911	0.103736	0.053232	0.082486	0.085246	0.077860	0.054619	0.147430	0.077061	0.085865	0.083374	0.147918	0.054245	0.068668	0.089769	0.064727	0.066312	0.103959	0.083922	0.067783	0.087194	0.054881	0.058630	0.034692	0.065041	0.099256	0.067992	0.082596	0.084256	0.038223	0.049491	0.093138	0.110893	0.077602	0.051920	0.064855	0.059725	0.029855	0.054815	0.045294	0.080165
	0.1	0.052979	0.134561	0.070695	0.081267	0.053619	0.041844	0.096322	0.156026	0.048089	0.096756	0.055474	0.078495	0.119317	0.141547	0.058258	0.113281	0.064294	0.180133	0.147804	0.122371	0.108035	0.061473	0.085812	0.139214	0.053714	0.106885	0.080328	0.089492	0.043054	0.168040	0.075606	0.065289	0.096944	0.141663	0.067215	0.050366	0.095165	0.056477	0.055915	0.102518	0.092286	0.066615	0.072667	0.065074	0.061151	0.037453	0.057742	0.145678	0.048883	0.072974	0.062300	0.051925	0.063407	0.060574	0.109536	0.093608	0.042258	0.059485	0.067818	0.045255	0.052076	0.066523	0.078908
	0.1	0.103311	0.186164	0.075449	0.058570	0.039494	0.053164	0.058634	0.102722	0.057967	0.062976	0.110744	0.054210	0.085928	0.091627	0.044917	0.132421	0.047161	0.138761	0.016165	0.138942	0.098653	0.073233	0.092547	0.117808	0.046528	0.111547	0.050364	0.067468	0.051267	0.115416	0.092042	0.065993	0.081304	0.133901	0.070366	0.072682	0.083742	0.063173	0.052782	0.098366	0.117092	0.074445	0.088167	0.069137	0.055397	0.039919	0.081436	0.118384	0.042486	0.059809	0.112944	0.118673	0.042612	0.059224	0.100865	0.079820	0.056321	0.099174	0.079559	0.044890	0.064500	0.037533	0.089510
	1.0	0.550315	0.920428	0.794007	0.709690	0.991664	0.995822	1.146235	1.021383	0.964943	0.732325	0.861740	0.912480	0.985012	0.919449	1.132986	0.829221	0.825513	1.136243	0.940784	0.986596	1.228161	0.838052	0.851252	1.007560	1.184431	1.097567	0.901184	0.735339	0.623101	0.983841	1.017963	1.338716	1.021568	1.051329	0.769823	0.697197	0.730203	0.683539	0.984288	0.774938	0.830192	0.850214	1.091746	0.917830	0.905753	1.151820	1.127876	0.967868	0.995365	0.903601	0.919449	0.937996	0.979086	0.678290	0.995674	0.721078	0.955332	0.691415	0.995420	0.793907	1.072901	0.879673	1.009079
	1.0	1.196271	1.102732	1.640495	1.122205	1.041679	0.946259	0.886165	1.117250	1.044698	1.017748	1.023157	0.989543	0.848460	1.103339	0.911973	1.085968	1.056119	0.956166	0.687059	1.023342	0.873167	1.077410	1.230605	0.896639	0.691615	0.886121	1.269581	1.325707	1.095434	1.118208	0.902102	0.659405	1.109933	0.786875	1.222475	1.087608	0.960757	1.180151	1.016636	1.412647	1.213686	1.164589	0.798436	0.901602	1.096986	0.956021	1.191515	0.822298	1.184191	1.114591	1.080982	1.030687	0.985989	1.325084	0.979158	1.024828	0.919730	1.333290	0.927352	0.949429	0.945934	0.999141	1.055594
	1.0	1.253415	0.976841	0.565498	1.168105	0.966657	1.057919	0.967601	0.861367	0.990359	1.249927	1.115103	1.097977	1.166528	0.977213	0.955040	1.084811	1.118368	0.907591	1.372157	0.990062	0.898673	1.084538	0.918143	1.095800	1.123955	1.016313	0.829235	0.938954	1.281465	0.897950	1.079935	1.001879	0.868499	1.161796	1.007702	1.215196	1.309040	1.136309	0.999076	0.812416	0.956122	0.985197	1.109818	1.180568	0.997260	0.892160	0.680609	1.209835	0.820444	0.981808	0.999569	1.031317	1.034925	0.996625	1.025167	1.254094	1.124938	0.975295	1.077227	1.256664	0.981166	1.121186	0.935326
																																																																
scaled(min)	0.0001	0.000074	0.000126	0.000052	0.000123	0.000022	0.000037	0.000032	0.000080	0.000038	0.000058	0.000073	0.000066	0.000055	0.000036	0.000034	0.000070	0.000054	0.000093	0.000036	0.000087	0.000055	0.000058	0.000027	0.000074	0.000038	0.000097	0.000066	0.000056	0.000080	0.000089	0.000075	0.000024	0.000110	0.000045	0.000107	0.000041	0.000108	0.000025	0.000036	0.000065	0.000042	0.000041	0.000088	0.000047	0.000081	0.000056	0.000105	0.000083	0.000050	0.000038	0.000027	0.000034	0.000041	0.000024	0.000080	0.000124	0.000046	0.000050	0.000057	0.000047	0.000048	0.000043	0.000058
scaled(max)	1.0	1.000000	1.000000	1.000000	1.000000	1.000000	1.000000	1.000000	1.000000	1.000000	1.000000	1.000000	1.000000	1.000000	1.000000	1.000000	1.000000	1.000000	1.000000	1.000000	1.000000	1.000000	1.000000	1.000000	1.000000	1.000000	1.000000	1.000000	1.000000	1.000000	1.000000	1.000000	1.000000	1.000000	1.000000	1.000000	1.000000	1.000000	1.000000	1.000000	1.000000	1.000000	1.000000	1.000000	1.000000	1.000000	1.000000	1.000000	1.000000	1.000000	1.000000	1.000000	1.000000	1.000000	1.000000	1.000000	1.000000	1.000000	1.000000	1.000000	1.000000	1.000000	1.000000	1.000000
ratio	Bias as ratio mean	13604.87	7932.17	19381.33	8161.50	44977.38	27269.43	31301.96	12572.14	26159.72	17371.31	13682.32	15216.19	18077.37	27428.65	29657.53	14233.20	18363.28	10789.82	27663.27	11487.51	18221.60	17325.24	37036.20	13554.49	26584.95	10353.43	15155.28	17979.95	12424.28	11255.42	13414.46	42249.29	9121.98	22289.76	9381.41	24377.74	9270.25	39718.22	27623.18	15336.77	23618.54	24681.51	11399.05	21182.59	12369.25	17822.58	9543.63	12067.27	20157.36	26011.02	37161.84	29057.09	24318.55	41812.34	12513.53	8064.47	21563.89	20085.51	17559.12	21349.59	20855.86	23235.92	17224.45
																																																																
	take log																																																															
	-4.0	-4.483061	-3.899188	-4.208549	-4.474861	-4.385178	-4.852367	-4.499798	-4.404048	-4.508651	-4.086393	-4.051189	-4.261734	-4.161670	-4.486121	-4.468473	-4.222519	-4.947586	-3.987924	-4.434384	-4.240668	-4.276250	-4.212156	-4.651280	-4.509917	-4.821587	-4.125478	-4.311033	-4.552627	-4.029552	-3.888429	-4.111648	-4.822813	-3.962586	-4.406165	-3.754439	-4.804429	-3.868642	-4.753293	-4.268186	-4.122525	-4.399819	-4.363692	-4.239038	-4.722523	-3.803381	-4.133318	-3.925871	-4.185514	-4.114367	-4.295044	-4.471924	-4.349488	-4.268186	-4.514972	-4.089061	-3.976121	-4.373125	-4.037287	-4.211090	-4.631409	-4.825548	-4.681144	-4.142708
	-4.0	-4.176701	-3.798045	-4.546659	-3.580068	-4.883634	-4.268514	-4.756636	-4.494806	-4.495946	-4.385991	-3.999704	-4.080942	-4.203845	-4.511745	-4.424642	-4.159785	-4.096884	-3.971317	-4.406540	-3.932208	-4.158716	-4.148888	-4.540337	-4.213211	-4.143880	-3.993022	-4.125466	-4.233928	-4.293491	-3.967304	-4.103256	-4.692615	-3.873885	-4.432407	-4.282488	-4.246249	-4.073437	-4.346038	-4.777750	-4.094558	-4.360461	-4.379332	-4.022694	-4.056007	-4.380107	-4.199664	-4.026449	-4.253520	-4.404371	-4.431411	-4.550689	-4.497062	-4.529133	-5.158617	-4.465528	-3.812661	-4.224866	-4.400694	-4.350784	-4.714458	-4.041893	-4.471098	-4.504236
	-4.0	-3.917015	-4.032105	-4.190300	-4.148212	-4.905368	-4.375950	-4.330776	-3.776820	-4.285992	-4.304328	-4.518391	-4.226015	-4.462228	-4.337753	-4.529645	-4.088044	-4.142173	-4.164991	-4.488772	-4.061461	-4.373496	-4.389047	-4.524873	-3.888688	-4.585593	-3.946030	-4.129711	-4.094288	-4.012488	-4.531248	-4.170896	-4.447643	-4.064571	-4.233638	-4.038196	-4.295394	-3.983576	-4.892590	-4.420280	-4.400598	-4.360650	-4.437524	-3.956247	-4.458663	-4.360514	-4.500114	-3.992927	-3.894182	-4.487197	-4.558953	-4.724592	-4.573708	-4.399424	-4.465243	-3.906416	-3.949179	-4.429635	-4.748564	-4.188703	-4.009429	-4.419114	-4.127998	-4.149588
	-3.0	-3.353136	-3.317589	-3.344253	-3.740461	-3.377965	-3.803765	-3.179202	-2.979348	-3.806866	-3.263874	-3.081153	-3.321880	-3.150789	-3.275338	-3.428208	-3.152588	-3.468925	-3.869509	-3.176091	-2.851356	-3.233070	-3.061012	-3.191002	-3.133971	-4.001212	-3.099768	-3.207455	-3.419861	-3.543396	-3.285714	-3.194782	-3.225408	-3.211483	-3.350407	-3.245516	-3.333391	-3.162445	-3.527228	-3.259929	-3.200910	-3.180100	-3.173393	-3.172671	-3.947055	-3.535596	-3.413636	-3.265276	-3.283002	-3.366623	-3.481205	-3.230588	-3.024430	-3.531311	-3.364571	-3.068787	-3.285172	-3.083136	-3.398901	-3.064288	-3.101733	-3.327618	-3.430031	-3.386239
	-3.0	-3.247854	-3.033496	-3.195316	-3.415765	-3.586922	-3.636797	-3.313060	-3.115011	-3.228046	-3.028863	-3.174136	-3.012113	-3.149716	-3.120132	-3.644473	-3.226308	-3.529379	-3.694528	-3.279760	-2.857168	-3.185675	-3.299656	-3.406463	-3.042518	-3.118559	-3.079175	-3.447372	-3.278257	-2.973852	-3.297465	-3.161969	-3.494474	-3.020831	-3.123216	-3.232858	-3.709721	-3.048914	-3.369711	-3.209971	-3.004109	-3.063521	-3.140263	-3.232931	-3.312497	-3.391152	-3.429584	-3.475910	-3.094163	-2.822534	-3.469524	-3.507803	-2.989268	-3.056013	-3.331377	-2.844364	-3.273259	-3.266835	-3.037058	-3.080630	-2.837322	-3.026588	-3.265737	-3.384251
	-3.0	-3.279301	-2.826841	-3.328032	-3.209503	-3.505745	-3.513093	-3.474581	-3.059684	-3.419696	-3.051097	-3.004833	-3.528943	-3.278002	-2.996333	-3.211290	-2.954351	-3.481961	-2.786258	-3.119411	-2.916524	-3.732934	-3.382587	-3.279046	-2.864660	-3.557369	-3.083619	-3.127584	-3.245971	-3.603533	-2.831079	-3.213122	-3.286312	-3.194068	-3.121169	-3.197317	-3.406833	-2.958524	-3.497117	-3.217655	-3.163586	-3.178540	-3.371024	-2.904890	-3.066832	-3.544842	-3.499825	-2.965831	-3.213048	-3.206700	-3.006235	-3.216319	-3.557021	-3.467783	-3.429665	-2.896413	-3.230655	-3.168499	-3.566701	-3.031004	-3.120180	-3.410040	-3.225033	-3.147793
	-2.0	-1.986170	-2.157414	-2.072063	-2.056510	-2.274400	-2.137150	-2.171006	-2.306485	-2.506202	-1.995537	-2.009117	-2.172752	-2.163142	-2.114404	-2.361868	-2.089893	-2.286014	-2.040786	-1.941009	-2.006472	-1.757058	-2.057170	-2.022598	-1.798066	-2.236675	-1.829805	-2.292027	-2.041088	-2.166021	-1.825088	-2.002033	-2.412436	-2.107626	-2.396096	-2.143974	-2.273425	-1.923975	-2.312074	-2.063462	-2.176175	-2.238538	-2.036054	-2.008997	-2.153874	-2.047214	-2.107476	-2.018556	-1.796535	-2.318124	-2.126571	-2.112673	-2.139869	-2.263349	-2.359846	-1.781942	-2.034361	-2.154483	-2.342596	-2.636632	-2.155895	-2.218064	-2.262651	-1.830572
	-2.0	-2.117375	-2.022222	-2.143464	-1.975247	-2.516682	-2.038344	-2.070402	-2.191077	-2.620487	-2.077240	-2.151860	-2.179595	-2.084478	-2.196953	-2.233233	-2.120939	-2.201348	-2.126519	-2.642738	-2.097236	-2.286277	-2.046704	-2.104217	-1.720363	-2.316483	-2.339688	-2.378742	-2.012795	-2.157696	-2.007650	-1.874749	-2.317428	-2.156572	-2.166713	-2.092222	-2.046080	-1.836569	-2.262780	-2.177136	-2.185670	-2.232856	-2.151627	-1.869345	-2.140302	-2.106535	-2.192618	-2.003187	-2.330447	-2.257897	-2.111782	-2.308464	-2.049376	-1.980000	-2.107542	-2.378119	-2.118788	-2.321145	-2.446475	-2.100336	-2.018446	-2.017777	-2.254862	-1.895143
	-2.0	-2.005245	-1.747920	-2.070483	-1.916622	-2.133537	-2.176545	-2.245354	-2.174163	-2.179857	-2.056676	-2.418418	-2.231835	-1.905483	-2.169241	-2.222466	-2.072931	-2.237594	-2.114452	-1.882014	-2.081334	-2.235291	-2.308908	-2.130815	-1.635554	-2.106254	-1.965683	-2.228023	-2.119435	-2.051836	-2.027210	-2.127678	-2.065203	-2.176841	-2.235509	-2.178684	-2.123144	-2.002748	-2.176005	-2.082404	-2.122193	-2.233209	-2.538291	-2.032992	-2.278048	-2.173481	-2.098427	-2.022978	-1.924329	-2.063307	-2.115911	-2.131251	-2.147329	-2.136842	-2.041222	-1.866584	-2.112500	-2.253929	-2.213127	-2.141524	-2.515554	-2.006203	-2.072110	-2.095562
	-1.0	-1.150482	-0.919703	-1.059275	-1.071916	-1.270613	-1.290793	-1.051628	-0.994744	-1.263565	-1.194547	-1.214734	-1.173635	-0.929401	-1.185867	-1.422951	-0.952772	-1.364164	-1.476587	-1.126189	-0.929640	-0.956596	-1.069404	-1.237240	-0.984071	-1.273829	-1.083619	-1.069326	-1.108685	-1.262654	-0.831415	-1.113164	-1.066182	-1.078967	-0.829978	-1.265643	-1.163243	-1.046875	-1.188915	-1.178405	-0.983137	-1.076124	-1.168877	-1.059515	-1.260578	-1.231879	-1.459776	-1.186814	-1.003242	-1.167541	-1.083043	-1.074400	-1.417680	-1.305478	-1.030871	-0.955097	-1.110129	-1.284663	-1.188055	-1.223842	-1.524979	-1.261101	-1.343956	-1.096016
	-1.0	-1.275898	-0.871082	-1.150611	-1.090085	-1.270682	-1.378368	-1.016273	-0.806802	-1.317951	-1.014323	-1.255909	-1.105157	-0.923297	-0.849098	-1.234641	-0.945844	-1.191831	-0.744407	-0.830314	-0.912321	-0.966437	-1.211316	-1.066450	-0.856317	-1.269910	-0.971081	-1.095134	-1.048214	-1.365986	-0.774586	-1.121442	-1.185162	-1.013481	-0.848745	-1.172533	-1.297859	-1.021524	-1.248131	-1.252472	-0.989201	-1.034865	-1.176430	-1.138661	-1.186590	-1.213599	-1.426518	-1.238507	-0.836605	-1.310845	-1.136829	-1.205510	-1.284625	-1.197863	-1.217716	-0.960443	-1.028687	-1.374090	-1.225591	-1.168652	-1.344332	-1.283361	-1.177025	-1.102881
	-1.0	-0.985854	-0.730105	-1.122346	-1.232325	-1.403468	-1.274385	-1.231851	-0.988339	-1.236821	-1.200822	-0.955679	-1.265920	-1.065863	-1.037977	-1.347588	-0.878043	-1.326417	-0.857732	-1.791432	-0.857168	-1.005891	-1.135293	-1.033636	-0.928825	-1.332286	-0.952543	-1.297877	-1.170903	-1.290160	-0.937734	-1.036012	-1.180500	-1.089889	-0.873218	-1.152638	-1.138571	-1.077056	-1.199471	-1.277515	-1.007154	-0.931474	-1.128165	-1.054695	-1.160290	-1.256512	-1.398826	-1.089185	-0.926707	-1.371754	-1.223236	-0.947136	-0.925650	-1.370464	-1.227503	-0.996259	-1.097886	-1.249329	-1.003601	-1.099312	-1.347855	-1.190438	-1.425583	-1.048130
	0.0	-0.259389	-0.036010	-0.100176	-0.148931	-0.003635	-0.001818	0.059274	0.009189	-0.015498	-0.135296	-0.064624	-0.039777	-0.006558	-0.036472	0.054225	-0.081330	-0.083276	0.055471	-0.026510	-0.005861	0.089255	-0.076729	-0.069942	0.003271	0.073510	0.040431	-0.045187	-0.133512	-0.205441	-0.007075	0.007732	0.126689	0.009267	0.021738	-0.113609	-0.156645	-0.136556	-0.165237	-0.006878	-0.110733	-0.080822	-0.070472	0.038122	-0.037238	-0.042990	0.061384	0.052261	-0.014184	-0.002018	-0.044023	-0.036473	-0.027799	-0.009179	-0.168584	-0.001883	-0.142018	-0.019846	-0.160261	-0.001993	-0.100230	0.030559	-0.055679	0.003925
	0.0	0.077829	0.042470	0.214975	0.050072	0.017734	-0.023990	-0.052486	0.048150	0.018991	0.007640	0.009942	-0.004565	-0.071369	0.042709	-0.040018	0.035817	0.023713	-0.019467	-0.163006	0.010021	-0.058903	0.032381	0.090119	-0.047382	-0.160136	-0.052507	0.103660	0.122447	0.039586	0.048523	-0.044745	-0.180848	0.045297	-0.104094	0.087240	0.036472	-0.017387	0.071938	0.007165	0.150034	0.084106	0.066173	-0.097760	-0.044985	0.040201	-0.019533	0.076099	-0.084971	0.073422	0.047116	0.033819	0.013127	-0.006128	0.122244	-0.009147	0.010651	-0.036340	0.124925	-0.032755	-0.022538	-0.024139	-0.000373	0.023497
	0.0	0.098095	-0.010176	-0.247569	0.067482	-0.014728	0.024452	-0.014304	-0.064812	-0.004207	0.096885	0.047315	0.040593	0.066895	-0.010011	-0.019978	0.035354	0.048585	-0.042110	0.137404	-0.004337	-0.046399	0.035245	-0.037090	0.039731	0.050749	0.007027	-0.081322	-0.027356	0.107707	-0.046748	0.033398	0.000815	-0.061231	0.065130	0.003332	0.084646	0.116953	0.055497	-0.000402	-0.090222	-0.019487	-0.006477	0.045252	0.072091	-0.001191	-0.049557	-0.167102	0.082726	-0.085951	-0.007973	-0.000187	0.013392	0.014909	-0.001468	0.010795	0.098330	0.051129	-0.010864	0.032307	0.099219	-0.008258	0.049678	-0.029037
SSx	30																																																															
		AHCY	AKR1C1	ARHGEF7	BIRC5	CAMTA1	CAMTA2	CD44	CDCA5	CDKN3	CHD5	CLSTN1	CPSG3	DDC	DPYSL3	ECEL1	ELAVL4	EPB41L3	EPHA5	EPN2	FYN	GNB1	HIVEP2	HMBS	HPRT1	IGSF4	INPP1	MAP2K4	MAP7	MAPT	MCM2	MRPL3	MTSS1	MYCN	NHLH2	NM23A	NRCAM	NTRK1	ODC1	PAICS	PDE4DIP	PIK3R1	PLAGL1	PLAT	PMP22	PRAME	PRDM2	PRKACB	PRKCZ	PTN	PTPRF	PTPRH	PTPRN2	QPCT	SCG2	SDHA	SLC25A5	SLC6A8	SNAPC1	TNFRSF	TYMS	UBC	ULK2	WSB1
	slope = bias	1.048489	1.003609	1.072028	1.043831	1.162432	1.133369	1.127549	1.056685	1.107201	1.047534	1.031921	1.048270	1.076446	1.099418	1.103759	1.049232	1.098306	1.050261	1.079416	1.013141	1.093586	1.060307	1.131278	1.049560	1.127716	1.012476	1.046893	1.076704	1.025225	1.054463	1.035454	1.146460	1.001093	1.105094	1.006302	1.115712	0.993392	1.155526	1.097046	1.050754	1.086305	1.085025	1.015494	1.105768	1.061655	1.056957	1.000184	1.048574	1.050950	1.102497	1.140546	1.092691	1.085800	1.161052	1.027310	0.998741	1.055184	1.095537	1.039346	1.050186	1.086626	1.084066	1.075370
	correlation = R	0.994323	0.994354	0.996562	0.985239	0.995798	0.992631	0.997268	0.993041	0.994070	0.997290	0.994264	0.996493	0.997876	0.997246	0.996950	0.998596	0.991671	0.980074	0.985931	0.997485	0.993113	0.997580	0.997740	0.991750	0.989677	0.997049	0.996555	0.996752	0.990620	0.992273	0.998656	0.996442	0.997830	0.996262	0.995293	0.994254	0.997883	0.996932	0.996303	0.997774	0.998572	0.997081	0.997276	0.990362	0.992276	0.993557	0.994430	0.994918	0.993586	0.996914	0.997638	0.993440	0.995314	0.993529	0.992815	0.995806	0.997159	0.992728	0.994767	0.985730	0.992570	0.995246	0.995629
																																																																
	Sres	0.170442	0.162702	0.135391	0.275512	0.162389	0.210176	0.126866	0.190369	0.183997	0.117401	0.168635	0.133711	0.106760	0.124203	0.131264	0.084549	0.216689	0.323351	0.277999	0.109370	0.195979	0.112260	0.115732	0.206083	0.248081	0.118416	0.132345	0.132150	0.214825	0.200299	0.081647	0.147313	0.100345	0.145564	0.148843	0.182480	0.098339	0.137818	0.143694	0.106682	0.088286	0.126205	0.114090	0.234925	0.201617	0.183145	0.161039	0.161206	0.181701	0.131885	0.119305	0.191066	0.160239	0.201637	0.188091	0.139388	0.121077	0.201800	0.162164	0.272443	0.202356	0.161153	0.153238
	Sxx	30	30	30	30	30	30	30	30	30	30	30	30	30	30	30	30	30	30	30	30	30	30	30	30	30	30	30	30	30	30	30	30	30	30	30	30	30	30	30	30	30	30	30	30	30	30	30	30	30	30	30	30	30	30	30	30	30	30	30	30	30	30	30
	se of slope	0.031118	0.029705	0.024719	0.050301	0.029648	0.038373	0.023163	0.034756	0.033593	0.021434	0.030788	0.024412	0.019492	0.022676	0.023965	0.015436	0.039562	0.059036	0.050755	0.019968	0.035781	0.020496	0.021130	0.037626	0.045293	0.021620	0.024163	0.024127	0.039222	0.036569	0.014907	0.026896	0.018320	0.026576	0.027175	0.033316	0.017954	0.025162	0.026235	0.019477	0.016119	0.023042	0.020830	0.042891	0.036810	0.033438	0.029402	0.029432	0.033174	0.024079	0.021782	0.034884	0.029256	0.036814	0.034341	0.025449	0.022106	0.036844	0.029607	0.049741	0.036945	0.029422	0.027977
expected slope	1																																																															
	t	1.558229	0.121505	2.913900	0.871367	5.478673	3.475609	5.506706	1.630928	3.191145	2.217666	1.036792	1.977296	3.921986	4.384235	4.329537	3.189361	2.484872	0.851364	1.564689	0.658112	2.615554	2.942425	6.212941	1.317200	2.819764	0.577063	1.940724	3.179164	0.643140	1.489303	2.378397	5.445516	0.059673	3.954428	0.231891	3.473157	0.368052	6.180979	3.699125	2.605824	5.354332	3.690035	0.743812	2.465963	1.674942	1.703377	0.006260	1.650394	1.535839	4.256730	6.452381	2.657134	2.932764	4.374780	0.795273	0.049469	2.496400	2.593038	1.328947	1.008936	2.344726	2.857195	2.693967
	p (slope = 1)	1.4318e-01	9.0515e-01	1.2081e-02	3.9936e-01	1.0592e-04	4.1015e-03	1.0099e-04	1.2688e-01	7.0874e-03	4.5012e-02	3.1873e-01	6.9609e-02	1.7518e-03	7.3881e-04	8.1734e-04	7.1118e-03	2.7358e-02	4.0998e-01	1.4166e-01	5.2195e-01	2.1366e-02	1.1437e-02	3.1529e-05	2.1052e-01	1.4472e-02	5.7375e-01	7.4291e-02	7.2528e-03	5.3131e-01	1.6026e-01	3.3408e-02	1.1207e-04	9.5332e-01	1.6477e-03	8.2023e-01	4.1208e-03	7.1876e-01	3.3185e-05	2.6745e-03	2.1764e-02	1.3101e-04	2.7213e-03	4.7022e-01	2.8349e-02	1.1782e-01	1.1227e-01	9.9510e-01	1.2280e-01	1.4855e-01	9.3543e-04	2.1584e-05	1.9742e-02	1.1651e-02	7.5181e-04	4.4073e-01	9.6130e-01	2.6770e-02	2.2299e-02	2.0672e-01	3.3142e-01	3.5574e-02	1.3470e-02	1.8404e-02
																																																																
	Derivation from regression																																																															
	is independent of scaling																																																															
	ncount	15	15	15	15	15	15	15	15	15	15	15	15	15	15	15	15	15	15	15	15	15	15	15	15	15	15	15	15	15	15	15	15	15	15	15	15	15	15	15	15	15	15	15	15	15	15	15	15	15	15	15	15	15	15	15	15	15	15	15	15	15	15	15
	ngroups	5	5	5	5	5	5	5	5	5	5	5	5	5	5	5	5	5	5	5	5	5	5	5	5	5	5	5	5	5	5	5	5	5	5	5	5	5	5	5	5	5	5	5	5	5	5	5	5	5	5	5	5	5	5	5	5	5	5	5	5	5	5	5
																																																																
	var	2.382683	2.182935	2.479688	2.405306	2.920020	2.793571	2.739304	2.426332	2.658351	2.364215	2.308252	2.371324	2.493587	2.604440	2.626608	2.365684	2.628478	2.460761	2.568491	2.210655	2.598373	2.420812	2.754844	2.399959	2.782313	2.209680	2.364804	2.500414	2.295181	2.419879	2.303687	2.836660	2.156895	2.636603	2.190521	2.698378	2.123610	2.878866	2.598121	2.376464	2.535935	2.537532	2.221859	2.671369	2.452983	2.425056	2.167727	2.380220	2.397433	2.620793	2.800744	2.592412	2.550188	2.926416	2.294350	2.155506	2.399499	2.609673	2.339220	2.432258	2.568215	2.542397	2.499847
	SStotal	33.357557	30.561085	34.715637	33.674288	40.880284	39.110001	38.350259	33.968642	37.216909	33.099010	32.315534	33.198540	34.910224	36.462164	36.772506	33.119577	36.798694	34.450658	35.958879	30.949165	36.377221	33.891373	38.567817	33.599421	38.952379	30.935518	33.107260	35.005796	32.132533	33.878311	32.251618	39.713240	30.196529	36.912435	30.667294	37.777294	29.730543	40.304122	36.373693	33.270501	35.503094	35.525448	31.106027	37.399169	34.341766	33.950785	30.348180	33.323086	33.564057	36.691105	39.210422	36.293765	35.702626	40.969818	32.120902	30.177091	33.592987	36.535426	32.749079	34.051615	35.955008	35.593562	34.997862
																																																																
	variance per concentration	0.080284	0.013780	0.040274	0.205024	0.086588	0.096566	0.045982	0.152859	0.015636	0.023987	0.081661	0.009168	0.026479	0.008824	0.002782	0.004528	0.229073	0.011523	0.001749	0.023995	0.011567	0.015495	0.004754	0.096546	0.118348	0.008659	0.011222	0.055191	0.024820	0.122912	0.001359	0.036286	0.009105	0.011661	0.069839	0.095516	0.010538	0.080663	0.068429	0.028628	0.000514	0.001514	0.021865	0.112666	0.107232	0.038202	0.002623	0.036437	0.038327	0.017418	0.016715	0.012988	0.017024	0.149586	0.081282	0.007680	0.011184	0.126499	0.007714	0.148470	0.153600	0.077968	0.042754
		0.002921	0.060708	0.006676	0.071648	0.011097	0.021279	0.021876	0.004653	0.086944	0.016833	0.007189	0.067657	0.005440	0.019543	0.046912	0.019782	0.001012	0.338167	0.006612	0.001301	0.091934	0.027873	0.011735	0.018754	0.194771	0.000117	0.027701	0.008555	0.120749	0.070724	0.000672	0.019906	0.011110	0.017362	0.000624	0.039793	0.010441	0.006992	0.000724	0.010926	0.004470	0.015568	0.030492	0.206301	0.007428	0.002103	0.065703	0.009115	0.078199	0.073395	0.027003	0.101206	0.066583	0.002500	0.013798	0.000822	0.008450	0.073268	0.000640	0.025044	0.040741	0.011779	0.018795
		0.005025	0.043534	0.001738	0.004935	0.037557	0.005069	0.007710	0.005186	0.052286	0.001806	0.043159	0.001044	0.017436	0.001765	0.006016	0.000593	0.001804	0.002154	0.179101	0.002349	0.085230	0.022039	0.003180	0.006607	0.011263	0.069721	0.005722	0.003052	0.004052	0.012427	0.015993	0.032202	0.001266	0.013856	0.001893	0.013368	0.006910	0.004746	0.003709	0.001172	0.000010	0.069185	0.007810	0.005763	0.003991	0.002701	0.000108	0.077721	0.017737	0.000058	0.011681	0.002973	0.020148	0.028263	0.104043	0.002212	0.007031	0.013667	0.089074	0.065894	0.014189	0.011627	0.019093
		0.021160	0.009698	0.002187	0.007716	0.005880	0.003125	0.013367	0.011386	0.001709	0.011217	0.026490	0.006508	0.006497	0.028493	0.008983	0.001705	0.008206	0.155319	0.242306	0.001432	0.000681	0.005043	0.011950	0.004105	0.001221	0.005032	0.015668	0.003763	0.002864	0.006858	0.002220	0.004541	0.001708	0.000470	0.003639	0.007351	0.000773	0.000998	0.002656	0.000156	0.005553	0.000674	0.002223	0.002704	0.000464	0.000931	0.005750	0.006957	0.010992	0.005002	0.016691	0.064777	0.007599	0.012278	0.000501	0.001929	0.004135	0.014119	0.003894	0.010670	0.002354	0.016052	0.000890
		0.040320	0.001600	0.055832	0.014457	0.000272	0.000588	0.003227	0.003292	0.000309	0.013717	0.003248	0.001623	0.004785	0.001625	0.002465	0.004556	0.004909	0.002608	0.022624	0.000077	0.006752	0.004075	0.007147	0.001914	0.016597	0.002216	0.009613	0.016538	0.027123	0.002290	0.001586	0.023904	0.002936	0.007726	0.010176	0.016306	0.016086	0.017541	0.000049	0.021024	0.006949	0.004674	0.006494	0.004287	0.001730	0.003293	0.017973	0.007087	0.006356	0.002107	0.001236	0.000562	0.000172	0.021302	0.000102	0.014794	0.002160	0.020348	0.001059	0.010107	0.000792	0.002777	0.000705
	SS per concentration	0.160567	0.027560	0.080548	0.410047	0.173176	0.193133	0.091964	0.305718	0.031273	0.047975	0.163321	0.018336	0.052959	0.017648	0.005563	0.009055	0.458145	0.023046	0.003498	0.047990	0.023134	0.030990	0.009509	0.193091	0.236697	0.017318	0.022443	0.110381	0.049639	0.245824	0.002719	0.072572	0.018210	0.023321	0.139677	0.191032	0.021075	0.161326	0.136858	0.057256	0.001028	0.003027	0.043730	0.225332	0.214464	0.076404	0.005245	0.072874	0.076655	0.034837	0.033429	0.025976	0.034047	0.299173	0.162564	0.015361	0.022368	0.252997	0.015429	0.296941	0.307199	0.155936	0.085509
		0.005842	0.121416	0.013353	0.143296	0.022194	0.042557	0.043752	0.009306	0.173887	0.033666	0.014378	0.135315	0.010881	0.039086	0.093824	0.039564	0.002024	0.676334	0.013224	0.002601	0.183867	0.055747	0.023470	0.037509	0.389542	0.000235	0.055401	0.017111	0.241499	0.141449	0.001343	0.039812	0.022221	0.034723	0.001249	0.079586	0.020881	0.013983	0.001447	0.021852	0.008941	0.031135	0.060983	0.412602	0.014857	0.004206	0.131405	0.018229	0.156397	0.146790	0.054005	0.202411	0.133166	0.005000	0.027596	0.001643	0.016901	0.146536	0.001279	0.050087	0.081483	0.023558	0.037591
		0.010050	0.087068	0.003476	0.009870	0.075114	0.010138	0.015419	0.010371	0.104572	0.003612	0.086319	0.002089	0.034872	0.003530	0.012032	0.001185	0.003609	0.004307	0.358202	0.004699	0.170460	0.044078	0.006360	0.013214	0.022525	0.139441	0.011444	0.006104	0.008105	0.024855	0.031987	0.064405	0.002532	0.027713	0.003786	0.026736	0.013820	0.009492	0.007418	0.002345	0.000020	0.138369	0.015620	0.011526	0.007981	0.005401	0.000216	0.155442	0.035475	0.000116	0.023361	0.005946	0.040296	0.056526	0.208086	0.004424	0.014061	0.027335	0.178147	0.131788	0.028378	0.023255	0.038186
		0.042319	0.019395	0.004373	0.015431	0.011761	0.006250	0.026735	0.022773	0.003418	0.022434	0.052981	0.013017	0.012995	0.056987	0.017966	0.003410	0.016412	0.310637	0.484613	0.002865	0.001361	0.010087	0.023900	0.008210	0.002441	0.010063	0.031335	0.007527	0.005728	0.013717	0.004440	0.009082	0.003415	0.000940	0.007278	0.014701	0.001546	0.001995	0.005312	0.000312	0.011105	0.001348	0.004446	0.005408	0.000927	0.001863	0.011500	0.013915	0.021983	0.010004	0.033381	0.129554	0.015199	0.024557	0.001002	0.003857	0.008270	0.028237	0.007787	0.021340	0.004708	0.032103	0.001779
		0.080641	0.003199	0.111664	0.028913	0.000544	0.001176	0.006454	0.006585	0.000618	0.027434	0.006496	0.003246	0.009571	0.003250	0.004930	0.009113	0.009818	0.005217	0.045248	0.000154	0.013503	0.008150	0.014294	0.003828	0.033193	0.004433	0.019227	0.033075	0.054247	0.004580	0.003173	0.047808	0.005872	0.015451	0.020352	0.032612	0.032172	0.035082	0.000099	0.042048	0.013898	0.009348	0.012989	0.008573	0.003460	0.006586	0.035945	0.014175	0.012712	0.004214	0.002471	0.001124	0.000344	0.042604	0.000204	0.029588	0.004320	0.040696	0.002119	0.020214	0.001584	0.005555	0.001410
	SSwithin	0.299419	0.258639	0.213413	0.607557	0.282789	0.253254	0.184323	0.354754	0.313769	0.135121	0.323495	0.172002	0.121277	0.120500	0.134314	0.062328	0.490008	1.019542	0.904785	0.058308	0.392325	0.149051	0.077533	0.255852	0.684399	0.171490	0.139851	0.174197	0.359217	0.430425	0.043661	0.233679	0.052251	0.102148	0.172343	0.344668	0.089494	0.221878	0.151134	0.123812	0.034992	0.183228	0.137768	0.663442	0.241690	0.094459	0.184312	0.274635	0.303222	0.195961	0.146648	0.365011	0.223052	0.427860	0.399452	0.054873	0.065921	0.495802	0.204761	0.520369	0.423351	0.240407	0.164474
	SSbetween	33.058138	30.302446	34.502224	33.066731	40.597495	38.856746	38.165936	33.613888	36.903140	32.963888	31.992039	33.026538	34.788947	36.341664	36.638192	33.057250	36.308686	33.431115	35.054094	30.890857	35.984896	33.742322	38.490284	33.343569	38.267980	30.764028	32.967409	34.831598	31.773315	33.447887	32.207957	39.479561	30.144278	36.810287	30.494951	37.432627	29.641049	40.082244	36.222559	33.146689	35.468102	35.342219	30.968259	36.735727	34.100075	33.856326	30.163868	33.048451	33.260836	36.495144	39.063775	35.928754	35.479574	40.541959	31.721450	30.122218	33.527066	36.039624	32.544318	33.531246	35.531657	35.353155	34.833388
																																																																
	stexy	0.170442	0.162702	0.135391	0.275512	0.162389	0.210176	0.126866	0.190369	0.183997	0.117401	0.168635	0.133711	0.106760	0.124203	0.131264	0.084549	0.216689	0.323351	0.277999	0.109370	0.195979	0.112260	0.115732	0.206083	0.248081	0.118416	0.132345	0.132150	0.214825	0.200299	0.081647	0.147313	0.100345	0.145564	0.148843	0.182480	0.098339	0.137818	0.143694	0.106682	0.088286	0.126205	0.114090	0.234925	0.201617	0.183145	0.161039	0.161206	0.181701	0.131885	0.119305	0.191066	0.160239	0.201637	0.188091	0.139388	0.121077	0.201800	0.162164	0.272443	0.202356	0.161153	0.153238
	SSres	0.377655	0.344134	0.238298	0.986792	0.342814	0.574263	0.209236	0.471126	0.440115	0.179177	0.369692	0.232424	0.148169	0.200544	0.223992	0.092930	0.610405	1.359228	1.004683	0.155505	0.499299	0.163830	0.174122	0.552115	0.800074	0.182291	0.227697	0.227028	0.599948	0.521554	0.086662	0.282115	0.130899	0.275456	0.288006	0.432886	0.125718	0.246920	0.268422	0.147953	0.101328	0.207061	0.169215	0.717467	0.528442	0.436049	0.337135	0.337835	0.429197	0.226118	0.185039	0.474580	0.333797	0.528550	0.459918	0.252578	0.190575	0.529404	0.341865	0.964926	0.532325	0.337615	0.305263
	SSregression	32.979902	30.216951	34.477338	32.687495	40.537470	38.535738	38.141023	33.497517	36.776794	32.919832	31.945842	32.966116	34.762055	36.261620	36.548514	33.026647	36.188290	33.091429	34.954196	30.793660	35.877922	33.727543	38.393695	33.047306	38.152305	30.753227	32.879563	34.778768	31.532585	33.356757	32.164956	39.431126	30.065630	36.636979	30.379289	37.344408	29.604824	40.057203	36.105271	33.122548	35.401767	35.318387	30.936813	36.681702	33.813323	33.514736	30.011045	32.985250	33.134860	36.464987	39.025383	35.819185	35.368829	40.441269	31.660984	29.924513	33.402412	36.006022	32.407214	33.086689	35.422683	35.255947	34.692599
	SSderivation	0.078236	0.085495	0.024886	0.379235	0.060025	0.321008	0.024913	0.116372	0.126345	0.044056	0.046197	0.060422	0.026893	0.080044	0.089678	0.030602	0.120396	0.339686	0.099898	0.097197	0.106974	0.014779	0.096589	0.296263	0.115675	0.010801	0.087846	0.052830	0.240731	0.091129	0.043001	0.048435	0.078648	0.173308	0.115663	0.088218	0.036224	0.025041	0.117288	0.024141	0.066335	0.023833	0.031447	0.054026	0.286752	0.341590	0.152823	0.063201	0.125976	0.030157	0.038392	0.109569	0.110744	0.100690	0.060466	0.197705	0.124654	0.033602	0.137104	0.444558	0.108974	0.097208	0.140788
																																																																
16		SS	SS	SS	SS	SS	SS	SS	SS	SS	SS	SS	SS	SS	SS	SS	SS	SS	SS	SS	SS	SS	SS	SS	SS	SS	SS	SS	SS	SS	SS	SS	SS	SS	SS	SS	SS	SS	SS	SS	SS	SS	SS	SS	SS	SS	SS	SS	SS	SS	SS	SS	SS	SS	SS	SS	SS	SS	SS	SS	SS	SS	SS	SS
	between	33.058138	30.302446	34.502224	33.066731	40.597495	38.856746	38.165936	33.613888	36.903140	32.963888	31.992039	33.026538	34.788947	36.341664	36.638192	33.057250	36.308686	33.431115	35.054094	30.890857	35.984896	33.742322	38.490284	33.343569	38.267980	30.764028	32.967409	34.831598	31.773315	33.447887	32.207957	39.479561	30.144278	36.810287	30.494951	37.432627	29.641049	40.082244	36.222559	33.146689	35.468102	35.342219	30.968259	36.735727	34.100075	33.856326	30.163868	33.048451	33.260836	36.495144	39.063775	35.928754	35.479574	40.541959	31.721450	30.122218	33.527066	36.039624	32.544318	33.531246	35.531657	35.353155	34.833388
	regression	32.979902	30.216951	34.477338	32.687495	40.537470	38.535738	38.141023	33.497517	36.776794	32.919832	31.945842	32.966116	34.762055	36.261620	36.548514	33.026647	36.188290	33.091429	34.954196	30.793660	35.877922	33.727543	38.393695	33.047306	38.152305	30.753227	32.879563	34.778768	31.532585	33.356757	32.164956	39.431126	30.065630	36.636979	30.379289	37.344408	29.604824	40.057203	36.105271	33.122548	35.401767	35.318387	30.936813	36.681702	33.813323	33.514736	30.011045	32.985250	33.134860	36.464987	39.025383	35.819185	35.368829	40.441269	31.660984	29.924513	33.402412	36.006022	32.407214	33.086689	35.422683	35.255947	34.692599
	derivation	0.078236	0.085495	0.024886	0.379235	0.060025	0.321008	0.024913	0.116372	0.126345	0.044056	0.046197	0.060422	0.026893	0.080044	0.089678	0.030602	0.120396	0.339686	0.099898	0.097197	0.106974	0.014779	0.096589	0.296263	0.115675	0.010801	0.087846	0.052830	0.240731	0.091129	0.043001	0.048435	0.078648	0.173308	0.115663	0.088218	0.036224	0.025041	0.117288	0.024141	0.066335	0.023833	0.031447	0.054026	0.286752	0.341590	0.152823	0.063201	0.125976	0.030157	0.038392	0.109569	0.110744	0.100690	0.060466	0.197705	0.124654	0.033602	0.137104	0.444558	0.108974	0.097208	0.140788
	within	0.299419	0.258639	0.213413	0.607557	0.282789	0.253254	0.184323	0.354754	0.313769	0.135121	0.323495	0.172002	0.121277	0.120500	0.134314	0.062328	0.490008	1.019542	0.904785	0.058308	0.392325	0.149051	0.077533	0.255852	0.684399	0.171490	0.139851	0.174197	0.359217	0.430425	0.043661	0.233679	0.052251	0.102148	0.172343	0.344668	0.089494	0.221878	0.151134	0.123812	0.034992	0.183228	0.137768	0.663442	0.241690	0.094459	0.184312	0.274635	0.303222	0.195961	0.146648	0.365011	0.223052	0.427860	0.399452	0.054873	0.065921	0.495802	0.204761	0.520369	0.423351	0.240407	0.164474
																																																																
		df	df	df	df	df	df	df	df	df	df	df	df	df	df	df	df	df	df	df	df	df	df	df	df	df	df	df	df	df	df	df	df	df	df	df	df	df	df	df	df	df	df	df	df	df	df	df	df	df	df	df	df	df	df	df	df	df	df	df	df	df	df	df
	between	4	4	4	4	4	4	4	4	4	4	4	4	4	4	4	4	4	4	4	4	4	4	4	4	4	4	4	4	4	4	4	4	4	4	4	4	4	4	4	4	4	4	4	4	4	4	4	4	4	4	4	4	4	4	4	4	4	4	4	4	4	4	4
	regression	1	1	1	1	1	1	1	1	1	1	1	1	1	1	1	1	1	1	1	1	1	1	1	1	1	1	1	1	1	1	1	1	1	1	1	1	1	1	1	1	1	1	1	1	1	1	1	1	1	1	1	1	1	1	1	1	1	1	1	1	1	1	1
	derivation	3	3	3	3	3	3	3	3	3	3	3	3	3	3	3	3	3	3	3	3	3	3	3	3	3	3	3	3	3	3	3	3	3	3	3	3	3	3	3	3	3	3	3	3	3	3	3	3	3	3	3	3	3	3	3	3	3	3	3	3	3	3	3
	within	10	10	10	10	10	10	10	10	10	10	10	10	10	10	10	10	10	10	10	10	10	10	10	10	10	10	10	10	10	10	10	10	10	10	10	10	10	10	10	10	10	10	10	10	10	10	10	10	10	10	10	10	10	10	10	10	10	10	10	10	10	10	10
																																																																
		MS	MS	MS	MS	MS	MS	MS	MS	MS	MS	MS	MS	MS	MS	MS	MS	MS	MS	MS	MS	MS	MS	MS	MS	MS	MS	MS	MS	MS	MS	MS	MS	MS	MS	MS	MS	MS	MS	MS	MS	MS	MS	MS	MS	MS	MS	MS	MS	MS	MS	MS	MS	MS	MS	MS	MS	MS	MS	MS	MS	MS	MS	MS
	between	8.264535	7.575611	8.625556	8.266683	10.149374	9.714187	9.541484	8.403472	9.225785	8.240972	7.998010	8.256634	8.697237	9.085416	9.159548	8.264312	9.077172	8.357779	8.763523	7.722714	8.996224	8.435581	9.622571	8.335892	9.566995	7.691007	8.241852	8.707900	7.943329	8.361972	8.051989	9.869890	7.536070	9.202572	7.623738	9.358157	7.410262	10.020561	9.055640	8.286672	8.867026	8.835555	7.742065	9.183932	8.525019	8.464082	7.540967	8.262113	8.315209	9.123786	9.765944	8.982188	8.869893	10.135490	7.930362	7.530554	8.381767	9.009906	8.136080	8.382812	8.882914	8.838289	8.708347
	regression	32.979902	30.216951	34.477338	32.687495	40.537470	38.535738	38.141023	33.497517	36.776794	32.919832	31.945842	32.966116	34.762055	36.261620	36.548514	33.026647	36.188290	33.091429	34.954196	30.793660	35.877922	33.727543	38.393695	33.047306	38.152305	30.753227	32.879563	34.778768	31.532585	33.356757	32.164956	39.431126	30.065630	36.636979	30.379289	37.344408	29.604824	40.057203	36.105271	33.122548	35.401767	35.318387	30.936813	36.681702	33.813323	33.514736	30.011045	32.985250	33.134860	36.464987	39.025383	35.819185	35.368829	40.441269	31.660984	29.924513	33.402412	36.006022	32.407214	33.086689	35.422683	35.255947	34.692599
	Linearity: MS derivation	0.026079	0.028498	0.008295	0.126412	0.020008	0.107003	0.008304	0.038791	0.042115	0.014685	0.015399	0.020141	0.008964	0.026681	0.029893	0.010201	0.040132	0.113229	0.033299	0.032399	0.035658	0.004926	0.032196	0.098754	0.038558	0.003600	0.029282	0.017610	0.080244	0.030376	0.014334	0.016145	0.026216	0.057769	0.038554	0.029406	0.012075	0.008347	0.039096	0.008047	0.022112	0.007944	0.010482	0.018009	0.095584	0.113863	0.050941	0.021067	0.041992	0.010052	0.012797	0.036523	0.036915	0.033563	0.020155	0.065902	0.041551	0.011201	0.045701	0.148186	0.036325	0.032403	0.046929
	Reproducibility: MS within	0.029942	0.025864	0.021341	0.060756	0.028279	0.025325	0.018432	0.035475	0.031377	0.013512	0.032349	0.017200	0.012128	0.012050	0.013431	0.006233	0.049001	0.101954	0.090479	0.005831	0.039233	0.014905	0.007753	0.025585	0.068440	0.017149	0.013985	0.017420	0.035922	0.043042	0.004366	0.023368	0.005225	0.010215	0.017234	0.034467	0.008949	0.022188	0.015113	0.012381	0.003499	0.018323	0.013777	0.066344	0.024169	0.009446	0.018431	0.027463	0.030322	0.019596	0.014665	0.036501	0.022305	0.042786	0.039945	0.005487	0.006592	0.049580	0.020476	0.052037	0.042335	0.024041	0.016447
