			AHCY	AKR1C1	ARHGEF7	BIRC5	CAMTA1	CAMTA2	CD44	CDCA5	CDKN3	CHD5	CLSTN1	CPSG3	DDC	DPYSL3	ECEL1	ELAVL4	EPB41L3	EPHA5	EPN2	FYN	GNB1	HIVEP2	HMBS	HPRT1	IGSF4	INPP1	MAP2K4	MAP7	MAPT	MCM2	MRPL3	MTSS1	MYCN	NHLH2	NM23A	NRCAM	NTRK1	ODC1	PAICS	PDE4DIP	PIK3R1	PLAGL1	PLAT	PMP22	PRAME	PRDM2	PRKACB	PRKCZ	PTN	PTPRF	PTPRH	PTPRN2	QPCT	SCG2	SDHA	SLC25A5	SLC6A8	SNAPC1	TNFRSF	TYMS	UBC	ULK2	WSB1
		15	4.373e+00	2.124e+01	1.002e+01	5.694e+00	4.777e+00	2.466e+00	3.613e+00	3.855e+00	3.537e+00	1.878e+01	1.740e+01	8.026e+00	8.277e+00	6.161e+00	7.185e+00	1.036e+01	1.595e+00	5.567e+00	9.379e-01	8.287e+00	3.549e+00	1.033e+01	4.872e+00	1.867e+00	2.344e+00	6.444e+00	1.073e+01	2.914e+00	6.438e+00	7.948e+00	1.435e+01	8.536e-01	2.948e+01	1.876e+00	3.352e+01	3.283e+00	1.931e+01	4.428e+00	5.835e+00	1.308e+01	8.381e+00	7.407e+00	3.319e+00	1.786e+00	2.870e+01	6.981e+00	3.299e+01	6.023e+00	1.050e+01	9.010e+00	5.221e+00	3.551e+00	4.375e+00	5.432e+00	1.381e+01	2.000e+01	8.565e+00	9.485e+00	9.849e+00	1.534e+00	2.248e+00	4.849e+00	1.718e+01
		15	8.854e+00	2.681e+01	4.600e+00	4.469e+01	1.516e+00	9.459e+00	2.000e+00	3.128e+00	3.642e+00	9.421e+00	1.959e+01	1.217e+01	7.511e+00	5.808e+00	7.948e+00	1.197e+01	1.131e+01	5.784e+00	1.000e+00	1.686e+01	4.652e+00	1.195e+01	6.290e+00	3.697e+00	1.116e+01	8.742e+00	1.645e+01	6.070e+00	3.506e+00	6.628e+00	1.463e+01	1.152e+00	3.616e+01	1.766e+00	9.937e+00	1.187e+01	1.205e+01	1.131e+01	1.805e+00	1.395e+01	9.176e+00	7.145e+00	5.462e+00	8.287e+00	7.606e+00	5.992e+00	2.617e+01	5.150e+00	5.385e+00	6.582e+00	4.355e+00	2.528e+00	2.399e+00	1.234e+00	5.804e+00	2.914e+01	1.205e+01	4.108e+00	7.140e+00	1.267e+00	1.366e+01	7.865e+00	7.473e+00
		15	1.610e+01	1.564e+01	1.045e+01	1.208e+01	1.442e+00	7.386e+00	5.332e+00	1.634e+01	5.906e+00	1.137e+01	5.934e+00	8.714e+00	4.143e+00	8.670e+00	6.241e+00	1.412e+01	1.019e+01	3.703e+00	8.275e-01	1.252e+01	2.837e+00	6.874e+00	6.518e+00	7.805e+00	4.036e+00	9.741e+00	1.629e+01	8.372e+00	6.696e+00	1.809e+00	1.252e+01	2.025e+00	2.331e+01	2.791e+00	1.744e+01	1.060e+01	1.482e+01	3.213e+00	4.111e+00	6.895e+00	9.172e+00	6.249e+00	6.365e+00	3.279e+00	7.957e+00	3.000e+00	2.827e+01	1.178e+01	4.450e+00	4.907e+00	2.918e+00	2.119e+00	3.234e+00	6.091e+00	2.103e+01	2.128e+01	7.520e+00	1.844e+00	1.037e+01	6.424e+00	5.731e+00	1.733e+01	1.691e+01
		150	5.898e+01	8.105e+01	7.331e+01	3.089e+01	4.857e+01	2.758e+01	7.559e+01	1.025e+02	1.780e+01	1.248e+02	1.624e+02	6.988e+01	8.487e+01	1.001e+02	7.883e+01	1.217e+02	4.802e+01	7.312e+00	1.700e+01	2.031e+02	3.920e+01	1.463e+02	1.406e+02	4.437e+01	1.550e+01	6.837e+01	1.362e+02	3.956e+01	1.972e+01	3.184e+01	1.185e+02	3.378e+01	1.662e+02	2.133e+01	1.082e+02	9.712e+01	9.817e+01	7.452e+01	5.947e+01	1.092e+02	1.390e+02	1.148e+02	3.867e+01	1.065e+01	5.317e+01	3.661e+01	1.510e+02	4.812e+01	5.874e+01	5.869e+01	9.101e+01	7.506e+01	2.387e+01	7.680e+01	1.447e+02	9.817e+01	1.670e+02	4.125e+01	1.381e+02	5.194e+01	7.075e+01	8.645e+01	9.806e+01
		150	7.516e+01	1.559e+02	1.033e+02	6.524e+01	3.002e+01	4.051e+01	5.554e+01	7.500e+01	6.749e+01	2.144e+02	1.311e+02	1.426e+02	8.508e+01	1.431e+02	4.791e+01	1.027e+02	4.178e+01	1.094e+01	1.339e+01	2.004e+02	4.372e+01	8.445e+01	8.561e+01	5.477e+01	1.183e+02	7.169e+01	7.839e+01	5.481e+01	7.319e+01	3.099e+01	1.278e+02	1.818e+01	2.578e+02	3.599e+01	1.114e+02	4.083e+01	1.275e+02	1.071e+02	6.672e+01	1.718e+02	1.818e+02	1.239e+02	3.366e+01	4.591e+01	7.415e+01	3.529e+01	9.297e+01	7.433e+01	2.056e+02	6.029e+01	4.807e+01	8.139e+01	7.131e+01	8.290e+01	2.426e+02	1.009e+02	1.094e+02	9.490e+01	1.330e+02	9.548e+01	1.415e+02	1.262e+02	9.851e+01
		150	6.991e+01	2.509e+02	7.610e+01	1.049e+02	3.619e+01	5.386e+01	3.829e+01	8.519e+01	4.341e+01	2.037e+02	1.936e+02	4.338e+01	6.332e+01	1.903e+02	1.299e+02	1.921e+02	4.660e+01	8.857e+01	1.937e+01	1.748e+02	1.240e+01	6.977e+01	1.148e+02	8.249e+01	4.307e+01	7.096e+01	1.637e+02	5.904e+01	1.717e+01	9.070e+01	1.136e+02	2.936e+01	1.730e+02	3.616e+01	1.209e+02	8.201e+01	1.570e+02	7.987e+01	6.555e+01	1.190e+02	1.395e+02	7.283e+01	7.164e+01	8.083e+01	5.205e+01	3.002e+01	3.009e+02	5.653e+01	8.489e+01	1.752e+02	9.405e+01	2.202e+01	2.763e+01	6.611e+01	2.152e+02	1.113e+02	1.372e+02	2.803e+01	1.491e+02	4.978e+01	5.852e+01	1.386e+02	1.698e+02
		1500	1.373e+03	1.172e+03	1.372e+03	1.492e+03	6.165e+02	1.280e+03	7.703e+02	4.826e+02	3.557e+02	2.315e+03	1.917e+03	9.851e+02	8.249e+02	1.450e+03	9.184e+02	1.406e+03	7.317e+02	4.929e+02	2.921e+02	1.421e+03	1.173e+03	1.476e+03	2.072e+03	9.616e+02	9.013e+02	1.273e+03	1.121e+03	9.463e+02	4.702e+02	9.196e+02	1.847e+03	2.196e+02	2.111e+03	1.920e+02	1.367e+03	1.115e+03	1.700e+03	1.223e+03	9.349e+02	1.156e+03	1.215e+03	1.575e+03	5.637e+02	6.615e+02	1.637e+03	7.409e+02	2.665e+03	1.475e+03	6.568e+02	1.328e+03	1.194e+03	5.754e+02	4.424e+02	7.764e+02	2.801e+03	1.749e+03	1.417e+03	4.696e+02	3.697e+02	4.585e+02	9.105e+02	1.271e+03	3.525e+03
		1500	1.015e+03	1.600e+03	1.164e+03	1.799e+03	3.529e+02	1.607e+03	9.711e+02	6.295e+02	2.734e+02	1.918e+03	1.380e+03	9.697e+02	9.887e+02	1.199e+03	1.235e+03	1.309e+03	8.892e+02	4.046e+02	5.805e+01	1.153e+03	3.468e+02	1.512e+03	1.717e+03	1.150e+03	7.500e+02	3.935e+02	9.181e+02	1.010e+03	4.793e+02	6.040e+02	2.476e+03	2.733e+02	1.886e+03	3.256e+02	1.540e+03	1.882e+03	2.079e+03	1.370e+03	7.196e+02	1.131e+03	1.231e+03	1.207e+03	7.775e+02	6.825e+02	1.428e+03	6.090e+02	2.761e+03	4.314e+02	7.545e+02	1.374e+03	7.607e+02	7.087e+02	8.495e+02	1.388e+03	7.098e+02	1.440e+03	9.654e+02	3.697e+02	1.271e+03	6.292e+02	1.444e+03	1.294e+03	3.038e+03
		1500	1.314e+03	3.009e+03	1.377e+03	2.059e+03	8.527e+02	1.169e+03	6.491e+02	6.545e+02	7.541e+02	2.011e+03	7.470e+02	8.598e+02	1.493e+03	1.278e+03	1.266e+03	1.462e+03	8.180e+02	4.160e+02	3.346e+02	1.196e+03	3.900e+02	8.267e+02	1.615e+03	1.398e+03	1.217e+03	9.310e+02	1.299e+03	7.901e+02	6.116e+02	5.774e+02	1.383e+03	4.885e+02	1.800e+03	2.779e+02	1.262e+03	1.576e+03	1.418e+03	1.673e+03	8.950e+02	1.309e+03	1.230e+03	4.955e+02	5.334e+02	4.970e+02	1.224e+03	7.565e+02	2.638e+03	1.099e+03	1.181e+03	1.361e+03	1.144e+03	5.656e+02	5.920e+02	1.617e+03	2.305e+03	1.461e+03	1.127e+03	6.327e+02	1.156e+03	2.003e+02	1.483e+03	1.971e+03	1.915e+03
		15000	9.405e+03	2.026e+04	1.413e+04	1.440e+04	6.219e+03	8.986e+03	1.014e+04	9.893e+03	6.219e+03	1.464e+04	1.194e+04	9.831e+03	1.413e+04	1.230e+04	7.979e+03	1.928e+04	6.112e+03	1.807e+03	1.907e+03	1.696e+04	7.409e+03	1.435e+04	1.264e+04	6.266e+03	8.274e+03	7.096e+03	1.872e+04	8.099e+03	3.764e+03	9.063e+03	1.430e+04	4.874e+03	2.255e+04	7.070e+03	1.033e+04	1.437e+04	1.281e+04	1.624e+04	7.175e+03	1.803e+04	1.766e+04	1.160e+04	5.018e+03	5.174e+03	1.070e+04	3.292e+03	1.809e+04	9.164e+03	9.290e+03	1.468e+04	1.304e+04	3.035e+03	4.015e+03	1.656e+04	1.880e+04	1.469e+04	1.050e+04	6.703e+03	9.564e+03	1.960e+03	8.246e+03	1.054e+04	1.913e+04
		15000	7.046e+03	2.266e+04	1.145e+04	1.381e+04	6.218e+03	7.345e+03	1.100e+04	1.525e+04	5.487e+03	2.217e+04	1.086e+04	1.151e+04	1.433e+04	2.671e+04	1.231e+04	1.959e+04	9.089e+03	9.753e+03	3.769e+03	1.765e+04	7.243e+03	1.035e+04	1.873e+04	8.409e+03	8.349e+03	9.195e+03	1.764e+04	9.309e+03	2.967e+03	1.033e+04	1.403e+04	3.706e+03	2.622e+04	6.771e+03	1.280e+04	1.054e+04	1.358e+04	1.417e+04	6.050e+03	1.778e+04	1.942e+04	1.140e+04	4.182e+03	6.135e+03	1.116e+04	3.554e+03	1.606e+04	1.345e+04	6.679e+03	1.297e+04	9.642e+03	4.123e+03	5.144e+03	1.077e+04	1.857e+04	1.772e+04	8.546e+03	6.148e+03	1.086e+04	2.971e+03	7.834e+03	1.548e+04	1.883e+04
		15000	1.374e+04	3.135e+04	1.222e+04	9.953e+03	4.580e+03	9.332e+03	6.696e+03	1.004e+04	6.614e+03	1.443e+04	2.168e+04	7.949e+03	1.032e+04	1.729e+04	9.491e+03	2.290e+04	6.667e+03	7.513e+03	4.122e+02	2.004e+04	6.614e+03	1.233e+04	2.020e+04	7.116e+03	7.232e+03	9.596e+03	1.106e+04	7.018e+03	3.533e+03	7.095e+03	1.708e+04	3.746e+03	2.199e+04	6.400e+03	1.340e+04	1.521e+04	1.195e+04	1.585e+04	5.711e+03	1.706e+04	2.464e+04	1.274e+04	5.074e+03	6.518e+03	1.011e+04	3.788e+03	2.265e+04	1.093e+04	5.805e+03	1.063e+04	1.748e+04	9.423e+03	3.457e+03	1.053e+04	1.710e+04	1.511e+04	1.139e+04	1.025e+04	1.274e+04	2.947e+03	9.703e+03	8.734e+03	2.136e+04
		150000	7.319e+04	1.550e+05	1.286e+05	1.206e+05	1.150e+05	1.748e+05	1.309e+05	9.983e+04	1.101e+05	1.678e+05	1.687e+05	1.338e+05	1.183e+05	1.735e+05	2.394e+05	1.434e+05	1.167e+05	6.152e+04	2.399e+04	1.423e+05	8.234e+04	1.411e+05	1.858e+05	6.086e+04	1.841e+05	9.442e+04	1.979e+05	7.649e+04	4.294e+04	6.048e+04	1.889e+05	7.599e+04	2.763e+05	5.025e+04	1.466e+05	1.459e+05	1.042e+05	1.715e+05	1.065e+05	1.344e+05	1.747e+05	1.455e+05	6.283e+04	8.653e+04	1.653e+05	1.093e+05	3.137e+05	8.936e+04	1.360e+05	1.606e+05	1.423e+05	7.448e+04	7.943e+04	1.206e+05	1.688e+05	1.365e+05	1.932e+05	7.146e+04	1.594e+05	5.212e+04	1.614e+05	2.047e+05	2.408e+05
		150000	1.591e+05	1.857e+05	2.657e+05	1.907e+05	1.208e+05	1.661e+05	1.012e+05	1.092e+05	1.192e+05	2.332e+05	2.003e+05	1.451e+05	1.019e+05	2.082e+05	1.927e+05	1.878e+05	1.493e+05	5.177e+04	1.752e+04	1.476e+05	5.854e+04	1.814e+05	2.686e+05	5.416e+04	1.075e+05	7.623e+04	2.788e+05	1.379e+05	7.549e+04	6.874e+04	1.674e+05	3.743e+04	3.002e+05	3.761e+04	2.328e+05	2.276e+05	1.371e+05	2.961e+05	1.100e+05	2.450e+05	2.554e+05	1.993e+05	4.595e+04	8.500e+04	2.002e+05	9.072e+04	3.314e+05	7.592e+04	1.618e+05	1.981e+05	1.673e+05	8.184e+04	7.999e+04	2.356e+05	1.660e+05	1.940e+05	1.860e+05	1.378e+05	1.485e+05	6.233e+04	1.423e+05	2.325e+05	2.519e+05
		150000	1.667e+05	1.645e+05	9.159e+04	1.985e+05	1.121e+05	1.857e+05	1.105e+05	8.419e+04	1.130e+05	2.864e+05	2.183e+05	1.610e+05	1.401e+05	1.844e+05	2.018e+05	1.876e+05	1.581e+05	4.914e+04	3.499e+04	1.428e+05	6.025e+04	1.826e+05	2.004e+05	6.619e+04	1.747e+05	8.743e+04	1.821e+05	9.767e+04	8.831e+04	5.520e+04	2.004e+05	5.687e+04	2.349e+05	5.553e+04	1.919e+05	2.543e+05	1.868e+05	2.851e+05	1.081e+05	1.409e+05	2.012e+05	1.686e+05	6.387e+04	1.113e+05	1.820e+05	8.466e+04	1.893e+05	1.117e+05	1.121e+05	1.745e+05	1.547e+05	8.189e+04	8.396e+04	1.772e+05	1.738e+05	2.374e+05	2.275e+05	1.008e+05	1.725e+05	8.250e+04	1.476e+05	2.609e+05	2.232e+05
																																																																	
																																																																	
		1.1760912590556813	0.640779	1.327155	1.000868	0.755417	0.679155	0.391993	0.557868	0.586024	0.548635	1.273696	1.240549	0.904499	0.917873	0.789651	0.856427	1.015360	0.202761	0.745621	-0.027843	0.918397	0.550106	1.014100	0.687707	0.271144	0.369958	0.809156	1.030600	0.464490	0.808751	0.900258	1.156852	-0.068746	1.469527	0.273233	1.525304	0.516271	1.285782	0.646208	0.766041	1.116608	0.923296	0.869642	0.521007	0.251881	1.457882	0.843918	1.518382	0.779813	1.021189	0.954725	0.717754	0.550351	0.640978	0.734960	1.140194	1.301030	0.932727	0.977037	0.993392	0.185825	0.351796	0.685652	1.235023
		1.1760912590556813	0.947140	1.428297	0.662758	1.650210	0.180699	0.975845	0.301030	0.495267	0.561340	0.974097	1.292034	1.085291	0.875698	0.764027	0.900258	1.078094	1.053463	0.762228	0.000000	1.226858	0.667640	1.077368	0.798651	0.567849	1.047664	0.941611	1.216166	0.783189	0.544812	0.821382	1.165244	0.061452	1.558228	0.246991	0.997255	1.074451	1.080987	1.053463	0.256477	1.144574	0.962653	0.854002	0.737352	0.918397	0.881156	0.777572	1.417804	0.711807	0.731186	0.818358	0.638988	0.402777	0.380030	0.091315	0.763727	1.464490	1.080987	0.613630	0.853698	0.102777	1.135451	0.895699	0.873495
		1.1760912590556813	1.206826	1.194237	1.019116	1.082067	0.158965	0.868409	0.726890	1.213252	0.771293	1.055760	0.773348	0.940218	0.617315	0.938019	0.795254	1.149835	1.008174	0.568554	-0.082232	1.097604	0.452859	0.837210	0.814114	0.892373	0.605951	0.988604	1.211921	0.922829	0.825815	0.257439	1.097604	0.306425	1.367542	0.445760	1.241546	1.025306	1.170848	0.506911	0.613947	0.838534	0.962464	0.795811	0.803798	0.515741	0.900749	0.477121	1.451326	1.071145	0.648360	0.690816	0.465085	0.326131	0.509740	0.784689	1.322839	1.327972	0.876218	0.265761	1.015779	0.807806	0.758230	1.238799	1.228144
		2.1760912590556813	1.770705	1.908753	1.865163	1.489818	1.686368	1.440594	1.878464	2.010724	1.250420	2.096215	2.210586	1.844353	1.928754	2.000434	1.896692	2.085291	1.681422	0.864036	1.230449	2.307710	1.593286	2.165244	2.147985	1.647089	1.190332	1.834866	2.134177	1.597256	1.294907	1.502973	2.073718	1.528660	2.220631	1.328991	2.034227	1.987309	1.991979	1.872273	1.774298	2.038223	2.143015	2.059942	1.587374	1.027350	1.725667	1.563600	2.178977	1.682326	1.768934	1.768564	1.959089	1.875409	1.377852	1.885361	2.160469	1.991979	2.222716	1.615424	2.140194	1.715502	1.849726	1.936765	1.991492
		2.1760912590556813	1.875987	2.192846	2.014100	1.814514	1.477411	1.607562	1.744606	1.875061	1.829239	2.331225	2.117603	2.154120	1.929827	2.155640	1.680426	2.011570	1.620968	1.039017	1.126781	2.301898	1.640680	1.926600	1.932524	1.738543	2.072985	1.855459	1.894261	1.738860	1.864452	1.491222	2.106531	1.259594	2.411283	1.556182	2.046885	1.610979	2.105510	2.029789	1.824256	2.235023	2.259594	2.093071	1.527114	1.661907	1.870111	1.547652	1.968343	1.871164	2.313023	1.780245	1.681874	1.910571	1.853150	1.918555	2.384891	2.003891	2.039017	1.977266	2.123852	1.979912	2.150756	2.101059	1.993480
		2.1760912590556813	1.844539	2.399501	1.881385	2.020775	1.558589	1.731266	1.583085	1.930389	1.637590	2.308991	2.286905	1.637290	1.801541	2.279439	2.113609	2.283527	1.668386	1.947287	1.287130	2.242541	1.093422	1.843669	2.059942	1.916401	1.634175	1.851014	2.214049	1.771146	1.234770	1.957607	2.055378	1.467756	2.238046	1.558228	2.082426	1.913867	2.195900	1.902384	1.816573	2.075547	2.144574	1.862310	1.855156	1.907573	1.716421	1.477411	2.478422	1.752279	1.928857	2.243534	1.973359	1.342817	1.441381	1.820267	2.332842	2.046495	2.137354	1.447623	2.173478	1.697055	1.767304	2.141763	2.229938
		3.1760912590556813	3.137671	3.068928	3.137354	3.173769	2.789933	3.107210	2.886660	2.683587	2.551084	3.364551	3.282622	2.993480	2.916401	3.161368	2.963032	3.147985	2.864333	2.692759	2.465532	3.152594	3.069298	3.169086	3.316390	2.982994	2.954869	3.104828	3.049606	2.976029	2.672283	2.963599	3.266467	2.341632	3.324488	2.283301	3.135769	3.047275	3.230449	3.087426	2.970765	3.062958	3.084576	3.197281	2.751048	2.820530	3.214049	2.869760	3.425697	3.168792	2.817433	3.123198	3.077004	2.759970	2.645815	2.890086	3.447313	3.242790	3.151370	2.671728	2.567849	2.661339	2.959280	3.104146	3.547159
		3.1760912590556813	3.006466	3.204120	3.065953	3.255031	2.547652	3.206016	2.987264	2.798996	2.436799	3.282849	3.139879	2.986637	2.995065	3.078819	3.091667	3.116940	2.948999	2.607026	1.763802	3.061829	2.540079	3.179552	3.234770	3.060698	2.875061	2.594945	2.962890	3.004321	2.680607	2.781037	3.393751	2.436640	3.275542	2.512684	3.187521	3.274620	3.317854	3.136721	2.857091	3.053463	3.090258	3.081707	2.890700	2.834103	3.154728	2.784617	3.441066	2.634880	2.877659	3.137987	2.881213	2.850462	2.929163	3.142389	2.851136	3.158362	2.984707	2.567849	3.104146	2.798789	3.159567	3.111934	3.482588
		3.1760912590556813	3.118595	3.478422	3.138934	3.313656	2.930796	3.067815	2.812312	2.815910	2.877429	3.303412	2.873321	2.934397	3.174060	3.106531	3.102434	3.164947	2.912753	2.619093	2.524526	3.077731	2.591065	2.917348	3.208173	3.145507	3.085291	2.968950	3.113609	2.897682	2.786467	2.761477	3.140822	2.688865	3.255273	2.443889	3.101059	3.197556	3.151676	3.223496	2.951823	3.116940	3.089905	2.695044	2.727053	2.696356	3.087781	2.878809	3.421275	3.040998	3.072250	3.133858	3.058426	2.752509	2.772322	3.208710	3.362671	3.164650	3.051924	2.801198	3.062958	2.301681	3.171141	3.294687	3.282169
		4.176091259055681	3.973359	4.306639	4.150142	4.158362	3.793721	3.953566	4.006038	3.995328	3.793721	4.165541	4.077004	3.992598	4.150142	4.089905	3.901948	4.285107	3.786183	3.256958	3.280351	4.229426	3.869760	4.156852	4.101747	3.796990	3.917716	3.851014	4.272306	3.908431	3.575650	3.957272	4.155336	3.687886	4.353147	3.849419	4.014100	4.157457	4.107549	4.210586	3.855822	4.255996	4.246991	4.064458	3.700531	3.713826	4.029384	3.517460	4.257439	3.962085	3.968016	4.166726	4.115278	3.482159	3.603686	4.219060	4.274158	4.167022	4.021189	3.826269	3.980640	3.292256	3.916243	4.022841	4.281715
		4.176091259055681	3.847943	4.355260	4.058805	4.140194	3.793651	3.865992	4.041393	4.183270	3.739335	4.345766	4.035830	4.061075	4.156246	4.426674	4.090258	4.292034	3.958516	3.989138	3.576226	4.246745	3.859918	4.014940	4.272538	3.924744	3.921634	3.963552	4.246499	3.968903	3.472318	4.014100	4.147058	3.568905	4.418633	3.830653	4.107210	4.022841	4.132900	4.151370	3.781755	4.249932	4.288249	4.056905	3.621384	3.787815	4.047664	3.550717	4.205746	4.128722	3.824711	4.112940	3.984167	3.615213	3.711301	4.032216	4.268812	4.248464	3.931763	3.788734	4.035830	3.472903	3.893984	4.189771	4.274850
		4.176091259055681	4.137987	4.496238	4.087071	3.997954	3.660865	3.969975	3.825815	4.001734	3.820464	4.159266	4.336059	3.900312	4.013680	4.237795	3.977312	4.359835	3.823930	3.875813	2.615108	4.301898	3.820464	4.090963	4.305351	3.852236	3.859258	3.982090	4.043755	3.846213	3.548144	3.850952	4.232488	3.573568	4.342225	3.806180	4.127105	4.182129	4.077368	4.200029	3.756712	4.231979	4.391641	4.105169	3.705350	3.814114	4.004751	3.578410	4.355068	4.038620	3.763802	4.026533	4.242541	3.974189	3.538699	4.022428	4.232996	4.179264	4.056524	4.010724	4.105169	3.469380	3.986906	3.941213	4.329601
		5.176091259055681	4.864452	5.190332	5.109241	5.081347	5.060698	5.242541	5.116940	4.999261	5.041787	5.224792	5.227115	5.126456	5.072985	5.239299	5.379124	5.156549	5.067071	4.789016	4.380030	5.153205	4.915611	5.149527	5.269046	4.784332	5.265054	4.975064	5.296446	4.883605	4.632862	4.781612	5.276232	4.880756	5.441381	4.701136	5.166134	5.164055	5.017868	5.234264	5.027350	5.128399	5.242293	5.162863	4.798167	4.937167	5.218273	5.038620	5.496515	4.951143	5.133539	5.205746	5.153205	4.872040	4.899985	5.081347	5.227372	5.135133	5.286007	4.854063	5.202488	4.717004	5.207904	5.311118	5.381656
		5.176091259055681	5.201670	5.268812	5.424392	5.280351	5.082067	5.220370	5.005181	5.038223	5.076276	5.367729	5.301681	5.161667	5.008174	5.318481	5.284882	5.273696	5.174060	4.714078	4.243534	5.169086	4.767453	5.258637	5.429106	4.733679	5.031408	4.882126	5.445293	5.139564	4.877889	4.837210	5.223755	4.573220	5.477411	4.575303	5.366983	5.357172	5.137037	5.471438	5.041393	5.389166	5.407221	5.299507	4.662286	4.929419	5.301464	4.957703	5.520353	4.880356	5.208979	5.296884	5.223496	4.912966	4.903036	5.372175	5.220108	5.287802	5.269513	5.139249	5.171726	4.794697	5.153205	5.366423	5.401228
		5.176091259055681	5.221936	5.216166	4.961848	5.297761	5.049606	5.268812	5.043362	4.925261	5.053078	5.456973	5.339054	5.206826	5.146438	5.265761	5.304921	5.273233	5.198932	4.691435	4.543944	5.154728	4.779957	5.261501	5.301898	4.820792	5.242293	4.941660	5.260310	4.989761	4.946010	4.741939	5.301898	4.754883	5.370883	4.744528	5.283075	5.405346	5.271377	5.454997	5.033826	5.148911	5.303628	5.226858	4.805297	5.046495	5.260071	4.927678	5.277151	5.048053	5.049606	5.241795	5.189490	4.913231	4.924072	5.248464	5.240050	5.375481	5.356981	5.003461	5.236789	4.916454	5.169086	5.416474	5.348694
																																																																	
		steyx	0.170442	0.162702	0.135391	0.275512	0.162389	0.210176	0.126866	0.190369	0.183997	0.117401	0.168635	0.133711	0.106760	0.124203	0.131264	0.084549	0.216689	0.323351	0.277999	0.109370	0.195979	0.112260	0.115732	0.206083	0.248081	0.118416	0.132345	0.132150	0.214825	0.200299	0.081647	0.147313	0.100345	0.145564	0.148843	0.182480	0.098339	0.137818	0.143694	0.106682	0.088286	0.126205	0.114090	0.234925	0.201617	0.183145	0.161039	0.161206	0.181701	0.131885	0.119305	0.191066	0.160239	0.201637	0.188091	0.139388	0.121077	0.201800	0.162164	0.272443	0.202356	0.161153	0.153238
																																																																	
		1.1760912590556813	0.931582	1.316563	0.894247	1.162565	0.339607	0.745416	0.528596	0.764848	0.627089	1.101184	1.101977	0.976669	0.803629	0.830566	0.850646	1.081096	0.754799	0.692134	-0.036692	1.080953	0.556868	0.976226	0.766824	0.577122	0.674524	0.913123	1.152896	0.723502	0.726459	0.659693	1.139900	0.099711	1.465099	0.321994	1.254702	0.872009	1.179206	0.735527	0.545489	1.033239	0.949471	0.839818	0.687386	0.562007	1.079929	0.699537	1.462504	0.854255	0.800245	0.821300	0.607276	0.426420	0.510249	0.536988	1.075587	1.364497	0.963311	0.618810	0.954290	0.365469	0.748492	0.940050	1.112221
		2.1760912590556813	1.830410	2.167033	1.920216	1.775036	1.574122	1.593141	1.735385	1.938725	1.572416	2.245477	2.205031	1.878587	1.886708	2.145171	1.896909	2.126796	1.656926	1.283447	1.214786	2.284050	1.442463	1.978504	2.046817	1.767344	1.632497	1.847113	2.080829	1.702421	1.464710	1.650601	2.078543	1.418670	2.289987	1.481134	2.054513	1.837385	2.097796	1.934815	1.805042	2.116264	2.182394	2.005108	1.656548	1.532276	1.770733	1.529554	2.208581	1.768590	2.003605	1.930781	1.871441	1.709599	1.557461	1.874728	2.292734	2.014122	2.133029	1.680104	2.145841	1.797490	1.922596	2.059863	2.071637
		3.1760912590556813	3.087577	3.250490	3.114080	3.247485	2.756127	3.127013	2.895412	2.766164	2.621770	3.316937	3.098607	2.971505	3.028509	3.115573	3.052378	3.143291	2.908695	2.639626	2.251287	3.097385	2.733481	3.088662	3.253111	3.063066	2.971740	2.889574	3.042035	2.959344	2.713119	2.835371	3.267013	2.489046	3.285101	2.413291	3.141450	3.173150	3.233327	3.149214	2.926560	3.077787	3.088246	2.991344	2.789600	2.783663	3.152186	2.844395	3.429346	2.948223	2.922447	3.131681	3.005548	2.787647	2.782433	3.080395	3.220373	3.188601	3.062667	2.680258	2.911651	2.587270	3.096663	3.170255	3.437305
		4.176091259055681	3.986429	4.386046	4.098673	4.098837	3.749412	3.929844	3.957749	4.060111	3.784507	4.223524	4.149631	3.984662	4.106689	4.251458	3.989839	4.312326	3.856210	3.707303	3.157228	4.259356	3.850047	4.087585	4.226545	3.857990	3.899536	3.932219	4.187520	3.907849	3.532037	3.940775	4.178294	3.610120	4.371335	3.828751	4.082805	4.120809	4.105939	4.187328	3.798096	4.245969	4.308960	4.075511	3.675755	3.771918	4.027266	3.548862	4.272751	4.043143	3.852176	4.102066	4.113995	3.690520	3.617895	4.091235	4.258655	4.198250	4.003159	3.875242	4.040546	3.411513	3.932378	4.051275	4.295389
		5.176091259055681	5.096019	5.225103	5.165160	5.219820	5.064123	5.243908	5.055161	4.987581	5.057047	5.349831	5.289283	5.164983	5.075866	5.274514	5.322976	5.234493	5.146688	4.731510	4.389169	5.159006	4.821007	5.223222	5.333350	4.779601	5.179585	4.932950	5.334016	5.004310	4.818920	4.786920	5.267295	4.736286	5.429892	4.673656	5.272064	5.308858	5.142094	5.386900	5.034189	5.222159	5.317714	5.229743	4.755250	4.971027	5.259936	4.974667	5.431339	4.959851	5.130708	5.248142	5.188730	4.899412	4.909031	5.233995	5.229177	5.266138	5.304167	4.998924	5.203668	4.809385	5.176732	5.364672	5.377193
x-mean	3.176091																																																																
SSx	27.857143																																																																
n	3.000000																																																																
alpha	0.950000																																																																
t	6.205347																																																																
			0.117706	0.112361	0.093500	0.190268	0.112146	0.145147	0.087613	0.131468	0.127068	0.081076	0.116459	0.092341	0.073728	0.085774	0.090650	0.058389	0.149645	0.223305	0.191985	0.075531	0.135342	0.077526	0.079924	0.142320	0.171324	0.081778	0.091397	0.091262	0.148357	0.138325	0.056385	0.101734	0.069298	0.100526	0.102790	0.126020	0.067913	0.095177	0.099234	0.073674	0.060970	0.087157	0.078790	0.162238	0.139236	0.126480	0.111213	0.111328	0.125482	0.091079	0.082392	0.131949	0.110661	0.139250	0.129895	0.096261	0.083615	0.139363	0.111990	0.188148	0.139747	0.111292	0.105825
			0.103568	0.098865	0.082269	0.167413	0.098675	0.127712	0.077090	0.115677	0.111805	0.071338	0.102470	0.081249	0.064872	0.075471	0.079762	0.051375	0.131670	0.196482	0.168924	0.066458	0.119085	0.068214	0.070324	0.125225	0.150745	0.071955	0.080419	0.080300	0.130537	0.121710	0.049613	0.089514	0.060974	0.088451	0.090444	0.110883	0.059755	0.083744	0.087314	0.064824	0.053646	0.076688	0.069326	0.142751	0.122511	0.111287	0.097854	0.097956	0.110409	0.080139	0.072495	0.116100	0.097368	0.122524	0.114292	0.084698	0.073572	0.122623	0.098538	0.165548	0.122961	0.097924	0.093114
			0.098405	0.093936	0.078168	0.159067	0.093756	0.121345	0.073246	0.109910	0.106231	0.067781	0.097362	0.077198	0.061638	0.071709	0.075785	0.048814	0.125106	0.186687	0.160503	0.063145	0.113148	0.064813	0.066818	0.118982	0.143230	0.068368	0.076409	0.076297	0.124029	0.115642	0.047139	0.085051	0.057934	0.084042	0.085935	0.105355	0.056776	0.079569	0.082962	0.061593	0.050972	0.072865	0.065870	0.135634	0.116404	0.105739	0.092976	0.093072	0.104905	0.076144	0.068881	0.110312	0.092514	0.116415	0.108595	0.080476	0.069904	0.116510	0.093626	0.157295	0.116831	0.093042	0.088472
			0.103568	0.098865	0.082269	0.167413	0.098675	0.127712	0.077090	0.115677	0.111805	0.071338	0.102470	0.081249	0.064872	0.075471	0.079762	0.051375	0.131670	0.196482	0.168924	0.066458	0.119085	0.068214	0.070324	0.125225	0.150745	0.071955	0.080419	0.080300	0.130537	0.121710	0.049613	0.089514	0.060974	0.088451	0.090444	0.110883	0.059755	0.083744	0.087314	0.064824	0.053646	0.076688	0.069326	0.142751	0.122511	0.111287	0.097854	0.097956	0.110409	0.080139	0.072495	0.116100	0.097368	0.122524	0.114292	0.084698	0.073572	0.122623	0.098538	0.165548	0.122961	0.097924	0.093114
			0.117706	0.112361	0.093500	0.190268	0.112146	0.145147	0.087613	0.131468	0.127068	0.081076	0.116459	0.092341	0.073728	0.085774	0.090650	0.058389	0.149645	0.223305	0.191985	0.075531	0.135342	0.077526	0.079924	0.142320	0.171324	0.081778	0.091397	0.091262	0.148357	0.138325	0.056385	0.101734	0.069298	0.100526	0.102790	0.126020	0.067913	0.095177	0.099234	0.073674	0.060970	0.087157	0.078790	0.162238	0.139236	0.126480	0.111213	0.111328	0.125482	0.091079	0.082392	0.131949	0.110661	0.139250	0.129895	0.096261	0.083615	0.139363	0.111990	0.188148	0.139747	0.111292	0.105825
																																																																	
		log(upper)																																																															
			1.661991	2.013803	1.474449	2.343243	1.035509	1.646103	1.072268	1.580654	1.415589	1.604291	1.824644	1.549675	1.261135	1.362825	1.413162	1.443420	1.683397	2.077820	1.154641	1.549648	1.396713	1.457303	1.262783	1.460270	1.737648	1.420583	1.720045	1.289817	1.647069	1.518050	1.489791	0.731004	1.895117	0.945794	1.892553	1.654007	1.600628	1.326131	1.161271	1.490411	1.327811	1.380657	1.176306	1.568752	1.943936	1.484386	2.152617	1.545085	1.578904	1.386478	1.118546	1.245211	1.196937	1.401083	1.881631	1.961829	1.482172	1.483603	1.649227	1.532993	1.615668	1.630654	1.768903
			2.473085	2.780523	2.430726	2.813894	2.186435	2.385640	2.213753	2.656538	2.266204	2.688152	2.840894	2.382765	2.289260	2.613497	2.391857	2.445598	2.473982	2.502688	2.263020	2.696446	2.181427	2.401796	2.483203	2.544411	2.567921	2.293617	2.579854	2.200711	2.274738	2.405854	2.386406	1.974134	2.668352	2.030004	2.615747	2.525451	2.468599	2.454477	2.346859	2.518522	2.515289	2.480982	2.086740	2.418094	2.530958	2.220129	2.815800	2.376439	2.688733	2.428072	2.321299	2.430039	2.161666	2.635030	3.001958	2.539704	2.589567	2.441021	2.757304	2.824773	2.685609	2.667513	2.649440
			3.698212	3.833395	3.599139	4.234552	3.337913	3.880003	3.349931	3.448192	3.280970	3.737543	3.702770	3.450548	3.410992	3.560551	3.522651	3.446200	3.685019	3.798083	3.247261	3.489222	3.435605	3.490851	3.667741	3.801393	3.860530	3.313819	3.516181	3.432793	3.482764	3.552972	3.559528	3.016818	3.644603	2.934798	3.674704	3.826914	3.585643	3.642969	3.441365	3.459991	3.404545	3.443494	3.198346	3.625319	3.874511	3.500543	4.006293	3.525769	3.573419	3.604180	3.432979	3.472171	3.356516	3.802793	3.894240	3.687981	3.496444	3.403240	3.492631	3.563339	3.821637	3.747613	3.986303
			4.629104	4.999536	4.609183	5.137695	4.361724	4.722343	4.436116	4.777924	4.478294	4.666199	4.785494	4.488840	4.509241	4.719784	4.484788	4.631128	4.673267	4.926544	4.205462	4.671753	4.589012	4.510877	4.662931	4.635057	4.834960	4.378723	4.686545	4.406140	4.342065	4.696029	4.486157	4.165584	4.749700	4.377621	4.644039	4.808875	4.476741	4.706991	4.339913	4.648227	4.641855	4.551385	4.105947	4.657736	4.787491	4.239438	4.879970	4.650992	4.537305	4.599357	4.563853	4.410961	4.222100	4.851537	4.967879	4.723832	4.459696	4.636159	4.652010	4.438797	4.695391	4.658926	4.873192
			5.826429	5.922344	5.745362	6.400497	5.760025	6.144595	5.598833	5.803387	5.845547	5.852938	6.011951	5.737989	5.533372	5.806773	5.885492	5.596816	6.075285	6.117196	5.580502	5.627701	5.660852	5.704299	5.829308	5.662749	6.242708	5.440410	5.901165	5.570625	5.739530	5.645277	5.617186	5.367580	5.859909	5.297455	5.909915	6.090856	5.563517	5.977504	5.649972	5.679331	5.696054	5.770581	5.244170	5.977772	6.123943	5.759516	6.121453	5.650681	5.909366	5.813321	5.700001	5.718203	5.595719	6.098090	6.035221	5.863471	5.823029	5.863717	5.898605	5.976909	6.043907	6.055276	6.033875
		log(lower)																																																															
			0.201172	0.619322	0.314045	-0.018113	-0.356295	-0.155271	-0.015076	-0.050958	-0.161410	0.598077	0.379310	0.403663	0.346122	0.298306	0.288130	0.718773	-0.173798	-0.693551	-1.228025	0.612258	-0.282976	0.495149	0.270865	-0.306025	-0.388599	0.405664	0.585746	0.157188	-0.194150	-0.198664	0.790009	-0.531583	1.035082	-0.301805	0.616851	0.090012	0.757783	0.144923	-0.070294	0.576066	0.571131	0.298980	0.198466	-0.444739	0.215922	-0.085312	0.772390	0.163425	0.021586	0.256121	0.096005	-0.392372	-0.176439	-0.327107	0.269543	0.767165	0.444449	-0.245984	0.259352	-0.802054	-0.118683	0.249445	0.455538
			1.187736	1.553543	1.409706	0.736178	0.961810	0.800642	1.257018	1.220911	0.878629	1.802802	1.569169	1.374410	1.484155	1.676845	1.401961	1.807994	0.839869	0.064206	0.166553	1.871653	0.703498	1.555213	1.610432	0.990278	0.697073	1.400608	1.581804	1.204130	0.654681	0.895347	1.770679	0.863206	1.911622	0.932263	1.493279	1.149319	1.726994	1.415153	1.263226	1.714006	1.849499	1.529233	1.226356	0.646459	1.010508	0.838979	1.601362	1.160740	1.318476	1.433490	1.421583	0.989159	0.953256	1.114425	1.583510	1.488539	1.676492	0.919188	1.534378	0.770206	1.159583	1.452212	1.493833
			2.476942	2.667585	2.629022	2.260419	2.174341	2.374024	2.440893	2.084136	1.962571	2.896331	2.494445	2.492463	2.646025	2.670595	2.582104	2.840382	2.132372	1.481169	1.255312	2.705548	2.031356	2.686473	2.838481	2.324740	2.082951	2.465329	2.567889	2.485895	1.943474	2.117769	2.974498	1.961273	2.925599	1.891784	2.608195	2.519387	2.881010	2.655459	2.411755	2.695583	2.771948	2.539193	2.380855	1.942007	2.429861	2.188248	2.852399	2.370678	2.271475	2.659182	2.578117	2.103124	2.208350	2.357997	2.546507	2.689221	2.628890	1.957276	2.330671	1.611200	2.371689	2.592898	2.888308
			3.343755	3.772556	3.588163	3.059979	3.137100	3.137345	3.479381	3.342297	3.090719	3.780849	3.513769	3.480484	3.704137	3.783132	3.494891	3.993523	3.039153	2.488062	2.108995	3.846960	3.111083	3.664294	3.790160	3.080924	2.964112	3.485714	3.688495	3.409559	2.722009	3.185521	3.870431	3.054655	3.992970	3.279880	3.521571	3.432743	3.735136	3.667666	3.256280	3.843711	3.976065	3.599636	3.245563	2.886101	3.267041	2.858287	3.665532	3.435293	3.167048	3.604775	3.664137	2.970080	3.013690	3.330933	3.549431	3.672668	3.546621	3.114326	3.429083	2.384229	3.169365	3.443624	3.717585
			4.365610	4.527863	4.584958	4.039142	4.368222	4.343221	4.511489	4.171775	4.268548	4.846724	4.566616	4.591978	4.618359	4.742254	4.760460	4.872169	4.218090	3.345824	3.197836	4.690312	3.981162	4.742144	4.837391	3.896453	4.116462	4.425491	4.766867	4.437995	3.898311	3.928563	4.917404	4.104993	4.999874	4.049856	4.634213	4.526860	4.720671	4.796296	4.418406	4.764986	4.939374	4.688904	4.266330	3.964282	4.395929	4.189818	4.741226	4.269021	4.352049	4.682963	4.677460	4.080621	4.222343	4.369901	4.423133	4.668806	4.785306	4.134131	4.508731	3.641862	4.309556	4.674067	4.720511
																																																																	
		upper																																																															
			4.592e+01	1.032e+02	2.982e+01	2.204e+02	1.085e+01	4.427e+01	1.181e+01	3.808e+01	2.604e+01	4.021e+01	6.678e+01	3.545e+01	1.824e+01	2.306e+01	2.589e+01	2.776e+01	4.824e+01	1.196e+02	1.428e+01	3.545e+01	2.493e+01	2.866e+01	1.831e+01	2.886e+01	5.466e+01	2.634e+01	5.249e+01	1.949e+01	4.437e+01	3.296e+01	3.089e+01	5.383e+00	7.854e+01	8.827e+00	7.808e+01	4.508e+01	3.987e+01	2.119e+01	1.450e+01	3.093e+01	2.127e+01	2.402e+01	1.501e+01	3.705e+01	8.789e+01	3.051e+01	1.421e+02	3.508e+01	3.792e+01	2.435e+01	1.314e+01	1.759e+01	1.574e+01	2.518e+01	7.614e+01	9.159e+01	3.035e+01	3.045e+01	4.459e+01	3.412e+01	4.127e+01	4.272e+01	5.874e+01
			2.972e+02	6.033e+02	2.696e+02	6.515e+02	1.536e+02	2.430e+02	1.636e+02	4.535e+02	1.846e+02	4.877e+02	6.933e+02	2.414e+02	1.947e+02	4.107e+02	2.465e+02	2.790e+02	2.978e+02	3.182e+02	1.832e+02	4.971e+02	1.519e+02	2.522e+02	3.042e+02	3.503e+02	3.698e+02	1.966e+02	3.801e+02	1.587e+02	1.883e+02	2.546e+02	2.434e+02	9.422e+01	4.660e+02	1.072e+02	4.128e+02	3.353e+02	2.942e+02	2.848e+02	2.223e+02	3.300e+02	3.276e+02	3.027e+02	1.221e+02	2.619e+02	3.396e+02	1.660e+02	6.543e+02	2.379e+02	4.884e+02	2.680e+02	2.096e+02	2.692e+02	1.451e+02	4.315e+02	1.005e+03	3.465e+02	3.887e+02	2.761e+02	5.719e+02	6.680e+02	4.849e+02	4.651e+02	4.461e+02
			4.991e+03	6.814e+03	3.973e+03	1.716e+04	2.177e+03	7.586e+03	2.238e+03	2.807e+03	1.910e+03	5.464e+03	5.044e+03	2.822e+03	2.576e+03	3.635e+03	3.332e+03	2.794e+03	4.842e+03	6.282e+03	1.767e+03	3.085e+03	2.726e+03	3.096e+03	4.653e+03	6.330e+03	7.253e+03	2.060e+03	3.282e+03	2.709e+03	3.039e+03	3.573e+03	3.627e+03	1.039e+03	4.412e+03	8.606e+02	4.728e+03	6.713e+03	3.852e+03	4.395e+03	2.763e+03	2.884e+03	2.538e+03	2.776e+03	1.579e+03	4.220e+03	7.491e+03	3.166e+03	1.015e+04	3.356e+03	3.745e+03	4.020e+03	2.710e+03	2.966e+03	2.273e+03	6.350e+03	7.839e+03	4.875e+03	3.136e+03	2.531e+03	3.109e+03	3.659e+03	6.632e+03	5.593e+03	9.690e+03
			4.257e+04	9.989e+04	4.066e+04	1.373e+05	2.300e+04	5.276e+04	2.730e+04	5.997e+04	3.008e+04	4.637e+04	6.102e+04	3.082e+04	3.230e+04	5.245e+04	3.053e+04	4.277e+04	4.713e+04	8.444e+04	1.605e+04	4.696e+04	3.882e+04	3.242e+04	4.602e+04	4.316e+04	6.838e+04	2.392e+04	4.859e+04	2.548e+04	2.198e+04	4.966e+04	3.063e+04	1.464e+04	5.620e+04	2.386e+04	4.406e+04	6.440e+04	2.997e+04	5.093e+04	2.187e+04	4.449e+04	4.384e+04	3.559e+04	1.276e+04	4.547e+04	6.130e+04	1.736e+04	7.585e+04	4.477e+04	3.446e+04	3.975e+04	3.663e+04	2.576e+04	1.668e+04	7.105e+04	9.287e+04	5.295e+04	2.882e+04	4.327e+04	4.488e+04	2.747e+04	4.959e+04	4.560e+04	7.468e+04
			6.705e+05	8.363e+05	5.564e+05	2.515e+06	5.755e+05	1.395e+06	3.970e+05	6.359e+05	7.007e+05	7.128e+05	1.028e+06	5.470e+05	3.415e+05	6.409e+05	7.682e+05	3.952e+05	1.189e+06	1.310e+06	3.806e+05	4.243e+05	4.580e+05	5.062e+05	6.750e+05	4.600e+05	1.749e+06	2.757e+05	7.965e+05	3.721e+05	5.489e+05	4.419e+05	4.142e+05	2.331e+05	7.243e+05	1.984e+05	8.127e+05	1.233e+06	3.660e+05	9.495e+05	4.467e+05	4.779e+05	4.967e+05	5.896e+05	1.755e+05	9.501e+05	1.330e+06	5.748e+05	1.323e+06	4.474e+05	8.116e+05	6.506e+05	5.012e+05	5.226e+05	3.942e+05	1.253e+06	1.084e+06	7.302e+05	6.653e+05	7.307e+05	7.918e+05	9.482e+05	1.106e+06	1.136e+06	1.081e+06
		lower																																																															
			1.589e+00	4.162e+00	2.061e+00	9.592e-01	4.403e-01	6.994e-01	9.659e-01	8.893e-01	6.896e-01	3.963e+00	2.395e+00	2.533e+00	2.219e+00	1.987e+00	1.941e+00	5.233e+00	6.702e-01	2.025e-01	5.915e-02	4.095e+00	5.212e-01	3.127e+00	1.866e+00	4.943e-01	4.087e-01	2.545e+00	3.853e+00	1.436e+00	6.395e-01	6.329e-01	6.166e+00	2.940e-01	1.084e+01	4.991e-01	4.139e+00	1.230e+00	5.725e+00	1.396e+00	8.506e-01	3.768e+00	3.725e+00	1.991e+00	1.579e+00	3.591e-01	1.644e+00	8.217e-01	5.921e+00	1.457e+00	1.051e+00	1.804e+00	1.247e+00	4.052e-01	6.661e-01	4.709e-01	1.860e+00	5.850e+00	2.783e+00	5.676e-01	1.817e+00	1.577e-01	7.609e-01	1.776e+00	2.855e+00
			1.541e+01	3.577e+01	2.569e+01	5.447e+00	9.158e+00	6.319e+00	1.807e+01	1.663e+01	7.562e+00	6.350e+01	3.708e+01	2.368e+01	3.049e+01	4.752e+01	2.523e+01	6.427e+01	6.916e+00	1.159e+00	1.467e+00	7.441e+01	5.052e+00	3.591e+01	4.078e+01	9.779e+00	4.978e+00	2.515e+01	3.818e+01	1.600e+01	4.515e+00	7.859e+00	5.898e+01	7.298e+00	8.159e+01	8.556e+00	3.114e+01	1.410e+01	5.333e+01	2.601e+01	1.833e+01	5.176e+01	7.071e+01	3.382e+01	1.684e+01	4.431e+00	1.024e+01	6.902e+00	3.994e+01	1.448e+01	2.082e+01	2.713e+01	2.640e+01	9.753e+00	8.980e+00	1.301e+01	3.833e+01	3.080e+01	4.748e+01	8.302e+00	3.423e+01	5.891e+00	1.444e+01	2.833e+01	3.118e+01
			2.999e+02	4.651e+02	4.256e+02	1.821e+02	1.494e+02	2.366e+02	2.760e+02	1.214e+02	9.174e+01	7.876e+02	3.122e+02	3.108e+02	4.426e+02	4.684e+02	3.820e+02	6.924e+02	1.356e+02	3.028e+01	1.800e+01	5.076e+02	1.075e+02	4.858e+02	6.894e+02	2.112e+02	1.210e+02	2.920e+02	3.697e+02	3.061e+02	8.780e+01	1.312e+02	9.430e+02	9.147e+01	8.426e+02	7.794e+01	4.057e+02	3.307e+02	7.603e+02	4.523e+02	2.581e+02	4.961e+02	5.915e+02	3.461e+02	2.404e+02	8.750e+01	2.691e+02	1.543e+02	7.119e+02	2.348e+02	1.868e+02	4.562e+02	3.785e+02	1.268e+02	1.616e+02	2.280e+02	3.520e+02	4.889e+02	4.255e+02	9.063e+01	2.141e+02	4.085e+01	2.353e+02	3.917e+02	7.732e+02
			2.207e+03	5.923e+03	3.874e+03	1.148e+03	1.371e+03	1.372e+03	3.016e+03	2.199e+03	1.232e+03	6.037e+03	3.264e+03	3.023e+03	5.060e+03	6.069e+03	3.125e+03	9.852e+03	1.094e+03	3.077e+02	1.285e+02	7.030e+03	1.291e+03	4.616e+03	6.168e+03	1.205e+03	9.207e+02	3.060e+03	4.881e+03	2.568e+03	5.272e+02	1.533e+03	7.420e+03	1.134e+03	9.839e+03	1.905e+03	3.323e+03	2.709e+03	5.434e+03	4.652e+03	1.804e+03	6.978e+03	9.464e+03	3.978e+03	1.760e+03	7.693e+02	1.849e+03	7.216e+02	4.629e+03	2.725e+03	1.469e+03	4.025e+03	4.615e+03	9.334e+02	1.032e+03	2.143e+03	3.543e+03	4.706e+03	3.521e+03	1.301e+03	2.686e+03	2.422e+02	1.477e+03	2.777e+03	5.219e+03
			2.321e+04	3.372e+04	3.846e+04	1.094e+04	2.335e+04	2.204e+04	3.247e+04	1.485e+04	1.856e+04	7.026e+04	3.687e+04	3.908e+04	4.153e+04	5.524e+04	5.760e+04	7.450e+04	1.652e+04	2.217e+03	1.577e+03	4.901e+04	9.576e+03	5.523e+04	6.877e+04	7.879e+03	1.308e+04	2.664e+04	5.846e+04	2.742e+04	7.912e+03	8.483e+03	8.268e+04	1.273e+04	9.997e+04	1.122e+04	4.307e+04	3.364e+04	5.256e+04	6.256e+04	2.621e+04	5.821e+04	8.697e+04	4.885e+04	1.846e+04	9.210e+03	2.488e+04	1.548e+04	5.511e+04	1.858e+04	2.249e+04	4.819e+04	4.758e+04	1.204e+04	1.669e+04	2.344e+04	2.649e+04	4.665e+04	6.100e+04	1.362e+04	3.226e+04	4.384e+03	2.040e+04	4.721e+04	5.254e+04
		mean																																																															
			8.542e+00	2.073e+01	7.839e+00	1.454e+01	2.186e+00	5.564e+00	3.378e+00	5.819e+00	4.237e+00	1.262e+01	1.265e+01	9.477e+00	6.363e+00	6.770e+00	7.090e+00	1.205e+01	5.686e+00	4.922e+00	9.190e-01	1.205e+01	3.605e+00	9.467e+00	5.846e+00	3.777e+00	4.726e+00	8.187e+00	1.422e+01	5.291e+00	5.327e+00	4.568e+00	1.380e+01	1.258e+00	2.918e+01	2.099e+00	1.798e+01	7.447e+00	1.511e+01	5.439e+00	3.511e+00	1.080e+01	8.902e+00	6.915e+00	4.868e+00	3.648e+00	1.202e+01	5.007e+00	2.901e+01	7.149e+00	6.313e+00	6.627e+00	4.048e+00	2.669e+00	3.238e+00	3.443e+00	1.190e+01	2.315e+01	9.190e+00	4.157e+00	9.001e+00	2.320e+00	5.604e+00	8.711e+00	1.295e+01
			6.767e+01	1.469e+02	8.322e+01	5.957e+01	3.751e+01	3.919e+01	5.437e+01	8.684e+01	3.736e+01	1.760e+02	1.603e+02	7.561e+01	7.704e+01	1.397e+02	7.887e+01	1.339e+02	4.539e+01	1.921e+01	1.640e+01	1.923e+02	2.770e+01	9.517e+01	1.114e+02	5.853e+01	4.290e+01	7.033e+01	1.205e+02	5.040e+01	2.915e+01	4.473e+01	1.198e+02	2.622e+01	1.950e+02	3.028e+01	1.134e+02	6.877e+01	1.253e+02	8.606e+01	6.383e+01	1.307e+02	1.522e+02	1.012e+02	4.535e+01	3.406e+01	5.898e+01	3.385e+01	1.617e+02	5.869e+01	1.008e+02	8.527e+01	7.438e+01	5.124e+01	3.610e+01	7.494e+01	1.962e+02	1.033e+02	1.358e+02	4.787e+01	1.399e+02	6.273e+01	8.368e+01	1.148e+02	1.179e+02
			1.223e+03	1.780e+03	1.300e+03	1.768e+03	5.703e+02	1.340e+03	7.860e+02	5.837e+02	4.186e+02	2.075e+03	1.255e+03	9.365e+02	1.068e+03	1.305e+03	1.128e+03	1.391e+03	8.104e+02	4.361e+02	1.784e+02	1.251e+03	5.414e+02	1.226e+03	1.791e+03	1.156e+03	9.370e+02	7.755e+02	1.102e+03	9.106e+02	5.166e+02	6.845e+02	1.849e+03	3.084e+02	1.928e+03	2.590e+02	1.385e+03	1.490e+03	1.711e+03	1.410e+03	8.444e+02	1.196e+03	1.225e+03	9.803e+02	6.160e+02	6.077e+02	1.420e+03	6.989e+02	2.687e+03	8.876e+02	8.365e+02	1.354e+03	1.013e+03	6.133e+02	6.059e+02	1.203e+03	1.661e+03	1.544e+03	1.155e+03	4.789e+02	8.159e+02	3.866e+02	1.249e+03	1.480e+03	2.737e+03
			9.692e+03	2.432e+04	1.255e+04	1.256e+04	5.616e+03	8.508e+03	9.073e+03	1.148e+04	6.088e+03	1.673e+04	1.411e+04	9.653e+03	1.278e+04	1.784e+04	9.769e+03	2.053e+04	7.181e+03	5.097e+03	1.436e+03	1.817e+04	7.080e+03	1.223e+04	1.685e+04	7.211e+03	7.935e+03	8.555e+03	1.540e+04	8.088e+03	3.404e+03	8.725e+03	1.508e+04	4.075e+03	2.351e+04	6.741e+03	1.210e+04	1.321e+04	1.276e+04	1.539e+04	6.282e+03	1.762e+04	2.037e+04	1.190e+04	4.740e+03	5.915e+03	1.065e+04	3.539e+03	1.874e+04	1.104e+04	7.115e+03	1.265e+04	1.300e+04	4.904e+03	4.149e+03	1.234e+04	1.814e+04	1.579e+04	1.007e+04	7.503e+03	1.098e+04	2.579e+03	8.558e+03	1.125e+04	1.974e+04
			1.247e+05	1.679e+05	1.463e+05	1.659e+05	1.159e+05	1.754e+05	1.135e+05	9.718e+04	1.140e+05	2.238e+05	1.947e+05	1.462e+05	1.191e+05	1.882e+05	2.104e+05	1.716e+05	1.402e+05	5.389e+04	2.450e+04	1.442e+05	6.622e+04	1.672e+05	2.155e+05	6.020e+04	1.512e+05	8.569e+04	2.158e+05	1.010e+05	6.591e+04	6.122e+04	1.851e+05	5.449e+04	2.691e+05	4.717e+04	1.871e+05	2.036e+05	1.387e+05	2.437e+05	1.082e+05	1.668e+05	2.078e+05	1.697e+05	5.692e+04	9.355e+04	1.819e+05	9.433e+04	2.700e+05	9.117e+04	1.351e+05	1.771e+05	1.544e+05	7.933e+04	8.110e+04	1.714e+05	1.695e+05	1.846e+05	2.014e+05	9.975e+04	1.598e+05	6.447e+04	1.502e+05	2.316e+05	2.383e+05
		fold up																																																															
			5.375385	4.980128	3.803662	15.159253	4.964802	7.955856	3.496811	6.543437	6.144686	3.184981	5.280407	3.741154	2.867521	3.406117	3.651876	2.303157	8.483936	24.304449	15.535776	2.942354	6.915835	3.027452	3.132987	7.640956	11.564405	3.217062	3.691043	3.683959	8.329316	7.217009	2.238160	4.278519	2.691643	4.205323	4.343609	6.053375	2.638898	3.895865	4.128410	2.865315	2.389682	3.474070	3.082619	10.156528	7.311514	6.093253	4.899069	4.907155	6.007013	3.674335	3.245416	6.588573	4.860579	7.312989	6.397995	3.956693	3.302642	7.324757	4.953788	14.706979	7.365051	4.904609	4.536097
			4.392125	4.106671	3.239736	10.935986	4.095549	6.201530	3.008622	5.221719	4.940686	2.771246	4.323770	3.192844	2.526691	2.939855	3.125706	2.083542	6.562310	16.566888	11.174632	2.584619	5.482325	2.650279	2.731401	5.985030	8.618343	2.795792	3.155184	3.149855	6.456962	5.691853	2.031717	3.593058	2.389818	3.538916	3.641110	4.876027	2.348564	3.308736	3.481903	2.524981	2.152261	2.991400	2.692726	7.688077	5.757382	4.904280	4.047799	4.053677	4.843153	3.142614	2.817461	5.253398	4.019804	5.758404	5.119459	3.354149	2.861128	5.766557	4.087553	10.648384	5.794460	4.051827	3.782713
			4.079763	3.827411	3.055335	9.706595	3.817561	5.662259	2.847864	4.808701	4.562463	2.633941	4.019411	3.013301	2.412589	2.785981	2.953065	2.008671	5.974800	14.403138	9.907745	2.465114	5.036450	2.524579	2.597945	5.474275	7.740862	2.656103	2.979521	2.974739	5.883628	5.219170	1.961169	3.371104	2.288242	3.322821	3.413926	4.505712	2.250695	3.117131	3.271938	2.411038	2.071566	2.832373	2.562981	6.944746	5.276245	4.530513	3.775259	3.780468	4.476844	2.968241	2.675659	4.836416	3.750446	5.277135	4.719180	3.157767	2.715046	5.284233	3.810479	9.463890	5.308525	3.778828	3.539955
			4.392125	4.106671	3.239736	10.935986	4.095549	6.201530	3.008622	5.221719	4.940686	2.771246	4.323770	3.192844	2.526691	2.939855	3.125706	2.083542	6.562310	16.566888	11.174632	2.584619	5.482325	2.650279	2.731401	5.985030	8.618343	2.795792	3.155184	3.149855	6.456962	5.691853	2.031717	3.593058	2.389818	3.538916	3.641110	4.876027	2.348564	3.308736	3.481903	2.524981	2.152261	2.991400	2.692726	7.688077	5.757382	4.904280	4.047799	4.053677	4.843153	3.142614	2.817461	5.253398	4.019804	5.758404	5.119459	3.354149	2.861128	5.766557	4.087553	10.648384	5.794460	4.051827	3.782713
			5.375385	4.980128	3.803662	15.159253	4.964802	7.955856	3.496811	6.543437	6.144686	3.184981	5.280407	3.741154	2.867521	3.406117	3.651876	2.303157	8.483936	24.304449	15.535776	2.942354	6.915835	3.027452	3.132987	7.640956	11.564405	3.217062	3.691043	3.683959	8.329316	7.217009	2.238160	4.278519	2.691643	4.205323	4.343609	6.053375	2.638898	3.895865	4.128410	2.865315	2.389682	3.474070	3.082619	10.156528	7.311514	6.093253	4.899069	4.907155	6.007013	3.674335	3.245416	6.588573	4.860579	7.312989	6.397995	3.956693	3.302642	7.324757	4.953788	14.706979	7.365051	4.904609	4.536097
		fold down																																																															
			5.375385	4.980128	3.803662	15.159253	4.964802	7.955856	3.496811	6.543437	6.144686	3.184981	5.280407	3.741154	2.867521	3.406117	3.651876	2.303157	8.483936	24.304449	15.535776	2.942354	6.915835	3.027452	3.132987	7.640956	11.564405	3.217062	3.691043	3.683959	8.329316	7.217009	2.238160	4.278519	2.691643	4.205323	4.343609	6.053375	2.638898	3.895865	4.128410	2.865315	2.389682	3.474070	3.082619	10.156528	7.311514	6.093253	4.899069	4.907155	6.007013	3.674335	3.245416	6.588573	4.860579	7.312989	6.397995	3.956693	3.302642	7.324757	4.953788	14.706979	7.365051	4.904609	4.536097
			4.392125	4.106671	3.239736	10.935986	4.095549	6.201530	3.008622	5.221719	4.940686	2.771246	4.323770	3.192844	2.526691	2.939855	3.125706	2.083542	6.562310	16.566888	11.174632	2.584619	5.482325	2.650279	2.731401	5.985030	8.618343	2.795792	3.155184	3.149855	6.456962	5.691853	2.031717	3.593058	2.389818	3.538916	3.641110	4.876027	2.348564	3.308736	3.481903	2.524981	2.152261	2.991400	2.692726	7.688077	5.757382	4.904280	4.047799	4.053677	4.843153	3.142614	2.817461	5.253398	4.019804	5.758404	5.119459	3.354149	2.861128	5.766557	4.087553	10.648384	5.794460	4.051827	3.782713
			4.079763	3.827411	3.055335	9.706595	3.817561	5.662259	2.847864	4.808701	4.562463	2.633941	4.019411	3.013301	2.412589	2.785981	2.953065	2.008671	5.974800	14.403138	9.907745	2.465114	5.036450	2.524579	2.597945	5.474275	7.740862	2.656103	2.979521	2.974739	5.883628	5.219170	1.961169	3.371104	2.288242	3.322821	3.413926	4.505712	2.250695	3.117131	3.271938	2.411038	2.071566	2.832373	2.562981	6.944746	5.276245	4.530513	3.775259	3.780468	4.476844	2.968241	2.675659	4.836416	3.750446	5.277135	4.719180	3.157767	2.715046	5.284233	3.810479	9.463890	5.308525	3.778828	3.539955
			4.392125	4.106671	3.239736	10.935986	4.095549	6.201530	3.008622	5.221719	4.940686	2.771246	4.323770	3.192844	2.526691	2.939855	3.125706	2.083542	6.562310	16.566888	11.174632	2.584619	5.482325	2.650279	2.731401	5.985030	8.618343	2.795792	3.155184	3.149855	6.456962	5.691853	2.031717	3.593058	2.389818	3.538916	3.641110	4.876027	2.348564	3.308736	3.481903	2.524981	2.152261	2.991400	2.692726	7.688077	5.757382	4.904280	4.047799	4.053677	4.843153	3.142614	2.817461	5.253398	4.019804	5.758404	5.119459	3.354149	2.861128	5.766557	4.087553	10.648384	5.794460	4.051827	3.782713
			5.375385	4.980128	3.803662	15.159253	4.964802	7.955856	3.496811	6.543437	6.144686	3.184981	5.280407	3.741154	2.867521	3.406117	3.651876	2.303157	8.483936	24.304449	15.535776	2.942354	6.915835	3.027452	3.132987	7.640956	11.564405	3.217062	3.691043	3.683959	8.329316	7.217009	2.238160	4.278519	2.691643	4.205323	4.343609	6.053375	2.638898	3.895865	4.128410	2.865315	2.389682	3.474070	3.082619	10.156528	7.311514	6.093253	4.899069	4.907155	6.007013	3.674335	3.245416	6.588573	4.860579	7.312989	6.397995	3.956693	3.302642	7.324757	4.953788	14.706979	7.365051	4.904609	4.536097
																																																																	
			AHCY	AKR1C1	ARHGEF7	BIRC5	CAMTA1	CAMTA2	CD44	CDCA5	CDKN3	CHD5	CLSTN1	CPSG3	DDC	DPYSL3	ECEL1	ELAVL4	EPB41L3	EPHA5	EPN2	FYN	GNB1	HIVEP2	HMBS	HPRT1	IGSF4	INPP1	MAP2K4	MAP7	MAPT	MCM2	MRPL3	MTSS1	MYCN	NHLH2	NM23A	NRCAM	NTRK1	ODC1	PAICS	PDE4DIP	PIK3R1	PLAGL1	PLAT	PMP22	PRAME	PRDM2	PRKACB	PRKCZ	PTN	PTPRF	PTPRH	PTPRN2	QPCT	SCG2	SDHA	SLC25A5	SLC6A8	SNAPC1	TNFRSF	TYMS	UBC	ULK2	WSB1
		detectable difference	4.692029	4.373944	3.414258	12.168238	4.361570	6.727787	3.160238	5.621515	5.305846	2.900240	4.615773	3.362651	2.633420	3.084820	3.288821	2.152941	7.137175	18.778553	12.445761	2.696522	5.914917	2.768123	2.856693	6.482626	9.488044	2.927081	3.321229	3.315369	7.017526	6.151268	2.097030	3.804149	2.484582	3.744288	3.857311	5.233330	2.439795	3.490257	3.681297	2.631558	2.227172	3.141343	2.814452	8.420861	6.225266	5.265011	4.308463	4.314999	5.196478	3.307408	2.950784	5.657146	4.277340	6.226421	5.506562	3.540315	2.998575	6.235629	4.352675	11.834143	6.267152	4.312941	4.014152
