		AHCY_20080229	AKR1C1_20080307	ALUsq(Eurogentec)_20080228	ARHGEF7_20080225	BIRC5_20080229	CAMTA1_20080307	CAMTA2_20080227	CD44_20080311	CDCA5_20080225	CDH5_20080305	CDKN3_20080311	CLSTN1_20080227	CPSG3_20080306	DDC_20080310	DPYSL3_20080226	ECEL1_20080225	ELAVL4_20080310	EPB41L3_20080228	EPHA5_20080305	EPN2_20080304	FYN_20080311	GNB1_20080228	HIVEP2_20080304	HMBS_20080318	HPRT1_20080303	IGSF4_20080311	INPP1_20080303	MAP2K4_20080306	MAP7_20080229	MAPT_20080229	MCM2_20080306	MRPL3_20080222	MTSS1_20080227	MYCN(4)_20080222	NHLH2_20080222	NM23A_20080306	NRCAM_20080228	NTRK1_20080318	ODC1_20080226	PAICS_20080311	PDE4DIP_20080305	PIK3R1_20080306	PLAGL1_20080226	PLAT_20080311	PMP22_20080227	PRAME_20080310	PRDM2_20080306	PRKACB_20080311_bis	PRKCZ_20080307	PTN_20080227	PTPRF_20080225	PTPRH_20080228	PTPRN2_20080303	QPCT_20080228	SCG2_20080311	SDHA(1)_20080220	SLC25A5_20080229	SLC6A8_20080306	SNAPC1_20080227	TNFRSF_20080307	TYMS_20080305	UBC(2)_20080220	ULK2_20080229	WSB1_20080310
	15	1.150e-10	7.690e-11	1.210e-08	2.230e-10	2.360e-11	3.410e-11	1.130e-10	6.130e-11	7.930e-11	1.720e-10	3.630e-11	2.990e-10	1.630e-10	1.640e-10	8.321e-11	1.860e-10	1.280e-10	1.130e-10	9.080e-11	1.380e-10	1.310e-10	9.160e-11	1.560e-10	2.180e-10	1.140e-10	2.360e-10	1.600e-10	7.590e-11	2.320e-10	2.640e-10	5.680e-11	1.030e-10	6.670e-11	3.420e-10	6.020e-11	5.580e-10	1.070e-10	6.920e-11	9.380e-11	7.150e-11	2.020e-10	3.374e-10	1.850e-10	6.150e-11	5.190e-11	2.640e-10	1.829e-10	2.850e-10	1.510e-10	2.750e-10	1.470e-10	1.090e-10	8.110e-11	7.830e-11	1.660e-10	4.160e-10	1.800e-10	2.290e-10	1.680e-10	3.610e-10	2.940e-11	1.260e-10	2.680e-10	1.510e-10
	15	2.260e-10	9.970e-11	1.620e-08	1.150e-10	1.620e-10	6.319e-11	1.470e-10	2.600e-11	1.190e-10	1.220e-10	4.990e-11	3.630e-10	2.600e-10	1.420e-10	1.003e-10	2.060e-10	1.320e-10	1.690e-10	1.560e-10	1.230e-10	1.750e-10	1.530e-10	1.880e-10	1.450e-10	2.590e-10	2.940e-10	1.460e-10	1.420e-10	2.440e-10	1.280e-10	9.400e-11	7.000e-11	6.270e-11	4.480e-10	6.270e-11	2.320e-10	1.420e-10	3.990e-11	1.800e-10	5.510e-11	1.970e-10	2.302e-10	9.170e-11	6.500e-11	8.400e-11	2.340e-10	1.804e-10	1.830e-10	1.280e-10	1.550e-10	2.320e-10	1.590e-10	9.180e-11	1.060e-10	1.340e-10	1.930e-10	3.050e-10	2.920e-10	7.850e-11	1.670e-10	2.860e-11	1.470e-10	1.620e-10	1.650e-10
	15	2.810e-10	8.580e-11	1.940e-08	1.900e-10	5.240e-11	5.512e-11	1.480e-10	1.070e-10	1.520e-10	2.240e-10	7.470e-11	1.250e-10	2.460e-10	1.360e-10	1.177e-10	1.810e-10	1.230e-10	3.050e-10	7.990e-11	1.420e-10	9.470e-11	1.110e-10	1.060e-10	1.920e-10	1.960e-10	2.280e-10	1.700e-10	1.880e-10	1.630e-10	2.700e-10	2.500e-11	1.030e-10	4.690e-11	3.520e-10	5.090e-11	1.650e-10	1.810e-10	6.920e-11	1.180e-10	1.149e-10	7.810e-11	2.163e-10	9.480e-11	5.350e-11	4.380e-11	1.670e-10	3.242e-11	3.270e-10	1.500e-10	1.440e-10	2.030e-10	1.350e-10	1.210e-10	1.050e-10	1.430e-10	3.800e-10	2.780e-10	1.990e-10	9.230e-11	2.040e-10	4.350e-11	1.240e-10	3.180e-10	1.430e-10
	150	1.550e-09	8.920e-10	4.080e-07	1.780e-09	6.190e-10	3.456e-10	1.740e-09	8.620e-10	1.150e-09	2.770e-09	5.910e-10	2.390e-09	2.200e-09	1.250e-09	1.227e-09	2.280e-09	1.220e-09	2.040e-09	1.040e-09	1.590e-09	1.530e-09	1.140e-09	1.780e-09	2.130e-09	1.550e-09	2.470e-09	1.450e-09	1.150e-09	1.500e-09	2.180e-09	3.660e-10	9.090e-10	7.060e-10	2.630e-09	5.890e-10	1.700e-09	1.960e-09	7.130e-10	1.580e-09	7.889e-10	1.330e-09	2.818e-09	1.420e-09	3.720e-10	9.310e-10	1.880e-09	7.921e-10	1.980e-09	1.580e-09	2.280e-09	1.780e-09	1.550e-09	1.130e-09	1.130e-09	1.320e-09	3.030e-09	1.950e-09	2.250e-09	1.140e-09	2.370e-09	2.850e-10	2.260e-09	2.860e-09	1.390e-09
	150	1.990e-09	1.120e-09	2.340e-08	1.690e-09	8.110e-10	7.049e-10	1.650e-09	7.030e-10	1.350e-09	2.580e-09	5.610e-10	2.430e-09	2.130e-09	1.560e-09	1.287e-09	2.230e-09	1.410e-09	1.950e-09	1.100e-09	1.270e-09	1.150e-09	9.300e-10	1.320e-09	1.970e-09	1.590e-09	2.140e-09	1.280e-09	1.310e-09	2.020e-09	1.990e-09	5.450e-10	1.100e-09	7.920e-10	2.470e-09	5.850e-10	1.500e-09	1.830e-09	7.870e-10	1.940e-09	5.572e-10	1.410e-09	2.658e-09	1.420e-09	4.590e-10	1.090e-09	1.820e-09	7.995e-10	2.250e-09	1.750e-09	2.310e-09	2.240e-09	1.880e-09	1.050e-09	8.100e-10	1.390e-09	3.140e-09	1.700e-09	2.190e-09	1.090e-09	2.220e-09	3.250e-10	2.010e-09	2.780e-09	1.480e-09
	150	1.710e-09	9.900e-10	2.000e-08	1.420e-09	7.130e-10	6.189e-10	1.230e-09	7.040e-10	1.270e-09	2.090e-09	4.970e-10	2.450e-09	2.020e-09	1.310e-09	1.066e-09	2.030e-09	1.430e-09	1.790e-09	8.710e-10	1.310e-09	1.360e-09	1.050e-09	1.620e-09	2.120e-09	1.240e-09	2.000e-09	1.100e-09	1.320e-09	1.850e-09	1.780e-09	4.950e-10	8.150e-10	6.070e-10	2.480e-09	4.120e-10	1.440e-09	1.610e-09	6.170e-10	1.880e-09	6.829e-10	1.240e-09	2.457e-09	1.400e-09	4.960e-10	5.380e-10	1.570e-09	7.002e-10	1.920e-09	1.650e-09	2.100e-09	1.420e-09	1.890e-09	1.170e-09	9.070e-10	1.480e-09	2.670e-09	1.960e-09	2.240e-09	1.040e-09	2.610e-09	3.310e-10	1.870e-09	2.150e-09	1.210e-09
	1500	2.120e-08	1.250e-08	4.250e-08	1.910e-08	1.080e-08	9.173e-09	1.870e-08	9.600e-09	1.510e-08	2.940e-08	7.490e-09	2.840e-08	2.610e-08	1.710e-08	1.611e-08	2.180e-08	1.760e-08	2.280e-08	1.420e-08	1.690e-08	1.580e-08	1.700e-08	2.050e-08	2.460e-08	1.820e-08	2.490e-08	1.800e-08	1.620e-08	2.070e-08	2.180e-08	8.630e-09	1.110e-08	9.060e-09	3.070e-08	6.810e-09	2.100e-08	2.300e-08	1.160e-08	2.170e-08	9.193e-09	1.660e-08	3.327e-08	1.800e-08	7.170e-09	1.170e-08	2.730e-08	1.178e-08	2.740e-08	1.950e-08	2.510e-08	2.060e-08	2.330e-08	1.430e-08	1.210e-08	1.600e-08	3.550e-08	2.320e-08	2.880e-08	1.520e-08	2.410e-08	5.600e-09	2.510e-08	2.880e-08	2.030e-08
	1500	1.970e-08	1.120e-08	2.360e-08	1.780e-08	9.330e-09	6.265e-09	1.900e-08	9.140e-09	1.350e-08	2.700e-08	7.250e-09	2.500e-08	2.510e-08	1.670e-08	1.253e-08	2.280e-08	1.460e-08	2.090e-08	1.160e-08	1.330e-08	1.620e-08	1.440e-08	2.140e-08	2.110e-08	1.760e-08	2.270e-08	1.640e-08	1.430e-08	1.910e-08	2.130e-08	7.690e-09	1.080e-08	8.710e-09	2.580e-08	6.670e-09	2.000e-08	2.000e-08	8.960e-09	2.160e-08	9.090e-09	1.570e-08	3.028e-08	1.810e-08	5.920e-09	8.770e-09	2.550e-08	9.992e-09	2.440e-08	1.680e-08	2.310e-08	1.910e-08	2.060e-08	1.360e-08	1.230e-08	1.760e-08	3.100e-08	2.010e-08	2.760e-08	1.490e-08	2.710e-08	4.790e-09	2.220e-08	2.240e-08	1.770e-08
	1500	2.110e-08	9.740e-09	9.320e-08	1.960e-08	1.040e-08	8.776e-09	2.050e-08	8.690e-09	1.320e-08	2.920e-08	9.120e-09	2.430e-08	2.380e-08	1.770e-08	1.444e-08	2.400e-08	1.540e-08	2.210e-08	1.320e-08	1.650e-08	1.220e-08	1.550e-08	1.930e-08	2.220e-08	1.800e-08	2.420e-08	1.760e-08	1.330e-08	1.980e-08	2.160e-08	6.550e-09	1.100e-08	9.520e-09	3.040e-08	6.890e-09	2.020e-08	2.070e-08	9.730e-09	2.120e-08	9.421e-09	1.720e-08	2.987e-08	1.580e-08	6.140e-09	1.120e-08	2.260e-08	8.760e-09	2.510e-08	1.860e-08	2.440e-08	2.190e-08	2.170e-08	1.490e-08	1.230e-08	1.740e-08	3.460e-08	2.250e-08	2.730e-08	1.390e-08	2.550e-08	4.250e-09	2.410e-08	2.750e-08	1.830e-08
	15000	1.920e-07	1.370e-07	1.650e-07	1.790e-07	1.020e-07	9.311e-08	1.880e-07	9.020e-08	1.390e-07	2.550e-07	9.130e-08	2.630e-07	2.220e-07	1.550e-07	1.291e-07	2.260e-07	1.610e-07	1.780e-07	1.340e-07	1.420e-07	1.540e-07	1.520e-07	1.710e-07	2.130e-07	1.660e-07	2.560e-07	1.540e-07	1.640e-07	1.700e-07	2.030e-07	7.220e-08	1.240e-07	9.600e-08	2.960e-07	7.040e-08	1.750e-07	2.090e-07	1.030e-07	2.010e-07	9.343e-08	1.630e-07	2.840e-07	1.770e-07	6.040e-08	1.140e-07	2.490e-07	1.021e-07	2.450e-07	1.700e-07	2.270e-07	2.070e-07	2.100e-07	1.290e-07	1.220e-07	1.690e-07	3.200e-07	2.080e-07	2.660e-07	1.500e-07	2.510e-07	6.520e-08	2.350e-07	2.400e-07	1.790e-07
	15000	2.020e-07	1.480e-07	8.140e-08	1.790e-07	1.100e-07	9.341e-08	1.740e-07	8.820e-08	1.380e-07	2.820e-07	9.310e-08	2.700e-07	2.240e-07	1.490e-07	1.424e-07	2.350e-07	1.690e-07	2.100e-07	1.370e-07	1.410e-07	1.630e-07	1.520e-07	1.570e-07	2.250e-07	1.710e-07	2.640e-07	1.640e-07	1.560e-07	1.760e-07	2.110e-07	8.110e-08	1.260e-07	8.860e-08	3.020e-07	6.880e-08	1.960e-07	1.910e-07	1.010e-07	2.040e-07	9.833e-08	1.580e-07	2.844e-07	1.720e-07	6.540e-08	1.150e-07	2.600e-07	9.563e-08	2.640e-07	1.730e-07	2.210e-07	1.980e-07	2.100e-07	1.300e-07	1.110e-07	1.510e-07	3.370e-07	1.960e-07	2.700e-07	1.420e-07	2.550e-07	5.190e-08	2.350e-07	2.220e-07	1.830e-07
	15000	2.090e-07	1.410e-07	8.720e-08	1.970e-07	1.080e-07	1.053e-07	1.880e-07	8.920e-08	1.460e-07	2.720e-07	9.560e-08	2.870e-07	2.350e-07	1.490e-07	1.542e-07	2.240e-07	1.690e-07	2.410e-07	1.320e-07	1.060e-07	1.500e-07	1.630e-07	2.000e-07	2.420e-07	1.800e-07	2.710e-07	1.730e-07	1.680e-07	1.760e-07	2.290e-07	7.900e-08	1.370e-07	1.080e-07	3.010e-07	7.320e-08	1.910e-07	2.380e-07	1.140e-07	2.250e-07	1.040e-07	1.740e-07	2.962e-07	1.890e-07	6.130e-08	1.300e-07	2.550e-07	9.657e-08	2.870e-07	1.750e-07	2.400e-07	2.180e-07	2.360e-07	1.440e-07	1.260e-07	1.790e-07	3.340e-07	2.150e-07	2.610e-07	1.630e-07	2.680e-07	6.560e-08	2.560e-07	2.630e-07	1.740e-07
	150000	2.040e-06	1.610e-06	9.480e-07	2.010e-06	1.080e-06	1.226e-06	2.230e-06	1.160e-06	1.400e-06	2.950e-06	1.160e-06	2.840e-06	2.660e-06	1.930e-06	1.738e-06	2.570e-06	2.140e-06	2.320e-06	1.470e-06	1.890e-06	1.920e-06	1.760e-06	1.970e-06	2.490e-06	1.960e-06	2.880e-06	1.610e-06	1.940e-06	2.090e-06	1.940e-06	1.030e-06	1.480e-06	1.130e-06	3.410e-06	7.060e-07	1.980e-06	2.200e-06	1.300e-06	2.510e-06	1.211e-06	1.810e-06	3.116e-06	2.050e-06	8.370e-07	1.320e-06	2.690e-06	1.174e-06	3.220e-06	2.080e-06	2.570e-06	2.270e-06	2.270e-06	1.440e-06	1.350e-06	1.900e-06	3.450e-06	2.200e-06	2.860e-06	1.620e-06	3.110e-06	8.000e-07	2.650e-06	2.680e-06	2.230e-06
	150000	2.470e-06	1.610e-06	9.030e-07	2.390e-06	1.390e-06	1.289e-06	2.410e-06	1.160e-06	1.710e-06	3.540e-06	1.270e-06	3.100e-06	2.740e-06	1.690e-06	1.778e-06	2.410e-06	2.200e-06	2.630e-06	1.650e-06	1.880e-06	1.980e-06	1.990e-06	2.340e-06	2.730e-06	2.130e-06	3.180e-06	1.990e-06	2.180e-06	2.230e-06	2.600e-06	1.080e-06	1.670e-06	1.100e-06	3.540e-06	8.270e-07	2.400e-06	2.380e-06	1.400e-06	2.550e-06	1.261e-06	2.330e-06	3.511e-06	2.310e-06	8.480e-07	1.480e-06	3.180e-06	1.343e-06	3.450e-06	2.170e-06	2.750e-06	2.460e-06	2.630e-06	1.700e-06	1.590e-06	2.130e-06	3.890e-06	2.620e-06	3.120e-06	2.020e-06	3.170e-06	8.240e-07	2.990e-06	3.080e-06	2.370e-06
	150000	2.460e-06	1.440e-06	8.500e-07	2.150e-06	1.250e-06	1.135e-06	2.490e-06	1.150e-06	1.730e-06	3.500e-06	1.240e-06	3.160e-06	2.620e-06	2.000e-06	1.698e-06	2.840e-06	2.120e-06	2.530e-06	1.830e-06	1.760e-06	1.930e-06	1.520e-06	1.960e-06	2.570e-06	2.020e-06	2.890e-06	1.660e-06	2.070e-06	1.970e-06	2.160e-06	1.040e-06	1.660e-06	1.160e-06	3.340e-06	6.930e-07	2.310e-06	2.610e-06	1.330e-06	2.610e-06	1.214e-06	2.120e-06	3.309e-06	2.170e-06	8.210e-07	1.410e-06	2.960e-06	1.325e-06	2.950e-06	1.910e-06	2.390e-06	2.570e-06	2.390e-06	1.590e-06	1.530e-06	2.310e-06	3.590e-06	2.740e-06	3.050e-06	1.430e-06	2.770e-06	7.000e-07	2.720e-06	2.760e-06	2.260e-06
																																																																	
																																																																	
	mean(max)	mean(max)	mean(max)	mean(max)	mean(max)	mean(max)	mean(max)	mean(max)	mean(max)	mean(max)	mean(max)	mean(max)	mean(max)	mean(max)	mean(max)	mean(max)	mean(max)	mean(max)	mean(max)	mean(max)	mean(max)	mean(max)	mean(max)	mean(max)	mean(max)	mean(max)	mean(max)	mean(max)	mean(max)	mean(max)	mean(max)	mean(max)	mean(max)	mean(max)	mean(max)	mean(max)	mean(max)	mean(max)	mean(max)	mean(max)	mean(max)	mean(max)	mean(max)	mean(max)	mean(max)	mean(max)	mean(max)	mean(max)	mean(max)	mean(max)	mean(max)	mean(max)	mean(max)	mean(max)	mean(max)	mean(max)	mean(max)	mean(max)	mean(max)	mean(max)	mean(max)	mean(max)	mean(max)	mean(max)	mean(max)
	150000	2.323e-06	1.553e-06	9.003e-07	2.183e-06	1.240e-06	1.217e-06	2.377e-06	1.157e-06	1.613e-06	3.330e-06	1.223e-06	3.033e-06	2.673e-06	1.873e-06	1.738e-06	2.607e-06	2.153e-06	2.493e-06	1.650e-06	1.843e-06	1.943e-06	1.757e-06	2.090e-06	2.597e-06	2.037e-06	2.983e-06	1.753e-06	2.063e-06	2.097e-06	2.233e-06	1.050e-06	1.603e-06	1.130e-06	3.430e-06	7.420e-07	2.230e-06	2.397e-06	1.343e-06	2.557e-06	1.229e-06	2.087e-06	3.312e-06	2.177e-06	8.353e-07	1.403e-06	2.943e-06	1.281e-06	3.207e-06	2.053e-06	2.570e-06	2.433e-06	2.430e-06	1.577e-06	1.490e-06	2.113e-06	3.643e-06	2.520e-06	3.010e-06	1.690e-06	3.017e-06	7.747e-07	2.787e-06	2.840e-06	2.287e-06
																																																																	
																																																																	
	0.0001	0.000049	0.000050	0.013439	0.000102	0.000019	0.000028	0.000048	0.000053	0.000049	0.000052	0.000030	0.000099	0.000061	0.000088	0.000048	0.000071	0.000059	0.000045	0.000055	0.000075	0.000067	0.000052	0.000075	0.000084	0.000056	0.000079	0.000091	0.000037	0.000111	0.000118	0.000054	0.000064	0.000059	0.000100	0.000081	0.000250	0.000045	0.000052	0.000037	0.000058	0.000097	0.000102	0.000085	0.000074	0.000037	0.000090	0.000143	0.000089	0.000074	0.000107	0.000060	0.000045	0.000051	0.000053	0.000079	0.000114	0.000071	0.000076	0.000099	0.000120	0.000038	0.000045	0.000094	0.000066
	0.0001	0.000097	0.000064	0.017993	0.000053	0.000131	0.000052	0.000062	0.000022	0.000074	0.000037	0.000041	0.000120	0.000097	0.000076	0.000058	0.000079	0.000061	0.000068	0.000095	0.000067	0.000090	0.000087	0.000090	0.000056	0.000127	0.000099	0.000083	0.000069	0.000116	0.000057	0.000090	0.000044	0.000055	0.000131	0.000085	0.000104	0.000059	0.000030	0.000070	0.000045	0.000094	0.000070	0.000042	0.000078	0.000060	0.000080	0.000141	0.000057	0.000062	0.000060	0.000095	0.000065	0.000058	0.000071	0.000063	0.000053	0.000121	0.000097	0.000046	0.000055	0.000037	0.000053	0.000057	0.000072
	0.0001	0.000121	0.000055	0.021548	0.000087	0.000042	0.000045	0.000062	0.000093	0.000094	0.000067	0.000061	0.000041	0.000092	0.000073	0.000068	0.000069	0.000057	0.000122	0.000048	0.000077	0.000049	0.000063	0.000051	0.000074	0.000096	0.000076	0.000097	0.000091	0.000078	0.000121	0.000024	0.000064	0.000042	0.000103	0.000069	0.000074	0.000076	0.000052	0.000046	0.000094	0.000037	0.000065	0.000044	0.000064	0.000031	0.000057	0.000025	0.000102	0.000073	0.000056	0.000083	0.000056	0.000077	0.000070	0.000068	0.000104	0.000110	0.000066	0.000055	0.000068	0.000056	0.000044	0.000112	0.000063
	0.001	0.000667	0.000574	0.453165	0.000815	0.000499	0.000284	0.000732	0.000745	0.000713	0.000832	0.000483	0.000788	0.000823	0.000667	0.000706	0.000875	0.000567	0.000818	0.000630	0.000863	0.000787	0.000649	0.000852	0.000820	0.000761	0.000828	0.000827	0.000557	0.000715	0.000976	0.000349	0.000567	0.000625	0.000767	0.000794	0.000762	0.000818	0.000531	0.000618	0.000642	0.000637	0.000851	0.000652	0.000445	0.000663	0.000639	0.000619	0.000617	0.000769	0.000887	0.000732	0.000638	0.000717	0.000758	0.000625	0.000832	0.000774	0.000748	0.000675	0.000786	0.000368	0.000811	0.001007	0.000608
	0.001	0.000857	0.000721	0.025990	0.000774	0.000654	0.000579	0.000694	0.000608	0.000837	0.000775	0.000459	0.000801	0.000797	0.000833	0.000741	0.000855	0.000655	0.000782	0.000667	0.000689	0.000592	0.000529	0.000632	0.000759	0.000781	0.000717	0.000730	0.000635	0.000963	0.000891	0.000519	0.000686	0.000701	0.000720	0.000788	0.000673	0.000764	0.000586	0.000759	0.000453	0.000676	0.000803	0.000652	0.000549	0.000777	0.000618	0.000624	0.000702	0.000852	0.000899	0.000921	0.000774	0.000666	0.000544	0.000658	0.000862	0.000675	0.000728	0.000645	0.000736	0.000420	0.000721	0.000979	0.000647
	0.001	0.000736	0.000637	0.022214	0.000650	0.000575	0.000509	0.000518	0.000609	0.000787	0.000628	0.000406	0.000808	0.000756	0.000699	0.000613	0.000779	0.000664	0.000718	0.000528	0.000711	0.000700	0.000598	0.000775	0.000816	0.000609	0.000670	0.000627	0.000640	0.000882	0.000797	0.000471	0.000508	0.000537	0.000723	0.000555	0.000646	0.000672	0.000459	0.000735	0.000556	0.000594	0.000742	0.000643	0.000594	0.000383	0.000533	0.000547	0.000599	0.000804	0.000817	0.000584	0.000778	0.000742	0.000609	0.000700	0.000733	0.000778	0.000744	0.000615	0.000865	0.000427	0.000671	0.000757	0.000529
	0.01	0.009125	0.008047	0.047205	0.008748	0.008710	0.007539	0.007868	0.008300	0.009360	0.008829	0.006123	0.009363	0.009763	0.009128	0.009269	0.008363	0.008173	0.009144	0.008606	0.009168	0.008130	0.009677	0.009809	0.009474	0.008936	0.008346	0.010266	0.007851	0.009873	0.009761	0.008219	0.006923	0.008018	0.008950	0.009178	0.009417	0.009597	0.008635	0.008488	0.007482	0.007955	0.010045	0.008270	0.008583	0.008337	0.009275	0.009198	0.008545	0.009497	0.009767	0.008466	0.009588	0.009070	0.008121	0.007571	0.009744	0.009206	0.009568	0.008994	0.007989	0.007229	0.009007	0.010141	0.008878
	0.01	0.008479	0.007210	0.026213	0.008153	0.007524	0.005149	0.007994	0.007902	0.008368	0.008108	0.005926	0.008242	0.009389	0.008915	0.007209	0.008747	0.006780	0.008382	0.007030	0.007215	0.008336	0.008197	0.010239	0.008126	0.008642	0.007609	0.009354	0.006931	0.009110	0.009537	0.007324	0.006736	0.007708	0.007522	0.008989	0.008969	0.008345	0.006670	0.008449	0.007398	0.007524	0.009143	0.008315	0.007087	0.006249	0.008664	0.007802	0.007609	0.008182	0.008988	0.007849	0.008477	0.008626	0.008255	0.008328	0.008509	0.007976	0.009169	0.008817	0.008983	0.006183	0.007967	0.007887	0.007741
	0.01	0.009082	0.006270	0.103517	0.008977	0.008387	0.007213	0.008626	0.007513	0.008182	0.008769	0.007455	0.008011	0.008903	0.009448	0.008308	0.009207	0.007152	0.008864	0.008000	0.008951	0.006278	0.008824	0.009234	0.008549	0.008838	0.008112	0.010038	0.006446	0.009444	0.009672	0.006238	0.006861	0.008425	0.008863	0.009286	0.009058	0.008637	0.007243	0.008292	0.007668	0.008243	0.009019	0.007259	0.007350	0.007981	0.007678	0.006840	0.007827	0.009058	0.009494	0.009000	0.008930	0.009450	0.008255	0.008233	0.009497	0.008929	0.009070	0.008225	0.008453	0.005486	0.008648	0.009683	0.008003
	0.1	0.082640	0.088197	0.183265	0.081985	0.082258	0.076529	0.079102	0.077983	0.086157	0.076577	0.074632	0.086703	0.083042	0.082740	0.074281	0.086701	0.074768	0.071390	0.081212	0.077034	0.079245	0.086528	0.081818	0.082028	0.081506	0.085810	0.087833	0.079483	0.081081	0.090896	0.068762	0.077339	0.084956	0.086297	0.094879	0.078475	0.087204	0.076675	0.078618	0.076042	0.078115	0.085749	0.081317	0.072306	0.081235	0.084598	0.079724	0.076403	0.082792	0.088327	0.085068	0.086420	0.081818	0.081879	0.079968	0.087832	0.082540	0.088372	0.088757	0.083204	0.084165	0.084330	0.084507	0.078280
	0.1	0.086944	0.095279	0.090411	0.081985	0.088710	0.076775	0.073212	0.076254	0.085537	0.084685	0.076104	0.089011	0.083791	0.079537	0.081933	0.090153	0.078483	0.084225	0.083030	0.076492	0.083877	0.086528	0.075120	0.086650	0.083961	0.088492	0.093536	0.075606	0.083943	0.094478	0.077238	0.078586	0.078407	0.088047	0.092722	0.087892	0.079694	0.075186	0.079791	0.080030	0.075719	0.085870	0.079020	0.078292	0.081948	0.088335	0.074672	0.082328	0.084253	0.085992	0.081370	0.086420	0.082452	0.074497	0.071451	0.092498	0.077778	0.089701	0.084024	0.084530	0.066997	0.084330	0.078169	0.080029
	0.1	0.089957	0.090773	0.096853	0.090229	0.087097	0.086548	0.079102	0.077118	0.090496	0.081682	0.078147	0.094615	0.087905	0.079537	0.088723	0.085934	0.078483	0.096658	0.080000	0.057505	0.077187	0.092789	0.095694	0.093196	0.088380	0.090838	0.098669	0.081422	0.083943	0.102537	0.075238	0.085447	0.095575	0.087755	0.098652	0.085650	0.099305	0.084864	0.088005	0.084645	0.083387	0.089432	0.086830	0.073384	0.092637	0.086636	0.075406	0.089501	0.085227	0.093385	0.089589	0.097119	0.091332	0.084564	0.084700	0.091674	0.085317	0.086711	0.096450	0.088840	0.084682	0.091866	0.092606	0.076093
	1.0	0.878049	1.036481	1.052943	0.920611	0.870968	1.007671	0.938289	1.002882	0.867769	0.885886	0.948229	0.936264	0.995012	1.030249	1.000000	0.985934	0.993808	0.930481	0.890909	1.025316	0.987993	1.001898	0.942584	0.958922	0.962357	0.965363	0.918251	0.940226	0.996820	0.868657	0.980952	0.923077	1.000000	0.994169	0.951482	0.887892	0.917942	0.967742	0.981747	0.985621	0.867412	0.940821	0.941807	1.001995	0.940618	0.913930	0.916710	1.004158	1.012987	1.000000	0.932877	0.934156	0.913319	0.906040	0.899054	0.946935	0.873016	0.950166	0.958580	1.030939	1.032702	0.950957	0.943662	0.975219
	1.0	1.063128	1.036481	1.002962	1.094656	1.120968	1.059452	1.014025	1.002882	1.059917	1.063063	1.038147	1.021978	1.024938	0.902135	1.023015	0.924552	1.021672	1.054813	1.000000	1.019892	1.018868	1.132827	1.119617	1.051348	1.045827	1.065922	1.134981	1.056543	1.063593	1.164179	1.028571	1.041580	0.973451	1.032070	1.114555	1.076233	0.993046	1.042184	0.997392	1.026316	1.116613	1.060085	1.061256	1.015164	1.054632	1.080408	1.048673	1.075884	1.056818	1.070039	1.010959	1.082305	1.078224	1.067114	1.007886	1.067704	1.039683	1.036545	1.195266	1.050829	1.063683	1.072967	1.084507	1.036443
	1.0	1.058824	0.927039	0.944095	0.984733	1.008065	0.932877	1.047686	0.994236	1.072314	1.051051	1.013624	1.041758	0.980050	1.067616	0.976985	1.089514	0.984520	1.014706	1.109091	0.954792	0.993139	0.865275	0.937799	0.989730	0.991817	0.968715	0.946768	1.003231	0.939587	0.967164	0.990476	1.035343	1.026549	0.973761	0.933962	1.035874	1.089013	0.990074	1.020860	0.988063	1.015974	0.999094	0.996937	0.982841	1.004751	1.005663	1.034617	0.919958	0.930195	0.929961	1.056164	0.983539	1.008457	1.026846	1.093060	0.985361	1.087302	1.013289	0.846154	0.918232	0.903614	0.976077	0.971831	0.988338
																																																																	
scaled(min)	0.0001	0.000089	0.000056	0.017660	0.000081	0.000064	0.000042	0.000057	0.000056	0.000072	0.000052	0.000044	0.000086	0.000083	0.000079	0.000058	0.000073	0.000059	0.000078	0.000066	0.000073	0.000069	0.000067	0.000072	0.000071	0.000093	0.000085	0.000090	0.000066	0.000102	0.000099	0.000056	0.000057	0.000052	0.000111	0.000078	0.000143	0.000060	0.000044	0.000051	0.000066	0.000076	0.000079	0.000057	0.000072	0.000043	0.000075	0.000103	0.000083	0.000070	0.000074	0.000080	0.000055	0.000062	0.000065	0.000070	0.000090	0.000101	0.000080	0.000067	0.000081	0.000044	0.000047	0.000088	0.000067
scaled(max)	1.0	1.000000	1.000000	1.000000	1.000000	1.000000	1.000000	1.000000	1.000000	1.000000	1.000000	1.000000	1.000000	1.000000	1.000000	1.000000	1.000000	1.000000	1.000000	1.000000	1.000000	1.000000	1.000000	1.000000	1.000000	1.000000	1.000000	1.000000	1.000000	1.000000	1.000000	1.000000	1.000000	1.000000	1.000000	1.000000	1.000000	1.000000	1.000000	1.000000	1.000000	1.000000	1.000000	1.000000	1.000000	1.000000	1.000000	1.000000	1.000000	1.000000	1.000000	1.000000	1.000000	1.000000	1.000000	1.000000	1.000000	1.000000	1.000000	1.000000	1.000000	1.000000	1.000000	1.000000	1.000000
ratio	Bias as ratio mean	11205.79	17759.15	56.62	12405.30	15630.25	23948.56	17475.49	17858.98	13816.73	19285.71	22809.20	11562.90	11988.04	12714.93	17310.18	13647.47	16866.84	12742.76	15151.52	13722.08	14549.54	14820.02	13933.33	14036.04	10738.14	11807.39	11050.42	15250.06	9843.51	10120.85	17918.09	17427.54	19228.59	9010.51	12807.83	7005.24	16720.93	22602.36	19576.31	15262.94	13120.94	12675.09	17577.39	13922.22	23427.94	13278.20	9708.89	12100.63	14358.97	13432.06	12542.96	18089.33	16093.91	15451.09	14311.51	11051.57	9908.26	12541.67	14964.58	12363.39	22896.55	21057.93	11390.37	14945.53
																																																																	
	take log																																																																
	-4.0	-4.305414	-4.305338	-1.871618	-3.990815	-4.720510	-4.552417	-4.322890	-4.275748	-4.308451	-4.286916	-4.527638	-4.006249	-4.214866	-4.057771	-4.319874	-4.146573	-4.225901	-4.343702	-4.259398	-4.125725	-4.171276	-4.282794	-4.127022	-4.075960	-4.252015	-4.101790	-4.039745	-4.434328	-3.956041	-3.927350	-4.266841	-4.192187	-4.228953	-4.001268	-4.090807	-3.601671	-4.350224	-4.288078	-4.435471	-4.235128	-4.014102	-3.991945	-4.070620	-4.132985	-4.431993	-4.047236	-3.845222	-4.051209	-4.133483	-3.970600	-4.218884	-4.348180	-4.288719	-4.279425	-4.104860	-3.942406	-4.146128	-4.118731	-4.002577	-3.922020	-4.420768	-4.344714	-4.025184	-4.180226
	-4.0	-4.012003	-4.192570	-1.744888	-4.278422	-3.883907	-4.284523	-4.208651	-4.648235	-4.132177	-4.436084	-4.389444	-3.922014	-4.012080	-4.120327	-4.238749	-4.102218	-4.212537	-4.168894	-4.024359	-4.175699	-4.045509	-4.059998	-4.045988	-4.253048	-3.895620	-4.006354	-4.079512	-4.162281	-3.934140	-4.241744	-4.048061	-4.359926	-4.255811	-3.884016	-4.073136	-3.982817	-4.227319	-4.527211	-4.152402	-4.348282	-4.024987	-4.157985	-4.375423	-4.108946	-4.222882	-4.099624	-3.851200	-4.243603	-4.205249	-4.219601	-4.020714	-4.184209	-4.234897	-4.147880	-4.197863	-4.275942	-3.917101	-4.013184	-4.333017	-4.256811	-4.432749	-4.277768	-4.243803	-4.141719
	-4.0	-3.917405	-4.257777	-1.666602	-4.060366	-4.374090	-4.343862	-4.205707	-4.033824	-4.025881	-4.172196	-4.214224	-4.385010	-4.036118	-4.139076	-4.169273	-4.158407	-4.243206	-3.912481	-4.314937	-4.113316	-4.312197	-4.199366	-4.294840	-4.131115	-4.016664	-4.116767	-4.013416	-4.040412	-4.109342	-3.917590	-4.623249	-4.192187	-4.381906	-3.988751	-4.163686	-4.130821	-4.121929	-4.288078	-4.335792	-4.029114	-4.426802	-4.185034	-4.360984	-4.193506	-4.505687	-4.246123	-4.596623	-3.991506	-4.136368	-4.251571	-4.078706	-4.255273	-4.114955	-4.151997	-4.169632	-3.981715	-3.957356	-4.179713	-4.262685	-4.169897	-4.250626	-4.351663	-3.950891	-4.203867
	-3.0	-3.175780	-3.240900	-0.343743	-3.088700	-3.301731	-3.546598	-3.135419	-3.127701	-3.147026	-3.079964	-3.315957	-3.103522	-3.084630	-3.175705	-3.151205	-3.058151	-3.246751	-3.087150	-3.200451	-3.064207	-3.103856	-3.187785	-3.069726	-3.086037	-3.118588	-3.082005	-3.082496	-3.253872	-3.145438	-3.010497	-3.457708	-3.246460	-3.204274	-3.115338	-3.100289	-3.117856	-3.087352	-3.275094	-3.209017	-3.192412	-3.195601	-3.070149	-3.185504	-3.351317	-3.178211	-3.194682	-3.208656	-3.209389	-3.113802	-3.051998	-3.135782	-3.195275	-3.144661	-3.120108	-3.204394	-3.080056	-3.111366	-3.126384	-3.170982	-3.104779	-3.434270	-3.090977	-2.996952	-3.216188
	-3.0	-3.067258	-3.142047	-1.585187	-3.111233	-3.184401	-3.237044	-3.158484	-3.216253	-3.077390	-3.110825	-3.338582	-3.096314	-3.098674	-3.079490	-3.130471	-3.067781	-3.183892	-3.106746	-3.176091	-3.161800	-3.227849	-3.276206	-3.199572	-3.119950	-3.107523	-3.144288	-3.136655	-3.197298	-3.016178	-3.050100	-3.284793	-3.163631	-3.154353	-3.142597	-3.103248	-3.172214	-3.117157	-3.232209	-3.119872	-3.343423	-3.170234	-3.095535	-3.185504	-3.260047	-3.109734	-3.208768	-3.204618	-3.153871	-3.069421	-3.046321	-3.035954	-3.111448	-3.176551	-3.264701	-3.181953	-3.064569	-3.170952	-3.138122	-3.190460	-3.133174	-3.377232	-3.141889	-3.009274	-3.188941
	-3.0	-3.133115	-3.195629	-1.653373	-3.186832	-3.240332	-3.293551	-3.286063	-3.215636	-3.103920	-3.202298	-3.391188	-3.092754	-3.121702	-3.155344	-3.212293	-3.108589	-3.177775	-3.143927	-3.277466	-3.148333	-3.155008	-3.223500	-3.110631	-3.088080	-3.215498	-3.173672	-3.202472	-3.193995	-3.054358	-3.098534	-3.326584	-3.293866	-3.269890	-3.140842	-3.255507	-3.189942	-3.172782	-3.337899	-3.133516	-3.255077	-3.226031	-3.129685	-3.191664	-3.226378	-3.416379	-3.272940	-3.262214	-3.222753	-3.094976	-3.087714	-3.233913	-3.109144	-3.129554	-3.215579	-3.154706	-3.134988	-3.109144	-3.128318	-3.210853	-3.062887	-3.369287	-3.173243	-3.120880	-3.276417
	-2.0	-2.039776	-2.094355	-1.326014	-2.058087	-2.059998	-2.122660	-2.104127	-2.080937	-2.028747	-2.054097	-2.213063	-2.028602	-2.010413	-2.039619	-2.032954	-2.077629	-2.087599	-2.038845	-2.065196	-2.037717	-2.089890	-2.014240	-2.008392	-2.023481	-2.048849	-2.078502	-1.988592	-2.105054	-2.005559	-2.010497	-2.085179	-2.159701	-2.095950	-2.048156	-2.037257	-2.026086	-2.017880	-2.063726	-2.071214	-2.125977	-2.099345	-1.998038	-2.082519	-2.066341	-2.078975	-2.032677	-2.036291	-2.068303	-2.022425	-2.010259	-2.072334	-2.018250	-2.042404	-2.090401	-2.120848	-2.011271	-2.035913	-2.019174	-2.046043	-2.097510	-2.140927	-2.045411	-1.993926	-2.051707
	-2.0	-2.071645	-2.142047	-1.581491	-2.088700	-2.123540	-2.288251	-2.097215	-2.102262	-2.077390	-2.091080	-2.227207	-2.083980	-2.027379	-2.049899	-2.142099	-2.058151	-2.168758	-2.076634	-2.153026	-2.141752	-2.079032	-2.086327	-1.989733	-2.090134	-2.063407	-2.118676	-2.029021	-2.159233	-2.040496	-2.020574	-2.135263	-2.171600	-2.113060	-2.123674	-2.046278	-2.047275	-2.078578	-2.175876	-2.073220	-2.130870	-2.123553	-2.038934	-2.080113	-2.149538	-2.204161	-2.062299	-2.107784	-2.118664	-2.087150	-2.046321	-2.105168	-2.071739	-2.064201	-2.083281	-2.079455	-2.070137	-2.098204	-2.037657	-2.054700	-2.046558	-2.208779	-2.098732	-2.103070	-2.111230
	-2.0	-2.041829	-2.202706	-0.984987	-2.046864	-2.076388	-2.141875	-2.064214	-2.124188	-2.087150	-2.057061	-2.127550	-2.096314	-2.050476	-2.024642	-2.080483	-2.035874	-2.145591	-2.052388	-2.096910	-2.048120	-2.202187	-2.054358	-2.034589	-2.068063	-2.053647	-2.090886	-1.998352	-2.190718	-2.024864	-2.014500	-2.204948	-2.163631	-2.074441	-2.052421	-2.032185	-2.042953	-2.063637	-2.140071	-2.081338	-2.115337	-2.083925	-2.044855	-2.139135	-2.133691	-2.097943	-2.114731	-2.164932	-2.106380	-2.042947	-2.022543	-2.045757	-2.049147	-2.024554	-2.083281	-2.084419	-2.022423	-2.049218	-2.042404	-2.084872	-2.072987	-2.260726	-2.063068	-2.013986	-2.096752
	-1.0	-1.082810	-1.054544	-0.736919	-1.086267	-1.084822	-1.116175	-1.101810	-1.108002	-1.064709	-1.115904	-1.127074	-1.061964	-1.080700	-1.082283	-1.129124	-1.061977	-1.126285	-1.146360	-1.090379	-1.113316	-1.101027	-1.062846	-1.087150	-1.086037	-1.088812	-1.066462	-1.056344	-1.099726	-1.091080	-1.041458	-1.162652	-1.111602	-1.070807	-1.064002	-1.022831	-1.105267	-1.059461	-1.115347	-1.104478	-1.118948	-1.107265	-1.066772	-1.089819	-1.140823	-1.090256	-1.072640	-1.098410	-1.116888	-1.082011	-1.053907	-1.070231	-1.063387	-1.087150	-1.086826	-1.097081	-1.056349	-1.083337	-1.053685	-1.051795	-1.079854	-1.074867	-1.074017	-1.073107	-1.106350
	-1.0	-1.060760	-1.021003	-1.043779	-1.086267	-1.052029	-1.114778	-1.135419	-1.117740	-1.067845	-1.072195	-1.118595	-1.050556	-1.076805	-1.099429	-1.086540	-1.045018	-1.105225	-1.074561	-1.080763	-1.116385	-1.076360	-1.062846	-1.124247	-1.062234	-1.075924	-1.053098	-1.029021	-1.121445	-1.076017	-1.024671	-1.112168	-1.104653	-1.105645	-1.055287	-1.032815	-1.056049	-1.098574	-1.123862	-1.098044	-1.096748	-1.120796	-1.066161	-1.102263	-1.106282	-1.086463	-1.053866	-1.126842	-1.084450	-1.074413	-1.065541	-1.089536	-1.063387	-1.083797	-1.127863	-1.145991	-1.033869	-1.109144	-1.047203	-1.075598	-1.072987	-1.173948	-1.074017	-1.106965	-1.096752
	-1.0	-1.045965	-1.042046	-1.013887	-1.044654	-1.059998	-1.062743	-1.101810	-1.112843	-1.043371	-1.087875	-1.107087	-1.024038	-1.055985	-1.099429	-1.051965	-1.065837	-1.105225	-1.014763	-1.096910	-1.240298	-1.112456	-1.032502	-1.019116	-1.030601	-1.053647	-1.041732	-1.005818	-1.089260	-1.076017	-0.989118	-1.123562	-1.068303	-1.019655	-1.056728	-1.005893	-1.067271	-1.003031	-1.071279	-1.055492	-1.072401	-1.078904	-1.048505	-1.061330	-1.134399	-1.033217	-1.062299	-1.122594	-1.048172	-1.069421	-1.029722	-1.047745	-1.012694	-1.039377	-1.072816	-1.072115	-1.037752	-1.068962	-1.061926	-1.015699	-1.051393	-1.072211	-1.036845	-1.033363	-1.118654
	0.0	-0.056481	0.015561	0.022405	-0.035924	-0.059998	0.003319	-0.027663	0.001250	-0.061596	-0.052622	-0.023087	-0.028602	-0.002171	0.012942	0.000000	-0.006152	-0.002697	-0.031292	-0.050167	0.010858	-0.005246	0.000823	-0.025680	-0.018217	-0.016664	-0.015309	-0.037039	-0.026768	-0.001383	-0.061152	-0.008352	-0.034762	0.000000	-0.002540	-0.021599	-0.051640	-0.037185	-0.014240	-0.008000	-0.006290	-0.061775	-0.026493	-0.026038	0.000866	-0.026587	-0.039087	-0.037768	0.001802	0.005604	0.000000	-0.030176	-0.029580	-0.039377	-0.042852	-0.046214	-0.023680	-0.058978	-0.022200	-0.018372	0.013233	0.013975	-0.021839	-0.025184	-0.010898
	0.0	0.026585	0.015561	0.001284	0.039278	0.049593	0.025081	0.006049	0.001250	0.025272	0.026559	0.016259	0.009442	0.010697	-0.044728	0.009882	-0.034068	0.009311	0.023175	0.000000	0.008554	0.008118	0.054164	0.049070	0.021746	0.019460	0.027725	0.054989	0.023887	0.026775	0.066020	0.012234	0.017693	-0.011686	0.013709	0.047102	0.031906	-0.003031	0.017944	-0.001134	0.011281	0.047903	0.025341	0.025820	0.006536	0.023101	0.033588	0.020640	0.031765	0.024000	0.029400	0.004734	0.034349	0.032709	0.028211	0.003412	0.028451	0.016901	0.015588	0.077465	0.021532	0.026812	0.030586	0.035232	0.015545
	0.0	0.024824	-0.032902	-0.024984	-0.006682	0.003488	-0.030176	0.020231	-0.002510	0.030322	0.021624	0.005877	0.017767	-0.008752	0.028415	-0.010112	0.037233	-0.006775	0.006340	0.044967	-0.020091	-0.002990	-0.062846	-0.027890	-0.004483	-0.003569	-0.013804	-0.023756	0.001401	-0.027063	-0.014500	-0.004156	0.015084	0.011380	-0.011548	-0.029671	0.015307	0.037033	-0.004332	0.008966	-0.005215	0.006883	-0.000394	-0.001332	-0.007517	0.002058	0.002452	0.014780	-0.036232	-0.031426	-0.031535	0.023732	-0.007208	0.003657	0.011505	0.038644	-0.006404	0.036350	0.005733	-0.072551	-0.037048	-0.044017	-0.010516	-0.012409	-0.005094
SSx	30																																																																
		AHCY_20080229	AKR1C1_20080307	ALUsq(Eurogentec)_20080228	ARHGEF7_20080225	BIRC5_20080229	CAMTA1_20080307	CAMTA2_20080227	CD44_20080311	CDCA5_20080225	CDH5_20080305	CDKN3_20080311	CLSTN1_20080227	CPSG3_20080306	DDC_20080310	DPYSL3_20080226	ECEL1_20080225	ELAVL4_20080310	EPB41L3_20080228	EPHA5_20080305	EPN2_20080304	FYN_20080311	GNB1_20080228	HIVEP2_20080304	HMBS_20080318	HPRT1_20080303	IGSF4_20080311	INPP1_20080303	MAP2K4_20080306	MAP7_20080229	MAPT_20080229	MCM2_20080306	MRPL3_20080222	MTSS1_20080227	MYCN(4)_20080222	NHLH2_20080222	NM23A_20080306	NRCAM_20080228	NTRK1_20080318	ODC1_20080226	PAICS_20080311	PDE4DIP_20080305	PIK3R1_20080306	PLAGL1_20080226	PLAT_20080311	PMP22_20080227	PRAME_20080310	PRDM2_20080306	PRKACB_20080311_bis	PRKCZ_20080307	PTN_20080227	PTPRF_20080225	PTPRH_20080228	PTPRN2_20080303	QPCT_20080228	SCG2_20080311	SDHA(1)_20080220	SLC25A5_20080229	SLC6A8_20080306	SNAPC1_20080227	TNFRSF_20080307	TYMS_20080305	UBC(2)_20080220	ULK2_20080229	WSB1_20080310
	slope = bias	1.021537	1.065626	0.378378	1.027404	1.082427	1.104718	1.057088	1.071220	1.035781	1.063288	1.098456	1.025993	1.020573	1.025233	1.056056	1.029004	1.054488	1.031625	1.052432	1.024415	1.041820	1.053263	1.035871	1.034451	1.018343	1.022857	1.019472	1.053527	0.998952	1.008600	1.084882	1.063468	1.072171	0.999003	1.034814	0.989106	1.053627	1.091340	1.068380	1.057581	1.040090	1.026026	1.064007	1.044229	1.093755	1.042248	1.030301	1.030127	1.033297	1.030538	1.027711	1.061561	1.050385	1.048840	1.038742	1.018283	1.005324	1.028384	1.053295	1.026317	1.102053	1.072199	1.011624	1.047017
	correlation = R	0.998346	0.999675	0.815841	0.999025	0.994606	0.998315	0.999467	0.996914	0.999186	0.998863	0.999057	0.997987	0.999435	0.999541	0.999546	0.999846	0.999794	0.998252	0.998911	0.999127	0.999085	0.999012	0.998927	0.999622	0.998434	0.999560	0.999303	0.998525	0.999210	0.998632	0.996748	0.999462	0.999563	0.998869	0.999420	0.995603	0.999253	0.999135	0.998996	0.998673	0.997912	0.999487	0.999005	0.998830	0.998355	0.999023	0.993239	0.998849	0.999765	0.999051	0.999182	0.999404	0.999506	0.999432	0.999600	0.998759	0.998762	0.999609	0.998730	0.998904	0.999092	0.999399	0.998803	0.999502
																																																																	
	Sres	0.089365	0.041258	0.407422	0.068976	0.171479	0.097539	0.052434	0.128146	0.063515	0.077107	0.072524	0.099039	0.052118	0.047216	0.048370	0.027462	0.032511	0.092784	0.074667	0.065053	0.067761	0.071182	0.072942	0.043231	0.086678	0.046090	0.057837	0.087028	0.060347	0.080219	0.133230	0.053024	0.048155	0.072243	0.053573	0.141365	0.061911	0.068995	0.072800	0.082857	0.102253	0.049964	0.072165	0.076811	0.095435	0.070031	0.182935	0.075156	0.034011	0.068243	0.063183	0.055723	0.050182	0.053745	0.044651	0.077148	0.076051	0.043699	0.080704	0.073051	0.071385	0.056489	0.075274	0.050204
	Sxx	30	30	30	30	30	30	30	30	30	30	30	30	30	30	30	30	30	30	30	30	30	30	30	30	30	30	30	30	30	30	30	30	30	30	30	30	30	30	30	30	30	30	30	30	30	30	30	30	30	30	30	30	30	30	30	30	30	30	30	30	30	30	30	30
	se of slope	0.016316	0.007533	0.074385	0.012593	0.031308	0.017808	0.009573	0.023396	0.011596	0.014078	0.013241	0.018082	0.009515	0.008620	0.008831	0.005014	0.005936	0.016940	0.013632	0.011877	0.012371	0.012996	0.013317	0.007893	0.015825	0.008415	0.010559	0.015889	0.011018	0.014646	0.024324	0.009681	0.008792	0.013190	0.009781	0.025810	0.011303	0.012597	0.013291	0.015128	0.018669	0.009122	0.013175	0.014024	0.017424	0.012786	0.033399	0.013722	0.006210	0.012459	0.011536	0.010174	0.009162	0.009812	0.008152	0.014085	0.013885	0.007978	0.014735	0.013337	0.013033	0.010313	0.013743	0.009166
expected slope	1																																																																
	t	1.320029	8.712266	8.356848	2.176101	2.632790	5.880399	5.963381	3.044075	3.085541	4.495600	7.435735	1.437506	2.162078	2.927191	6.347469	5.784627	9.179734	1.866866	3.846127	2.055696	3.380354	4.098460	2.693513	4.364808	1.159075	2.716287	1.844067	3.368815	0.095107	0.587163	3.489591	6.556039	8.208896	0.075626	3.559332	0.422079	4.744360	7.251042	5.144641	3.806348	2.147444	2.853013	4.858070	3.153884	5.380817	3.304307	0.907240	2.195597	5.362204	2.451007	2.402191	6.051108	5.499443	4.977441	4.752383	1.298059	0.383469	3.557639	3.617000	1.973173	7.830259	7.000507	0.845768	5.129515
	p (slope = 1)	2.0960e-01	8.6850e-07	1.3824e-06	4.8581e-02	2.0677e-02	5.4076e-05	4.7197e-05	9.4066e-03	8.6852e-03	6.0212e-04	4.9339e-06	1.7421e-01	4.9844e-02	1.1777e-02	2.5458e-05	6.3346e-05	4.8111e-07	8.4632e-02	2.0223e-03	6.0472e-02	4.9248e-03	1.2568e-03	1.8420e-02	7.6577e-04	2.6727e-01	1.7637e-02	8.8078e-02	5.0352e-03	9.2568e-01	5.6715e-01	3.9930e-03	1.8363e-05	1.6844e-06	9.4087e-01	3.4934e-03	6.7986e-01	3.8330e-04	6.4477e-06	1.8843e-04	2.1809e-03	5.1195e-02	1.3578e-02	3.1261e-04	7.6145e-03	1.2519e-04	5.7003e-03	3.8079e-01	4.6875e-02	1.2925e-04	2.9158e-02	3.1954e-02	4.0916e-05	1.0224e-04	2.5284e-04	3.7781e-04	2.1683e-01	7.0757e-01	3.5048e-03	3.1285e-03	7.0123e-02	2.8257e-06	9.3341e-06	4.1298e-01	1.9348e-04
																																																																	
	Derivation from regression																																																																
	is independent of scaling																																																																
	ncount	15	15	15	15	15	15	15	15	15	15	15	15	15	15	15	15	15	15	15	15	15	15	15	15	15	15	15	15	15	15	15	15	15	15	15	15	15	15	15	15	15	15	15	15	15	15	15	15	15	15	15	15	15	15	15	15	15	15	15	15	15	15	15	15
	ngroups	5	5	5	5	5	5	5	5	5	5	5	5	5	5	5	5	5	5	5	5	5	5	5	5	5	5	5	5	5	5	5	5	5	5	5	5	5	5	5	5	5	5	5	5	5	5	5	5	5	5	5	5	5	5	5	5	5	5	5	5	5	5	5	5
																																																																	
	var	2.243569	2.434923	0.460929	2.266331	2.537977	2.623983	2.397059	2.474203	2.302693	2.428193	2.590468	2.264812	2.234456	2.254435	2.392002	2.269661	2.383722	2.288528	2.378631	2.252701	2.330097	2.381912	2.304286	2.294784	2.229166	2.243909	2.230229	2.385432	2.141750	2.185846	2.538558	2.426103	2.465477	2.143431	2.297323	2.114981	2.382408	2.556611	2.450853	2.403110	2.327825	2.258165	2.430788	2.342082	2.571958	2.332301	2.305762	2.279163	2.289009	2.280057	2.266970	2.417696	2.366573	2.359967	2.313962	2.227457	2.171107	2.268001	2.383398	2.262082	2.607276	2.466416	2.198223	2.351438
	SStotal	31.409969	34.088922	6.453005	31.728640	35.531683	36.735759	33.558823	34.638842	32.237702	33.994703	36.266550	31.707363	31.282389	31.562091	33.488029	31.775257	33.372112	32.039392	33.300840	31.537819	32.621359	33.346771	32.260001	32.126972	31.208322	31.414728	31.223202	33.396046	29.984503	30.601848	35.539818	33.965446	34.516678	30.008029	32.162526	29.609731	33.353708	35.792552	34.311943	33.643546	32.589551	31.614310	34.031030	32.789152	36.007414	32.652212	32.280665	31.908278	32.046120	31.920792	31.737576	33.847747	33.132020	33.039539	32.395464	31.184402	30.395505	31.752012	33.367574	31.669147	36.501866	34.529831	30.775126	32.920127
																																																																	
	variance per concentration	0.040932	0.003205	0.010703	0.022517	0.176699	0.019797	0.004465	0.095796	0.020370	0.017508	0.024671	0.060820	0.012275	0.001813	0.005681	0.000877	0.000236	0.047043	0.023794	0.001091	0.017800	0.012670	0.016109	0.008212	0.032843	0.003587	0.001107	0.040672	0.009113	0.034002	0.084289	0.009379	0.006669	0.004146	0.002304	0.074530	0.013055	0.019062	0.020616	0.026186	0.055316	0.010931	0.029571	0.001898	0.021523	0.010627	0.186716	0.017355	0.001651	0.023661	0.010381	0.006761	0.007913	0.005593	0.002274	0.033227	0.014951	0.007099	0.030299	0.030180	0.010377	0.001665	0.023185	0.000984
		0.002989	0.002449	0.543494	0.002642	0.003444	0.027175	0.006584	0.002596	0.001235	0.004048	0.001490	0.000030	0.000350	0.002571	0.001809	0.000717	0.001458	0.000832	0.002800	0.002797	0.003883	0.001979	0.004407	0.000362	0.003529	0.002191	0.003610	0.001133	0.004410	0.001944	0.008140	0.004345	0.003358	0.000233	0.007881	0.001411	0.001880	0.002826	0.002306	0.005756	0.000780	0.000893	0.000013	0.004179	0.025907	0.001740	0.001034	0.001334	0.000496	0.000504	0.009797	0.002408	0.000576	0.005406	0.000619	0.001369	0.001229	0.000040	0.000398	0.001250	0.001257	0.001724	0.004661	0.002004
		0.000318	0.002949	0.089564	0.000469	0.001088	0.008203	0.000455	0.000468	0.000979	0.000422	0.002907	0.001301	0.000404	0.000161	0.002995	0.000437	0.001748	0.000367	0.001978	0.003283	0.004649	0.001305	0.000508	0.001153	0.000055	0.000423	0.000445	0.001877	0.000306	0.000026	0.003618	0.000037	0.000374	0.001800	0.000051	0.000125	0.001000	0.003281	0.000029	0.000063	0.000399	0.000650	0.001116	0.001952	0.004552	0.001727	0.004154	0.000689	0.001094	0.000336	0.000886	0.000721	0.000394	0.000017	0.000511	0.000978	0.001076	0.000151	0.000415	0.000649	0.003609	0.000738	0.003375	0.000964
		0.000344	0.000287	0.028628	0.000577	0.000293	0.000927	0.000377	0.000024	0.000177	0.000490	0.000101	0.000379	0.000177	0.000098	0.001494	0.000123	0.000148	0.004341	0.000066	0.005248	0.000340	0.000307	0.002843	0.000773	0.000316	0.000153	0.000640	0.000270	0.000076	0.000714	0.000701	0.000541	0.001871	0.000022	0.000185	0.000665	0.002307	0.000797	0.000709	0.000542	0.000457	0.000108	0.000440	0.000337	0.001017	0.000088	0.000235	0.001182	0.000040	0.000334	0.000437	0.000857	0.000711	0.000818	0.001412	0.000144	0.000415	0.000054	0.000910	0.000221	0.003362	0.000461	0.001357	0.000121
		0.002252	0.000783	0.000564	0.001437	0.003028	0.000775	0.000605	0.000005	0.002670	0.001968	0.000416	0.000611	0.000098	0.001486	0.000100	0.001291	0.000070	0.000778	0.002265	0.000297	0.000051	0.003432	0.001919	0.000412	0.000334	0.000596	0.002474	0.000644	0.000725	0.004139	0.000118	0.000874	0.000133	0.000164	0.001780	0.001956	0.001380	0.000272	0.000073	0.000097	0.003071	0.000672	0.000673	0.000050	0.000622	0.001329	0.001035	0.001161	0.000797	0.000929	0.000748	0.001052	0.001315	0.001381	0.001818	0.000705	0.002537	0.000384	0.005771	0.001005	0.001424	0.000761	0.001014	0.000193
	SS per concentration	0.081863	0.006410	0.021407	0.045034	0.353397	0.039594	0.008930	0.191591	0.040739	0.035016	0.049343	0.121640	0.024550	0.003625	0.011363	0.001755	0.000473	0.094086	0.047588	0.002181	0.035600	0.025341	0.032219	0.016423	0.065686	0.007174	0.002214	0.081344	0.018226	0.068005	0.168577	0.018758	0.013339	0.008291	0.004608	0.149059	0.026110	0.038123	0.041232	0.052371	0.110632	0.021861	0.059141	0.003797	0.043046	0.021254	0.373432	0.034711	0.003301	0.047323	0.020762	0.013523	0.015826	0.011186	0.004547	0.066454	0.029903	0.014197	0.060598	0.060361	0.020754	0.003330	0.046370	0.001968
		0.005978	0.004897	1.086988	0.005284	0.006888	0.054350	0.013167	0.005191	0.002470	0.008095	0.002980	0.000060	0.000701	0.005142	0.003619	0.001434	0.002915	0.001663	0.005601	0.005594	0.007766	0.003957	0.008815	0.000723	0.007058	0.004382	0.007220	0.002266	0.008821	0.003888	0.016280	0.008690	0.006715	0.000466	0.015761	0.002822	0.003760	0.005651	0.004611	0.011512	0.001561	0.001785	0.000025	0.008358	0.051814	0.003480	0.002067	0.002668	0.000992	0.001007	0.019594	0.004817	0.001151	0.010812	0.001238	0.002739	0.002459	0.000079	0.000795	0.002501	0.002513	0.003448	0.009322	0.004007
		0.000636	0.005898	0.179128	0.000938	0.002177	0.016405	0.000910	0.000935	0.001957	0.000845	0.005815	0.002601	0.000809	0.000323	0.005989	0.000873	0.003496	0.000733	0.003956	0.006566	0.009299	0.002609	0.001016	0.002306	0.000110	0.000847	0.000890	0.003755	0.000613	0.000051	0.007236	0.000074	0.000749	0.003599	0.000102	0.000251	0.002000	0.006563	0.000057	0.000126	0.000798	0.001300	0.002232	0.003903	0.009105	0.003453	0.008309	0.001379	0.002188	0.000672	0.001771	0.001442	0.000789	0.000034	0.001022	0.001955	0.002152	0.000301	0.000831	0.001299	0.007218	0.001476	0.006750	0.001927
		0.000688	0.000575	0.057256	0.001154	0.000585	0.001855	0.000753	0.000047	0.000355	0.000981	0.000201	0.000757	0.000353	0.000196	0.002987	0.000245	0.000296	0.008683	0.000132	0.010496	0.000681	0.000614	0.005686	0.001547	0.000633	0.000306	0.001279	0.000539	0.000151	0.001428	0.001402	0.001081	0.003742	0.000044	0.000370	0.001331	0.004614	0.001593	0.001417	0.001084	0.000914	0.000215	0.000881	0.000675	0.002034	0.000177	0.000470	0.002363	0.000080	0.000668	0.000875	0.001713	0.001422	0.001637	0.002824	0.000289	0.000829	0.000109	0.001819	0.000441	0.006725	0.000921	0.002714	0.000241
		0.004505	0.001566	0.001127	0.002874	0.006055	0.001550	0.001211	0.000009	0.005340	0.003935	0.000832	0.001222	0.000196	0.002972	0.000200	0.002582	0.000140	0.001555	0.004530	0.000595	0.000102	0.006863	0.003838	0.000825	0.000669	0.001193	0.004949	0.001288	0.001450	0.008277	0.000237	0.001748	0.000266	0.000328	0.003560	0.003912	0.002760	0.000543	0.000146	0.000194	0.006142	0.001343	0.001346	0.000100	0.001244	0.002659	0.002069	0.002323	0.001594	0.001857	0.001495	0.002105	0.002631	0.002761	0.003635	0.001410	0.005074	0.000768	0.011542	0.002010	0.002848	0.001522	0.002028	0.000386
	SSwithin	0.093670	0.019346	1.345906	0.055285	0.369102	0.113754	0.024971	0.197775	0.050862	0.048872	0.059170	0.126281	0.026608	0.012257	0.024158	0.006889	0.007320	0.106721	0.061806	0.025432	0.053447	0.039384	0.051573	0.021824	0.074156	0.013902	0.016552	0.089192	0.029260	0.081650	0.193733	0.030350	0.024810	0.012728	0.024401	0.157375	0.039245	0.052474	0.047464	0.065288	0.120047	0.026505	0.063624	0.016833	0.107243	0.031023	0.386347	0.043444	0.008156	0.051527	0.044498	0.023600	0.021819	0.026430	0.013267	0.072847	0.040417	0.015455	0.075584	0.066611	0.040058	0.010697	0.067185	0.008530
	SSbetween	31.316300	34.069576	5.107098	31.673354	35.162581	36.622005	33.533852	34.441067	32.186840	33.945831	36.207380	31.581081	31.255781	31.549834	33.463871	31.768368	33.364793	31.932672	33.239034	31.512386	32.567912	33.307386	32.208428	32.105148	31.134166	31.400826	31.206650	33.306855	29.955243	30.520198	35.346085	33.935096	34.491867	29.995301	32.138125	29.452356	33.314462	35.740079	34.264480	33.578258	32.469504	31.587805	33.967405	32.772319	35.900171	32.621189	31.894318	31.864833	32.037964	31.869265	31.693078	33.824147	33.110201	33.013109	32.382197	31.111556	30.355088	31.736557	33.291990	31.602536	36.461808	34.519134	30.707942	32.911597
																																																																	
	stexy	0.089365	0.041258	0.407422	0.068976	0.171479	0.097539	0.052434	0.128146	0.063515	0.077107	0.072524	0.099039	0.052118	0.047216	0.048370	0.027462	0.032511	0.092784	0.074667	0.065053	0.067761	0.071182	0.072942	0.043231	0.086678	0.046090	0.057837	0.087028	0.060347	0.080219	0.133230	0.053024	0.048155	0.072243	0.053573	0.141365	0.061911	0.068995	0.072800	0.082857	0.102253	0.049964	0.072165	0.076811	0.095435	0.070031	0.182935	0.075156	0.034011	0.068243	0.063183	0.055723	0.050182	0.053745	0.044651	0.077148	0.076051	0.043699	0.080704	0.073051	0.071385	0.056489	0.075274	0.050204
	SSres	0.103819	0.022129	2.157904	0.061851	0.382267	0.123679	0.035742	0.213480	0.052445	0.077290	0.068376	0.127514	0.035312	0.028981	0.030416	0.009804	0.013741	0.111915	0.072477	0.055014	0.059691	0.065869	0.069168	0.024296	0.097671	0.027616	0.043486	0.098460	0.047343	0.083656	0.230752	0.036550	0.030146	0.067848	0.037311	0.259792	0.049828	0.061885	0.068898	0.089248	0.135924	0.032453	0.067701	0.076700	0.118402	0.063757	0.435050	0.073429	0.015038	0.060542	0.051897	0.040366	0.032737	0.037550	0.025918	0.077373	0.075188	0.024824	0.084672	0.069374	0.066247	0.041483	0.073661	0.032766
	SSregression	31.306150	34.066794	4.295101	31.666789	35.149416	36.612080	33.523081	34.425363	32.185257	33.917412	36.198174	31.579849	31.247078	31.533110	33.457613	31.765452	33.358371	31.927478	33.228363	31.482805	32.561668	33.280902	32.190834	32.102676	31.110651	31.387112	31.179716	33.297587	29.937161	30.518192	35.309066	33.928896	34.486532	29.940181	32.125215	29.349939	33.303880	35.730668	34.243045	33.554298	32.453627	31.581856	33.963329	32.712452	35.889012	32.588455	31.845615	31.834848	32.031082	31.860251	31.685679	33.807381	33.099283	33.001988	32.369546	31.107030	30.320317	31.727188	33.282902	31.599773	36.435620	34.488347	30.701465	32.887361
	SSderivation	0.010150	0.002783	0.811998	0.006566	0.013164	0.009925	0.010771	0.015705	0.001583	0.028418	0.009206	0.001233	0.008703	0.016724	0.006258	0.002915	0.006421	0.005194	0.010671	0.029582	0.006244	0.026484	0.017594	0.002473	0.023515	0.013714	0.026934	0.009268	0.018083	0.002006	0.037020	0.006200	0.005335	0.055121	0.012910	0.102418	0.010583	0.009411	0.021434	0.023960	0.015877	0.005948	0.004076	0.059867	0.011159	0.032733	0.048703	0.029985	0.006882	0.009015	0.007400	0.016766	0.010918	0.011120	0.012651	0.004526	0.034771	0.009369	0.009087	0.002763	0.026189	0.030787	0.006476	0.024236
																																																																	
16		SS	SS	SS	SS	SS	SS	SS	SS	SS	SS	SS	SS	SS	SS	SS	SS	SS	SS	SS	SS	SS	SS	SS	SS	SS	SS	SS	SS	SS	SS	SS	SS	SS	SS	SS	SS	SS	SS	SS	SS	SS	SS	SS	SS	SS	SS	SS	SS	SS	SS	SS	SS	SS	SS	SS	SS	SS	SS	SS	SS	SS	SS	SS	SS
	between	31.316300	34.069576	5.107098	31.673354	35.162581	36.622005	33.533852	34.441067	32.186840	33.945831	36.207380	31.581081	31.255781	31.549834	33.463871	31.768368	33.364793	31.932672	33.239034	31.512386	32.567912	33.307386	32.208428	32.105148	31.134166	31.400826	31.206650	33.306855	29.955243	30.520198	35.346085	33.935096	34.491867	29.995301	32.138125	29.452356	33.314462	35.740079	34.264480	33.578258	32.469504	31.587805	33.967405	32.772319	35.900171	32.621189	31.894318	31.864833	32.037964	31.869265	31.693078	33.824147	33.110201	33.013109	32.382197	31.111556	30.355088	31.736557	33.291990	31.602536	36.461808	34.519134	30.707942	32.911597
	regression	31.306150	34.066794	4.295101	31.666789	35.149416	36.612080	33.523081	34.425363	32.185257	33.917412	36.198174	31.579849	31.247078	31.533110	33.457613	31.765452	33.358371	31.927478	33.228363	31.482805	32.561668	33.280902	32.190834	32.102676	31.110651	31.387112	31.179716	33.297587	29.937161	30.518192	35.309066	33.928896	34.486532	29.940181	32.125215	29.349939	33.303880	35.730668	34.243045	33.554298	32.453627	31.581856	33.963329	32.712452	35.889012	32.588455	31.845615	31.834848	32.031082	31.860251	31.685679	33.807381	33.099283	33.001988	32.369546	31.107030	30.320317	31.727188	33.282902	31.599773	36.435620	34.488347	30.701465	32.887361
	derivation	0.010150	0.002783	0.811998	0.006566	0.013164	0.009925	0.010771	0.015705	0.001583	0.028418	0.009206	0.001233	0.008703	0.016724	0.006258	0.002915	0.006421	0.005194	0.010671	0.029582	0.006244	0.026484	0.017594	0.002473	0.023515	0.013714	0.026934	0.009268	0.018083	0.002006	0.037020	0.006200	0.005335	0.055121	0.012910	0.102418	0.010583	0.009411	0.021434	0.023960	0.015877	0.005948	0.004076	0.059867	0.011159	0.032733	0.048703	0.029985	0.006882	0.009015	0.007400	0.016766	0.010918	0.011120	0.012651	0.004526	0.034771	0.009369	0.009087	0.002763	0.026189	0.030787	0.006476	0.024236
	within	0.093670	0.019346	1.345906	0.055285	0.369102	0.113754	0.024971	0.197775	0.050862	0.048872	0.059170	0.126281	0.026608	0.012257	0.024158	0.006889	0.007320	0.106721	0.061806	0.025432	0.053447	0.039384	0.051573	0.021824	0.074156	0.013902	0.016552	0.089192	0.029260	0.081650	0.193733	0.030350	0.024810	0.012728	0.024401	0.157375	0.039245	0.052474	0.047464	0.065288	0.120047	0.026505	0.063624	0.016833	0.107243	0.031023	0.386347	0.043444	0.008156	0.051527	0.044498	0.023600	0.021819	0.026430	0.013267	0.072847	0.040417	0.015455	0.075584	0.066611	0.040058	0.010697	0.067185	0.008530
																																																																	
		df	df	df	df	df	df	df	df	df	df	df	df	df	df	df	df	df	df	df	df	df	df	df	df	df	df	df	df	df	df	df	df	df	df	df	df	df	df	df	df	df	df	df	df	df	df	df	df	df	df	df	df	df	df	df	df	df	df	df	df	df	df	df	df
	between	4	4	4	4	4	4	4	4	4	4	4	4	4	4	4	4	4	4	4	4	4	4	4	4	4	4	4	4	4	4	4	4	4	4	4	4	4	4	4	4	4	4	4	4	4	4	4	4	4	4	4	4	4	4	4	4	4	4	4	4	4	4	4	4
	regression	1	1	1	1	1	1	1	1	1	1	1	1	1	1	1	1	1	1	1	1	1	1	1	1	1	1	1	1	1	1	1	1	1	1	1	1	1	1	1	1	1	1	1	1	1	1	1	1	1	1	1	1	1	1	1	1	1	1	1	1	1	1	1	1
	derivation	3	3	3	3	3	3	3	3	3	3	3	3	3	3	3	3	3	3	3	3	3	3	3	3	3	3	3	3	3	3	3	3	3	3	3	3	3	3	3	3	3	3	3	3	3	3	3	3	3	3	3	3	3	3	3	3	3	3	3	3	3	3	3	3
	within	10	10	10	10	10	10	10	10	10	10	10	10	10	10	10	10	10	10	10	10	10	10	10	10	10	10	10	10	10	10	10	10	10	10	10	10	10	10	10	10	10	10	10	10	10	10	10	10	10	10	10	10	10	10	10	10	10	10	10	10	10	10	10	10
																																																																	
		MS	MS	MS	MS	MS	MS	MS	MS	MS	MS	MS	MS	MS	MS	MS	MS	MS	MS	MS	MS	MS	MS	MS	MS	MS	MS	MS	MS	MS	MS	MS	MS	MS	MS	MS	MS	MS	MS	MS	MS	MS	MS	MS	MS	MS	MS	MS	MS	MS	MS	MS	MS	MS	MS	MS	MS	MS	MS	MS	MS	MS	MS	MS	MS
	between	7.829075	8.517394	1.276775	7.918339	8.790645	9.155501	8.383463	8.610267	8.046710	8.486458	9.051845	7.895270	7.813945	7.887459	8.365968	7.942092	8.341198	7.983168	8.309758	7.878097	8.141978	8.326847	8.052107	8.026287	7.783542	7.850206	7.801662	8.326714	7.488811	7.630050	8.836521	8.483774	8.622967	7.498825	8.034531	7.363089	8.328616	8.935020	8.566120	8.394565	8.117376	7.896951	8.491851	8.193080	8.975043	8.155297	7.973579	7.966208	8.009491	7.967316	7.923270	8.456037	8.277550	8.253277	8.095549	7.777889	7.588772	7.934139	8.322997	7.900634	9.115452	8.629784	7.676985	8.227899
	regression	31.306150	34.066794	4.295101	31.666789	35.149416	36.612080	33.523081	34.425363	32.185257	33.917412	36.198174	31.579849	31.247078	31.533110	33.457613	31.765452	33.358371	31.927478	33.228363	31.482805	32.561668	33.280902	32.190834	32.102676	31.110651	31.387112	31.179716	33.297587	29.937161	30.518192	35.309066	33.928896	34.486532	29.940181	32.125215	29.349939	33.303880	35.730668	34.243045	33.554298	32.453627	31.581856	33.963329	32.712452	35.889012	32.588455	31.845615	31.834848	32.031082	31.860251	31.685679	33.807381	33.099283	33.001988	32.369546	31.107030	30.320317	31.727188	33.282902	31.599773	36.435620	34.488347	30.701465	32.887361
	Linearity: MS derivation	0.003383	0.000928	0.270666	0.002189	0.004388	0.003308	0.003590	0.005235	0.000528	0.009473	0.003069	0.000411	0.002901	0.005575	0.002086	0.000972	0.002140	0.001731	0.003557	0.009861	0.002081	0.008828	0.005865	0.000824	0.007838	0.004571	0.008978	0.003089	0.006028	0.000669	0.012340	0.002067	0.001778	0.018374	0.004303	0.034139	0.003528	0.003137	0.007145	0.007987	0.005292	0.001983	0.001359	0.019956	0.003720	0.010911	0.016234	0.009995	0.002294	0.003005	0.002467	0.005589	0.003639	0.003707	0.004217	0.001509	0.011590	0.003123	0.003029	0.000921	0.008730	0.010262	0.002159	0.008079
	Reproducibility: MS within	0.009367	0.001935	0.134591	0.005529	0.036910	0.011375	0.002497	0.019777	0.005086	0.004887	0.005917	0.012628	0.002661	0.001226	0.002416	0.000689	0.000732	0.010672	0.006181	0.002543	0.005345	0.003938	0.005157	0.002182	0.007416	0.001390	0.001655	0.008919	0.002926	0.008165	0.019373	0.003035	0.002481	0.001273	0.002440	0.015737	0.003925	0.005247	0.004746	0.006529	0.012005	0.002650	0.006362	0.001683	0.010724	0.003102	0.038635	0.004344	0.000816	0.005153	0.004450	0.002360	0.002182	0.002643	0.001327	0.007285	0.004042	0.001545	0.007558	0.006661	0.004006	0.001070	0.006718	0.000853
